Gender,Married,Dependents,Education,Self_Employed,ApplicantIncome,CoapplicantIncome,LoanAmount,Loan_Amount_Term,Credit_History,Property_Area,Loan_Status
Male,Yes,0,Graduate,No,100696,48540,329,180,1,Urban,Y
Male,Yes,1,Graduate,No,103924,35713,264,240,1,Rural,Y
Male,No,0,Graduate,No,40221,12509,222,180,1,Urban,Y
Female,Yes,2,Graduate,No,61615,5164,332,240,1,Rural,Y
Female,Yes,2,Graduate,No,49930,5229,169,360,1,Semiurban,Y
Female,Yes,1,Graduate,No,101593,42469,86,360,1,Semiurban,Y
Male,Yes,0,Not Graduate,No,40785,44866,216,360,1,Urban,Y
Male,No,1,Graduate,No,86341,14358,211,240,1,Rural,Y
Female,Yes,0,Graduate,No,109912,38311,269,360,1,Urban,Y
Male,Yes,0,Graduate,Yes,94240,10484,266,360,1,Semiurban,Y
Female,Yes,3,Not Graduate,Yes,106466,7507,324,360,1,Urban,Y
Female,Yes,1,Not Graduate,No,46522,32806,141,360,1,Semiurban,Y
Male,Yes,2,Graduate,No,81514,37,215,300,1,Urban,Y
Female,Yes,0,Graduate,Yes,107932,31849,85,480,1,Urban,Y
Female,No,0,Graduate,No,39760,8835,152,360,1,Semiurban,Y
Female,Yes,1,Graduate,No,56313,1378,333,240,1,Urban,Y
Male,Yes,3,Not Graduate,Yes,43195,18250,298,240,1,Rural,Y
Female,Yes,1,Graduate,Yes,98374,28249,231,300,1,Semiurban,Y
Male,Yes,2,Not Graduate,Yes,37112,12465,324,300,1,Urban,Y
Male,No,0,Not Graduate,No,24833,828,326,360,0,Rural,N
Male,Yes,1,Graduate,No,19685,10789,244,120,1,Rural,Y
Female,Yes,2,Graduate,No,98752,47081,299,240,1,Rural,Y
Male,No,0,Graduate,No,81615,2579,79,480,1,Urban,Y
Male,Yes,0,Graduate,No,44271,37940,70,360,1,Semiurban,Y
Female,No,0,Graduate,No,63876,2144,203,300,0,Rural,N
Male,Yes,3,Not Graduate,Yes,39938,33153,185,180,1,Urban,Y
Male,Yes,0,Not Graduate,No,92173,52894,320,120,0,Urban,N
Male,No,0,Graduate,Yes,84512,2546,189,240,1,Urban,Y
Female,Yes,0,Not Graduate,Yes,95136,27759,191,120,1,Urban,Y
Female,Yes,1,Graduate,No,26663,4931,126,360,0,Semiurban,N
Male,Yes,0,Graduate,No,17229,58911,233,240,1,Urban,Y
Female,No,2,Not Graduate,No,33299,13105,140,360,1,Semiurban,Y
Female,No,1,Graduate,No,44527,4371,131,360,1,Rural,Y
Female,Yes,2,Graduate,No,116247,57103,166,240,1,Urban,Y
Female,No,3,Graduate,No,64386,11133,324,300,1,Rural,Y
Female,Yes,3,Graduate,Yes,68959,22654,210,300,0,Urban,N
Male,Yes,2,Graduate,No,82575,45013,150,300,1,Semiurban,Y
Female,Yes,2,Graduate,No,78469,20269,259,300,1,Semiurban,Y
Male,Yes,3,Graduate,No,92676,37296,204,300,0,Urban,N
Male,Yes,1,Graduate,No,69954,44277,159,360,1,Rural,Y
Male,Yes,0,Graduate,No,24240,53636,170,360,1,Urban,Y
Male,Yes,3,Graduate,No,71692,27160,344,240,1,Semiurban,Y
Male,Yes,2,Not Graduate,No,25970,51014,267,240,0,Semiurban,N
Female,Yes,0,Not Graduate,No,117043,30450,321,480,1,Rural,Y
Female,Yes,2,Graduate,No,83810,29223,131,360,1,Urban,Y
Male,No,0,Not Graduate,No,43358,4499,275,180,1,Urban,Y
Female,No,0,Graduate,No,32028,11573,159,180,1,Semiurban,Y
Female,Yes,2,Graduate,No,103163,1280,344,300,1,Urban,Y
Female,No,3,Graduate,No,83582,13105,162,300,1,Semiurban,Y
Female,Yes,2,Graduate,No,73261,8364,323,120,1,Semiurban,Y
Male,Yes,1,Not Graduate,No,46099,24844,217,240,1,Rural,Y
Female,Yes,3,Graduate,No,73644,1270,326,180,0,Urban,N
Male,No,2,Not Graduate,No,38130,13749,60,360,1,Semiurban,Y
Male,Yes,0,Graduate,No,33992,39707,108,360,1,Urban,Y
Male,No,1,Not Graduate,No,105718,3249,88,360,0,Urban,N
Female,No,1,Graduate,No,114581,672,227,360,1,Urban,Y
Female,Yes,1,Graduate,No,59472,41653,285,360,1,Semiurban,Y
Female,Yes,3,Not Graduate,No,107817,38828,187,300,1,Rural,Y
Female,No,0,Graduate,No,61674,5511,64,300,1,Semiurban,Y
Female,No,0,Not Graduate,No,48211,9106,55,360,1,Urban,Y
Female,Yes,2,Graduate,No,76332,29371,58,180,1,Semiurban,Y
Female,Yes,1,Graduate,No,109771,36070,219,300,1,Urban,Y
Male,Yes,0,Graduate,No,111901,45230,144,240,1,Urban,Y
Female,No,2,Graduate,No,51618,231,323,180,1,Urban,Y
Female,Yes,0,Not Graduate,No,13607,37621,195,300,1,Urban,Y
Male,Yes,3,Graduate,Yes,76454,4855,345,360,1,Urban,Y
Female,Yes,0,Graduate,No,90135,51821,165,360,1,Rural,Y
Female,No,3,Graduate,No,91905,12125,100,480,1,Urban,Y
Male,Yes,0,Graduate,Yes,71048,45178,290,240,1,Semiurban,Y
Female,Yes,0,Graduate,No,89304,43331,151,300,1,Semiurban,Y
Female,No,0,Graduate,No,110167,13504,341,480,1,Semiurban,Y
Female,Yes,3,Graduate,No,22543,39192,70,360,1,Semiurban,Y
Male,Yes,3,Not Graduate,No,14719,50119,187,360,1,Urban,Y
Female,No,0,Graduate,No,76451,1494,290,300,1,Semiurban,Y
Male,Yes,2,Graduate,No,118635,49840,331,120,1,Urban,Y
Male,No,1,Graduate,No,98200,14243,327,300,1,Semiurban,Y
Female,Yes,2,Graduate,No,49752,28712,298,180,0,Semiurban,N
Male,No,0,Graduate,No,41451,13785,108,300,1,Rural,Y
Female,No,0,Graduate,No,75242,7736,174,300,1,Urban,Y
Male,No,0,Not Graduate,No,115247,8318,186,360,1,Urban,Y
Female,No,1,Graduate,No,111991,8903,243,300,1,Urban,Y
Male,Yes,0,Not Graduate,Yes,109609,30996,245,300,1,Rural,Y
Male,Yes,0,Graduate,No,25154,57290,275,180,0,Urban,N
Male,Yes,2,Graduate,No,46737,22187,253,360,0,Rural,N
Female,No,1,Not Graduate,No,82912,588,85,240,1,Urban,Y
Male,No,1,Graduate,No,25173,7269,135,360,0,Urban,N
Male,Yes,1,Graduate,No,86177,44682,142,240,1,Rural,Y
Male,Yes,1,Graduate,No,72236,16733,54,360,1,Urban,Y
Male,Yes,3,Not Graduate,No,67615,45240,178,300,1,Rural,Y
Female,Yes,1,Graduate,No,103655,19348,61,480,1,Urban,Y
Male,No,2,Not Graduate,No,113677,13088,167,360,1,Semiurban,Y
Female,Yes,2,Graduate,No,94345,6367,70,300,1,Semiurban,Y
Male,Yes,0,Graduate,No,29322,51544,326,360,1,Semiurban,Y
Female,No,0,Not Graduate,No,117708,4835,223,360,1,Urban,Y
Male,No,2,Not Graduate,No,117458,9131,237,180,1,Urban,Y
Male,Yes,2,Graduate,No,119795,41847,240,180,1,Urban,Y
Female,No,0,Graduate,No,103891,4951,259,180,1,Urban,Y
Female,Yes,0,Graduate,No,60629,43940,326,300,1,Urban,Y
Female,Yes,2,Graduate,No,48666,2144,239,240,1,Urban,Y
Female,Yes,2,Graduate,No,59012,3968,253,240,0,Rural,N
Female,Yes,0,Graduate,No,18629,51563,220,240,1,Semiurban,Y
Male,No,1,Graduate,No,42539,5383,125,360,1,Urban,Y
Male,No,1,Not Graduate,Yes,15379,2159,57,300,1,Semiurban,Y
Male,Yes,0,Graduate,No,109735,4165,293,300,1,Semiurban,Y
Female,Yes,3,Graduate,No,98363,34173,204,300,0,Urban,N
Female,No,1,Graduate,No,70138,1204,91,300,1,Urban,Y
Female,Yes,1,Graduate,No,68387,6499,108,360,1,Rural,Y
Male,Yes,3,Graduate,No,64262,27262,98,300,1,Urban,Y
Male,Yes,1,Graduate,Yes,68606,6328,240,360,1,Semiurban,Y
Female,Yes,1,Not Graduate,No,67435,56891,76,480,1,Urban,Y
Male,Yes,1,Not Graduate,No,84910,24088,108,360,1,Rural,Y
Male,Yes,2,Graduate,Yes,47818,46052,208,480,1,Urban,Y
Male,Yes,1,Graduate,No,16018,6013,321,240,1,Urban,Y
Female,Yes,0,Not Graduate,No,18895,10196,130,360,1,Urban,Y
Female,Yes,1,Graduate,No,110951,33577,108,300,1,Semiurban,Y
Female,Yes,0,Graduate,No,19180,503,154,300,1,Urban,Y
Female,Yes,0,Graduate,No,28932,24917,322,360,1,Rural,Y
Female,Yes,3,Graduate,Yes,22205,56499,210,360,1,Semiurban,Y
Female,Yes,1,Not Graduate,No,93018,30152,235,180,0,Urban,N
Female,Yes,1,Graduate,No,55655,51060,136,180,1,Semiurban,Y
Male,No,0,Graduate,No,118828,2419,170,180,1,Urban,Y
Male,No,2,Graduate,No,76764,7601,338,360,1,Rural,Y
Female,No,1,Graduate,Yes,69961,10344,205,360,1,Urban,Y
Male,Yes,1,Graduate,No,22057,42248,96,360,1,Semiurban,Y
Male,Yes,2,Graduate,No,74341,32857,127,480,1,Rural,Y
Female,No,0,Graduate,Yes,104749,7172,274,360,1,Urban,Y
Female,Yes,2,Graduate,Yes,94691,42421,221,180,1,Semiurban,Y
Female,Yes,3,Not Graduate,No,31709,21847,91,360,1,Urban,Y
Female,Yes,2,Graduate,No,96343,51882,218,360,1,Rural,Y
Male,Yes,1,Graduate,No,35627,14037,224,480,1,Urban,Y
Male,Yes,0,Not Graduate,No,82748,54730,319,120,1,Rural,Y
Male,Yes,0,Graduate,No,93885,53021,134,360,1,Urban,Y
Male,No,1,Not Graduate,No,42671,8749,172,300,0,Semiurban,N
Male,Yes,3,Not Graduate,No,48932,50995,245,360,1,Urban,Y
Male,No,0,Graduate,No,60655,9085,102,360,1,Urban,Y
Male,No,0,Not Graduate,Yes,69340,1502,163,360,0,Rural,N
Female,Yes,1,Graduate,No,61140,14715,64,300,1,Semiurban,Y
Female,No,0,Graduate,No,103235,13616,121,360,1,Semiurban,Y
Male,Yes,0,Graduate,No,91807,34588,266,180,1,Urban,Y
Male,Yes,1,Graduate,Yes,77513,39107,324,120,1,Urban,Y
Male,Yes,0,Graduate,No,36551,43540,93,360,1,Rural,Y
Male,Yes,1,Graduate,No,45246,48976,58,300,1,Urban,Y
Male,No,2,Graduate,Yes,83567,5546,139,360,1,Rural,Y
Female,Yes,2,Graduate,No,71988,2423,200,240,1,Rural,Y
Female,No,1,Not Graduate,No,45202,599,147,240,0,Urban,N
Female,Yes,2,Graduate,No,69637,58630,247,300,1,Semiurban,Y
Female,No,1,Not Graduate,No,22345,7055,142,360,1,Urban,Y
Female,Yes,1,Graduate,No,58077,29303,71,360,0,Semiurban,Y
Female,Yes,3,Not Graduate,Yes,95560,26621,236,360,1,Urban,Y
Male,Yes,1,Not Graduate,Yes,20812,15466,237,300,0,Urban,N
Male,Yes,3,Graduate,No,87225,9023,321,300,1,Urban,Y
Male,Yes,0,Graduate,No,27435,17155,183,360,1,Semiurban,Y
Female,Yes,0,Graduate,No,105502,29170,94,360,0,Rural,N
Female,No,1,Graduate,No,32644,11662,139,360,1,Urban,Y
Male,No,0,Graduate,No,87009,6044,289,360,1,Semiurban,Y
Male,Yes,1,Graduate,No,65843,50407,259,360,1,Rural,Y
Male,Yes,2,Graduate,No,114270,36130,350,240,0,Semiurban,N
Male,No,1,Graduate,No,104973,3694,227,480,1,Urban,Y
Male,Yes,1,Graduate,Yes,51691,40267,323,180,1,Semiurban,Y
Male,Yes,1,Not Graduate,No,85874,2699,64,180,0,Rural,N
Female,Yes,2,Graduate,No,77278,58261,329,240,0,Semiurban,N
Female,Yes,0,Graduate,No,75471,30437,154,300,1,Rural,Y
Female,No,3,Not Graduate,Yes,60567,8437,337,180,1,Urban,Y
Female,Yes,0,Graduate,No,92658,27402,177,480,0,Rural,N
Female,Yes,0,Not Graduate,No,52441,32595,61,180,1,Semiurban,Y
Male,Yes,1,Graduate,No,97755,44074,290,240,1,Urban,Y
Male,No,2,Not Graduate,No,64505,838,341,360,1,Urban,Y
Female,Yes,2,Graduate,No,101181,40045,110,180,1,Urban,Y
Female,Yes,1,Graduate,No,64610,32773,70,120,1,Urban,Y
Female,Yes,0,Not Graduate,Yes,92356,20875,133,300,1,Rural,Y
Female,Yes,1,Graduate,No,74245,53460,58,300,1,Rural,Y
Female,No,2,Graduate,Yes,74205,4350,346,360,1,Semiurban,Y
Male,Yes,2,Not Graduate,No,119696,44612,174,120,0,Urban,N
Male,Yes,1,Graduate,No,77774,50788,291,360,1,Urban,Y
Male,Yes,1,Not Graduate,No,61391,20562,138,300,1,Semiurban,Y
Female,Yes,0,Graduate,No,41473,19504,197,360,1,Semiurban,Y
Female,Yes,3,Not Graduate,No,27974,37583,328,300,0,Rural,N
Male,Yes,0,Graduate,No,69983,42989,181,360,1,Rural,Y
Female,No,2,Graduate,No,88917,3920,174,180,0,Urban,Y
Male,Yes,1,Graduate,Yes,113025,9009,52,480,0,Urban,N
Female,Yes,0,Not Graduate,No,96659,3877,95,360,1,Semiurban,Y
Male,No,0,Not Graduate,No,16763,13700,253,360,1,Semiurban,Y
Female,No,0,Graduate,Yes,55914,4662,282,480,1,Semiurban,Y
Male,No,1,Graduate,Yes,33298,11978,284,360,1,Urban,Y
Female,No,1,Not Graduate,No,95719,14697,257,360,1,Urban,Y
Male,Yes,0,Graduate,No,46181,25137,170,300,1,Urban,Y
Male,Yes,1,Graduate,No,73000,20106,131,300,1,Rural,Y
Female,Yes,1,Not Graduate,No,40947,14360,118,300,1,Rural,Y
Female,Yes,1,Graduate,No,99044,54106,161,360,1,Semiurban,Y
Male,Yes,1,Graduate,No,26707,4047,330,480,1,Semiurban,Y
Male,Yes,1,Graduate,No,88434,32035,96,360,1,Urban,Y
Male,Yes,1,Graduate,No,117764,20196,61,300,0,Semiurban,Y
Male,Yes,0,Graduate,No,21046,30937,66,240,1,Urban,Y
Female,Yes,3,Graduate,No,61479,24618,91,360,1,Semiurban,Y
Female,Yes,3,Graduate,Yes,41188,54710,51,360,0,Semiurban,N
Female,Yes,2,Graduate,No,48129,12352,107,120,1,Semiurban,Y
Male,Yes,0,Graduate,No,100083,46090,74,240,1,Semiurban,Y
Male,No,2,Graduate,No,42692,13365,344,300,1,Semiurban,Y
Female,Yes,3,Not Graduate,No,66206,19693,190,180,0,Rural,N
Male,Yes,1,Graduate,No,96320,43997,245,360,1,Semiurban,Y
Male,Yes,0,Graduate,No,41536,19709,123,360,0,Semiurban,N
Female,Yes,0,Graduate,No,96765,5181,280,360,1,Semiurban,Y
Male,Yes,1,Graduate,Yes,21539,12331,350,360,1,Semiurban,Y
Female,Yes,3,Graduate,No,109186,7688,295,480,1,Semiurban,Y
Female,No,1,Not Graduate,No,81946,10628,233,300,1,Rural,Y
Female,Yes,3,Graduate,No,38624,24294,210,300,1,Urban,Y
Male,Yes,1,Graduate,No,50691,9988,150,300,1,Rural,Y
Female,Yes,3,Graduate,No,76044,47419,301,300,1,Urban,Y
Male,No,1,Not Graduate,No,96123,962,318,120,0,Rural,N
Male,No,1,Not Graduate,No,104690,2474,54,240,1,Urban,Y
Female,Yes,0,Graduate,No,14192,34695,190,360,1,Semiurban,Y
Female,No,3,Graduate,Yes,31516,3948,148,360,1,Urban,Y
Female,Yes,3,Graduate,No,103388,14801,203,360,0,Semiurban,N
Male,Yes,1,Graduate,Yes,13238,46061,137,180,0,Semiurban,N
Female,Yes,3,Graduate,No,17577,15057,158,480,1,Semiurban,Y
Female,Yes,0,Not Graduate,No,85860,43129,66,240,0,Urban,N
Male,Yes,2,Graduate,No,22084,19613,133,360,1,Rural,Y
Female,Yes,2,Not Graduate,No,22279,32819,227,180,1,Rural,Y
Female,Yes,1,Graduate,No,54778,1941,189,360,1,Urban,Y
Female,Yes,2,Graduate,Yes,93083,19357,176,360,1,Urban,Y
Male,No,0,Graduate,Yes,52405,7286,234,360,1,Urban,Y
Female,Yes,1,Graduate,Yes,58388,36321,97,360,1,Rural,Y
Male,Yes,1,Graduate,No,43816,37483,316,240,1,Urban,Y
Female,Yes,0,Graduate,No,51289,31734,89,300,0,Semiurban,Y
Female,Yes,0,Graduate,No,63864,21772,244,360,1,Urban,Y
Male,Yes,1,Graduate,No,35283,26099,213,240,1,Semiurban,Y
Male,Yes,0,Not Graduate,No,85905,13094,329,240,1,Urban,Y
Female,No,0,Not Graduate,No,21064,13417,259,360,1,Urban,Y
Female,Yes,2,Not Graduate,Yes,90372,31407,348,300,1,Rural,Y
Female,Yes,2,Graduate,No,82373,38916,93,180,1,Semiurban,Y
Male,Yes,0,Not Graduate,No,64378,49327,219,480,1,Urban,Y
Female,Yes,2,Graduate,No,40971,29214,241,300,1,Semiurban,Y
Male,Yes,0,Graduate,No,23253,7606,122,300,1,Rural,Y
Female,Yes,0,Graduate,No,20804,19678,72,360,1,Rural,Y
Male,Yes,0,Not Graduate,No,34865,36169,131,300,1,Semiurban,Y
Female,Yes,0,Graduate,No,108650,40246,151,300,1,Urban,Y
Male,Yes,2,Not Graduate,Yes,25336,52396,324,240,1,Semiurban,Y
Female,Yes,1,Not Graduate,No,62939,40062,250,360,1,Rural,Y
Male,No,2,Graduate,No,23108,11011,118,300,1,Urban,Y
Female,Yes,1,Graduate,Yes,62293,27724,145,300,1,Rural,Y
Male,Yes,1,Graduate,No,71113,40593,77,360,0,Semiurban,Y
Male,No,3,Graduate,No,101744,8056,262,360,1,Urban,Y
Male,No,0,Graduate,No,49836,2755,284,360,1,Semiurban,Y
Male,Yes,0,Graduate,No,83046,53910,71,360,1,Urban,Y
Female,Yes,2,Not Graduate,No,16224,29473,184,300,0,Semiurban,N
Male,No,0,Not Graduate,No,57957,14107,269,240,1,Urban,Y
Male,No,1,Graduate,No,34069,5302,199,240,1,Rural,Y
Male,Yes,2,Graduate,Yes,48349,56822,114,360,1,Urban,Y
Female,No,2,Graduate,No,87684,10361,187,360,1,Urban,Y
Male,Yes,2,Graduate,No,71597,31984,217,360,0,Rural,N
Male,No,1,Graduate,No,20300,13036,323,300,0,Rural,N
Female,Yes,2,Graduate,No,86205,55864,298,360,0,Rural,N
Male,Yes,2,Graduate,Yes,32707,28920,283,120,0,Urban,N
Male,No,0,Not Graduate,No,24234,10724,234,240,1,Rural,Y
Male,Yes,1,Graduate,No,68260,42957,96,360,1,Semiurban,Y
Male,Yes,1,Graduate,Yes,57032,53550,111,480,1,Urban,Y
Male,Yes,0,Not Graduate,Yes,60177,57736,203,180,1,Rural,Y
Male,Yes,2,Graduate,No,91995,42599,134,300,1,Semiurban,Y
Male,No,1,Graduate,No,25168,2293,113,360,1,Rural,Y
Female,No,0,Graduate,No,90774,9830,195,360,1,Rural,Y
Female,Yes,1,Graduate,No,96694,3576,172,300,1,Semiurban,Y
Male,Yes,3,Not Graduate,No,29299,25351,341,300,1,Urban,Y
Female,No,2,Graduate,Yes,46365,3534,70,480,0,Urban,N
Female,Yes,1,Graduate,No,22803,41978,324,360,1,Urban,Y
Male,Yes,0,Not Graduate,No,63213,38432,83,300,1,Rural,Y
Male,Yes,0,Graduate,No,91800,3606,208,360,1,Urban,Y
Male,No,2,Graduate,No,80551,8474,182,240,1,Rural,Y
Female,No,0,Not Graduate,No,68272,4456,318,180,1,Semiurban,Y
Male,Yes,1,Graduate,No,33873,24096,130,240,1,Semiurban,Y
Male,Yes,1,Graduate,No,44053,3013,291,300,0,Urban,N
Male,Yes,3,Graduate,No,54179,16270,263,480,1,Rural,Y
Female,Yes,2,Graduate,No,79603,3009,255,180,1,Urban,Y
Female,Yes,1,Graduate,No,85899,51413,205,360,1,Urban,Y
Female,No,2,Graduate,No,116329,4016,127,120,1,Urban,Y
Female,Yes,2,Graduate,No,111474,43077,242,360,1,Urban,Y
Male,Yes,3,Not Graduate,Yes,48677,6096,72,480,0,Semiurban,N
Female,Yes,2,Graduate,No,95521,53737,251,180,1,Semiurban,Y
Male,Yes,0,Graduate,No,103845,54519,217,300,1,Urban,Y
Male,Yes,2,Graduate,Yes,70925,30543,210,300,1,Rural,Y
Male,Yes,1,Not Graduate,Yes,117853,44961,205,360,1,Urban,Y
Female,Yes,2,Not Graduate,No,18416,44379,203,240,0,Urban,N
Female,No,1,Graduate,Yes,25357,13171,121,180,1,Rural,Y
Male,Yes,2,Graduate,No,96500,5507,348,360,0,Urban,N
Male,Yes,1,Not Graduate,Yes,118022,21728,112,120,1,Urban,Y
Female,No,1,Graduate,No,34650,5799,159,480,1,Semiurban,Y
Male,Yes,1,Graduate,No,66000,57853,331,300,1,Urban,Y
Female,Yes,3,Graduate,No,117141,35629,59,480,1,Urban,Y
Female,Yes,1,Graduate,No,15416,20897,162,120,0,Urban,N
Female,Yes,2,Not Graduate,No,25124,16243,173,240,0,Rural,N
Male,No,3,Graduate,No,62911,5813,138,240,1,Rural,Y
Female,No,0,Graduate,No,85873,2328,338,480,0,Rural,N
Female,Yes,0,Graduate,Yes,90861,14339,60,360,1,Rural,Y
Male,No,0,Graduate,No,54413,975,61,180,1,Urban,Y
Male,No,3,Not Graduate,No,98787,6481,350,180,1,Urban,Y
Male,No,1,Graduate,No,53586,2854,337,360,0,Rural,N
Male,Yes,2,Graduate,No,50602,8345,140,360,0,Rural,N
Female,No,2,Graduate,No,53709,13251,163,360,1,Semiurban,Y
Female,No,0,Not Graduate,No,23629,13462,221,300,1,Urban,Y
Male,Yes,2,Graduate,Yes,69438,48010,264,480,0,Semiurban,N
Female,Yes,1,Not Graduate,No,87766,42661,165,240,1,Rural,Y
Female,Yes,0,Graduate,No,61212,10545,88,360,0,Urban,Y
Female,No,1,Graduate,No,68911,2573,77,180,1,Urban,Y
Female,Yes,0,Graduate,No,84045,55040,301,240,1,Semiurban,Y
Female,No,1,Graduate,Yes,39125,2798,199,480,1,Urban,Y
Female,Yes,3,Graduate,No,62793,12116,239,360,1,Semiurban,Y
Female,Yes,0,Not Graduate,No,31808,49298,99,180,1,Semiurban,Y
Male,Yes,2,Not Graduate,No,82190,45027,293,360,1,Urban,Y
Female,No,2,Graduate,No,116916,9363,125,180,1,Urban,Y
Male,No,2,Graduate,No,101538,7133,153,480,1,Rural,Y
Female,Yes,2,Not Graduate,Yes,84923,26041,332,300,1,Semiurban,Y
Male,No,1,Graduate,No,66321,2451,125,360,1,Rural,Y
Male,No,1,Graduate,No,82206,14420,226,360,1,Semiurban,Y
Female,Yes,0,Graduate,No,102919,26327,69,300,0,Semiurban,Y
Male,No,3,Not Graduate,Yes,119136,13003,205,300,0,Rural,N
Male,No,0,Graduate,No,113453,13530,214,240,1,Semiurban,Y
Male,Yes,3,Graduate,No,79698,56832,241,360,1,Urban,Y
Female,No,1,Not Graduate,No,86537,474,138,240,0,Rural,N
Male,Yes,0,Graduate,No,60280,53969,287,360,1,Urban,Y
Male,Yes,1,Graduate,No,74204,38461,332,300,1,Rural,Y
Male,Yes,1,Graduate,No,40091,56171,163,360,1,Urban,Y
Female,Yes,3,Not Graduate,No,74140,59737,117,360,1,Urban,Y
Female,Yes,3,Graduate,No,48094,27774,242,360,1,Urban,Y
Female,Yes,2,Graduate,Yes,79045,43408,241,360,1,Urban,Y
Male,Yes,0,Graduate,No,48291,17114,202,240,1,Urban,Y
Male,No,2,Graduate,No,101228,2292,63,360,0,Urban,Y
Female,Yes,2,Graduate,No,118956,12446,225,360,1,Semiurban,Y
Female,No,2,Graduate,No,98194,14360,335,240,1,Urban,Y
Female,No,1,Not Graduate,No,55992,10722,95,240,1,Rural,Y
Female,No,0,Graduate,No,27437,7709,77,360,1,Rural,Y
Male,Yes,0,Graduate,No,81446,19553,261,180,0,Urban,N
Male,Yes,3,Not Graduate,No,30772,20734,142,360,1,Semiurban,Y
Male,Yes,0,Graduate,No,113389,11049,345,360,1,Rural,Y
Male,Yes,1,Graduate,No,74573,25121,52,120,1,Urban,Y
Male,No,2,Graduate,Yes,12540,10267,177,240,0,Urban,N
Male,Yes,1,Graduate,No,51085,19059,283,360,1,Urban,Y
Male,Yes,3,Graduate,No,118431,26436,59,240,1,Urban,Y
Male,Yes,0,Graduate,No,16897,24588,180,360,1,Semiurban,Y
Male,Yes,2,Graduate,No,66627,29118,244,180,1,Semiurban,Y
Male,Yes,1,Graduate,No,98832,34098,188,360,1,Semiurban,Y
Male,Yes,1,Graduate,No,77239,13018,152,360,0,Rural,N
Female,No,0,Graduate,No,39222,11275,296,300,1,Semiurban,Y
Male,No,2,Graduate,Yes,79070,1229,101,480,1,Semiurban,Y
Female,Yes,0,Not Graduate,No,50085,23607,210,300,1,Rural,Y
Male,Yes,0,Graduate,No,69372,40750,187,360,1,Rural,Y
Male,Yes,1,Graduate,No,102426,55749,294,360,1,Rural,Y
Male,Yes,2,Not Graduate,No,25593,27264,297,360,1,Urban,Y
Female,No,1,Not Graduate,No,107325,14610,116,300,1,Rural,Y
Female,Yes,0,Graduate,No,100857,34394,345,360,1,Rural,Y
Female,Yes,2,Graduate,No,107243,16290,296,300,1,Urban,Y
Male,Yes,3,Graduate,No,76990,56978,134,180,1,Urban,Y
Female,Yes,0,Graduate,No,42801,5166,285,300,1,Urban,Y
Female,Yes,0,Graduate,No,25453,26439,261,120,1,Rural,Y
Female,No,1,Graduate,No,56676,5953,77,360,0,Urban,N
Female,No,1,Graduate,Yes,98364,3633,51,300,0,Rural,N
Female,Yes,1,Graduate,No,76542,9204,259,180,1,Urban,Y
Female,Yes,2,Graduate,No,111241,27162,73,480,0,Semiurban,N
Female,Yes,1,Graduate,No,12568,34757,74,360,1,Semiurban,Y
Male,Yes,0,Not Graduate,Yes,98182,39357,214,360,1,Rural,Y
Male,Yes,3,Not Graduate,No,29481,9055,261,360,0,Semiurban,N
Female,No,3,Graduate,No,93810,11704,198,360,0,Urban,N
Male,Yes,2,Graduate,Yes,58168,36849,295,360,0,Semiurban,N
Female,No,1,Graduate,Yes,61921,2381,77,360,1,Rural,Y
Male,No,2,Graduate,Yes,114807,4835,154,360,1,Rural,Y
Male,Yes,2,Graduate,No,96819,36783,249,240,1,Rural,Y
Female,Yes,0,Graduate,No,115299,44901,210,480,1,Semiurban,Y
Male,Yes,2,Not Graduate,No,95071,46178,238,360,1,Semiurban,Y
Male,Yes,0,Graduate,No,34779,48174,313,180,1,Urban,Y
Female,Yes,1,Graduate,No,105020,10145,70,240,1,Urban,Y
Female,Yes,1,Graduate,No,53662,34432,162,480,1,Rural,Y
Male,Yes,1,Graduate,No,39964,43472,219,300,1,Rural,Y
Female,No,2,Not Graduate,Yes,99679,5668,278,240,1,Rural,Y
Male,No,2,Graduate,No,26860,6322,181,360,1,Rural,Y
Female,Yes,1,Graduate,No,97397,12616,214,360,0,Urban,N
Male,Yes,0,Graduate,No,101837,27800,103,240,0,Rural,N
Female,Yes,3,Graduate,No,72191,46980,219,120,1,Urban,Y
Female,Yes,1,Graduate,No,62860,29564,257,300,1,Semiurban,Y
Male,Yes,1,Not Graduate,No,103866,55590,87,300,1,Urban,Y
Female,Yes,0,Not Graduate,No,119757,43301,65,300,1,Urban,Y
Female,No,2,Graduate,No,51066,11096,241,480,1,Rural,Y
Male,Yes,0,Graduate,No,23157,19968,157,360,0,Urban,N
Female,No,3,Graduate,No,92856,13676,179,240,1,Rural,Y
Male,No,3,Not Graduate,No,84045,1198,198,360,1,Urban,Y
Female,No,1,Graduate,No,49373,10150,85,480,1,Semiurban,Y
Female,Yes,0,Graduate,No,68139,11051,52,300,1,Semiurban,Y
Female,Yes,1,Graduate,No,74908,30333,278,300,1,Semiurban,Y
Male,Yes,0,Graduate,No,82597,12873,184,360,1,Semiurban,Y
Male,No,1,Not Graduate,No,112820,9667,158,480,1,Semiurban,Y
Female,Yes,0,Graduate,No,89280,48052,198,180,1,Urban,Y
Female,Yes,2,Not Graduate,No,92482,44837,134,360,1,Urban,Y
Male,No,1,Graduate,No,75916,3796,82,240,1,Semiurban,Y
Female,Yes,3,Not Graduate,Yes,97003,21238,102,360,1,Rural,Y
Female,Yes,1,Graduate,No,89028,42817,89,360,1,Rural,Y
Female,Yes,3,Graduate,No,91195,432,306,360,1,Urban,Y
Female,Yes,0,Graduate,No,27509,43326,167,300,1,Urban,Y
Female,Yes,1,Graduate,No,43938,2827,115,360,1,Semiurban,Y
Male,No,0,Graduate,No,79717,6642,338,360,0,Semiurban,N
Female,No,0,Graduate,No,75133,2794,162,360,1,Rural,Y
Male,Yes,1,Graduate,No,71437,39094,85,240,1,Urban,Y
Male,Yes,3,Graduate,No,91365,6311,140,300,1,Urban,Y
Male,Yes,2,Not Graduate,No,12157,58783,270,360,1,Urban,Y
Female,Yes,2,Not Graduate,No,89207,52731,344,180,1,Semiurban,Y
Male,No,0,Graduate,No,45791,3096,52,360,1,Semiurban,Y
Male,Yes,1,Graduate,No,65588,23741,104,240,1,Urban,Y
Female,Yes,1,Not Graduate,No,38698,27081,332,360,1,Urban,Y
Female,Yes,0,Graduate,No,108440,9048,110,360,1,Semiurban,Y
Male,Yes,1,Not Graduate,No,92481,45682,76,240,0,Urban,N
Male,No,1,Graduate,Yes,46483,3633,239,180,1,Urban,Y
Female,Yes,1,Graduate,No,113398,53754,139,360,1,Urban,Y
Female,Yes,2,Graduate,No,92634,11107,68,300,1,Rural,Y
Male,No,2,Graduate,No,88818,3281,315,120,1,Rural,Y
Female,No,1,Graduate,No,118891,4530,165,360,1,Rural,Y
Male,Yes,1,Graduate,Yes,50568,22280,109,360,0,Rural,N
Female,Yes,3,Graduate,No,111283,22260,284,360,0,Rural,N
Female,Yes,0,Graduate,No,100724,45952,167,360,1,Urban,Y
Male,No,0,Graduate,No,110145,13452,225,180,0,Semiurban,N
Female,Yes,1,Graduate,No,36925,32702,152,240,1,Urban,Y
Male,Yes,0,Graduate,No,25983,7856,90,360,1,Semiurban,Y
Male,No,1,Graduate,No,87303,14233,190,300,0,Rural,N
Female,Yes,2,Graduate,No,67466,31347,326,120,1,Rural,Y
Male,Yes,0,Graduate,No,13103,774,157,300,1,Urban,Y
Female,Yes,0,Graduate,No,56970,23981,144,300,1,Semiurban,Y
Female,Yes,1,Graduate,No,87483,44958,167,360,1,Rural,Y
Female,No,0,Not Graduate,No,73995,13200,54,240,1,Rural,Y
Female,No,0,Graduate,No,64219,1621,133,180,0,Semiurban,N
Male,Yes,0,Graduate,No,118170,16889,226,120,1,Rural,Y
Male,Yes,1,Graduate,No,49304,23272,216,360,1,Semiurban,Y
Male,Yes,0,Graduate,Yes,33964,41981,222,300,1,Semiurban,Y
Male,Yes,0,Graduate,No,105117,17529,252,240,1,Rural,Y
Female,No,1,Graduate,No,15027,2048,170,360,0,Semiurban,N
Male,Yes,1,Graduate,No,74021,35942,77,120,1,Rural,Y
Male,Yes,1,Graduate,No,63097,20274,167,240,1,Semiurban,Y
Male,Yes,0,Graduate,No,54624,56638,293,300,0,Rural,N
Female,Yes,3,Graduate,No,71840,41356,338,300,1,Semiurban,Y
Female,Yes,0,Graduate,No,66028,17026,129,300,1,Rural,Y
Male,Yes,1,Graduate,No,111021,31265,203,120,1,Urban,Y
Male,No,1,Graduate,No,69292,6467,177,240,1,Urban,Y
Female,Yes,0,Graduate,No,116852,59634,189,240,1,Rural,Y
Female,Yes,0,Graduate,Yes,71682,40483,281,240,1,Urban,Y
Male,Yes,3,Graduate,No,48977,17641,114,360,1,Urban,Y
Male,Yes,0,Graduate,No,77325,24339,287,360,1,Urban,Y
Male,Yes,2,Graduate,No,37191,58700,178,360,0,Urban,Y
Male,Yes,3,Graduate,No,38106,30201,98,360,0,Semiurban,N
Female,No,0,Graduate,No,84034,8534,112,240,1,Urban,Y
Male,No,0,Graduate,No,54534,246,135,360,1,Urban,Y
Male,Yes,0,Not Graduate,No,90146,10157,240,360,1,Semiurban,Y
Female,No,3,Graduate,Yes,96485,2521,324,360,1,Urban,Y
Female,No,1,Graduate,No,58945,11868,118,240,1,Semiurban,Y
Female,Yes,1,Graduate,No,54425,47998,289,240,0,Rural,N
Male,Yes,0,Graduate,No,60118,29758,50,360,1,Semiurban,Y
Male,Yes,1,Graduate,No,20302,43141,325,360,1,Semiurban,Y
Male,Yes,0,Graduate,Yes,80576,43181,84,120,0,Urban,N
Male,Yes,1,Graduate,No,62934,43117,300,360,1,Urban,Y
Female,Yes,2,Graduate,No,97950,32204,90,300,1,Urban,Y
Female,No,2,Graduate,No,81339,666,86,360,1,Urban,Y
Male,Yes,0,Graduate,No,98098,16302,341,360,1,Semiurban,Y
Female,No,2,Graduate,No,104084,10899,268,360,1,Urban,Y
Female,Yes,2,Graduate,No,58179,59145,211,360,0,Rural,N
Female,No,1,Graduate,No,85812,8939,159,300,1,Semiurban,Y
Female,No,1,Graduate,No,49287,9760,58,360,0,Urban,N
Female,No,0,Graduate,No,102402,13473,191,480,1,Semiurban,Y
Male,Yes,1,Graduate,No,88304,16374,169,240,1,Semiurban,Y
Male,No,2,Not Graduate,No,102386,11515,345,360,1,Semiurban,Y
Male,No,1,Graduate,Yes,113043,5478,228,360,1,Rural,Y
Male,No,0,Graduate,No,13498,10385,245,180,1,Urban,Y
Male,Yes,2,Graduate,No,63495,29203,344,360,1,Urban,Y
Female,Yes,0,Graduate,No,83847,26161,184,180,1,Rural,Y
Male,No,1,Graduate,No,86885,3212,337,360,1,Urban,Y
Male,Yes,1,Graduate,No,26749,44023,261,300,1,Urban,Y
Male,No,0,Graduate,No,117224,7245,124,300,0,Urban,Y
Female,Yes,2,Graduate,No,43856,40698,125,360,0,Urban,Y
Male,Yes,1,Graduate,No,39770,13356,329,360,1,Semiurban,Y
Male,Yes,2,Graduate,No,81048,2849,180,240,1,Rural,Y
Female,Yes,2,Graduate,No,47561,43449,234,360,1,Rural,Y
Female,Yes,1,Not Graduate,Yes,53347,31762,322,180,1,Rural,Y
Male,Yes,3,Graduate,No,109568,10289,59,300,1,Semiurban,Y
Male,No,3,Graduate,Yes,45774,14396,248,360,0,Urban,N
Female,Yes,0,Graduate,Yes,107668,25048,316,480,1,Semiurban,Y
Male,Yes,1,Graduate,No,91346,21580,279,360,1,Urban,Y
Male,No,0,Graduate,No,29727,7046,124,360,1,Urban,Y
Male,Yes,3,Graduate,No,31073,47649,65,360,0,Semiurban,Y
Female,Yes,2,Not Graduate,No,108775,17943,127,360,1,Urban,Y
Female,Yes,1,Graduate,No,15418,23544,90,360,1,Semiurban,Y
Female,No,1,Not Graduate,No,30024,2683,148,240,1,Rural,Y
Female,No,0,Graduate,No,38812,1083,140,480,0,Rural,N
Female,Yes,3,Not Graduate,No,113740,2741,244,360,1,Rural,Y
Male,Yes,1,Not Graduate,Yes,44207,33993,325,300,1,Semiurban,Y
Male,Yes,1,Not Graduate,No,49475,30234,135,300,1,Urban,Y
Male,Yes,1,Graduate,No,35562,51034,349,480,1,Urban,Y
Female,Yes,0,Graduate,No,38467,57838,282,180,1,Semiurban,Y
Male,No,0,Graduate,No,59571,1397,318,360,1,Rural,Y
Male,Yes,1,Not Graduate,No,86120,57101,126,240,1,Rural,Y
Male,Yes,0,Not Graduate,No,94110,11842,110,360,0,Urban,N
Female,Yes,1,Graduate,No,91689,57848,302,240,1,Semiurban,Y
Female,Yes,1,Graduate,No,48452,40616,335,360,1,Urban,Y
Male,Yes,0,Not Graduate,No,91073,19558,219,480,1,Semiurban,Y
Male,Yes,0,Graduate,No,87010,51596,337,240,1,Semiurban,Y
Male,Yes,0,Graduate,No,20869,49705,268,360,1,Semiurban,Y
Male,Yes,0,Graduate,No,103203,13700,79,180,1,Semiurban,Y
Male,Yes,2,Not Graduate,No,49642,27987,212,240,1,Semiurban,Y
Male,Yes,1,Graduate,No,117903,11790,169,360,0,Urban,Y
Male,Yes,2,Graduate,No,92649,27173,261,120,1,Rural,Y
Male,Yes,0,Graduate,No,52340,19679,309,360,1,Urban,Y
Female,Yes,2,Graduate,Yes,35020,12715,219,360,0,Semiurban,N
Female,No,1,Graduate,No,82381,14678,221,300,0,Rural,N
Male,No,0,Graduate,No,82239,306,156,360,1,Rural,Y
Female,Yes,0,Not Graduate,No,61183,41059,323,360,1,Urban,Y
Male,No,2,Graduate,No,16145,4448,261,180,0,Urban,N
Female,Yes,0,Graduate,No,113946,13244,97,300,1,Semiurban,Y
Male,Yes,3,Graduate,No,113650,21452,123,360,1,Rural,Y
Male,Yes,0,Graduate,No,27182,269,209,480,1,Semiurban,Y
Male,Yes,3,Graduate,No,109721,20478,61,360,1,Rural,Y
Female,Yes,0,Graduate,No,99965,7710,189,180,1,Urban,Y
Male,Yes,1,Graduate,Yes,104321,52691,195,360,1,Urban,Y
Female,Yes,0,Graduate,No,18613,6942,246,180,1,Urban,Y
Female,Yes,0,Not Graduate,No,99932,53038,323,180,0,Rural,N
Male,Yes,2,Graduate,Yes,52683,44857,288,300,0,Urban,N
Female,No,1,Graduate,No,115386,14103,216,300,1,Semiurban,Y
Female,Yes,2,Graduate,No,87324,8348,310,180,0,Rural,N
Female,Yes,0,Graduate,No,89402,27095,172,360,1,Rural,Y
Female,Yes,0,Graduate,No,69062,37172,225,360,1,Semiurban,Y
Male,No,2,Not Graduate,Yes,90128,7584,216,360,0,Urban,N
Female,Yes,0,Not Graduate,No,61664,21457,303,360,1,Urban,Y
Male,No,3,Graduate,Yes,31231,10827,126,300,1,Semiurban,Y
Female,Yes,2,Graduate,No,101071,19958,272,360,0,Rural,N
Male,Yes,1,Not Graduate,No,20180,24197,331,480,1,Semiurban,Y
Female,Yes,0,Graduate,No,89353,25838,212,360,1,Semiurban,Y
Male,Yes,1,Graduate,No,59223,55047,263,240,0,Semiurban,N
Male,Yes,1,Graduate,No,98235,28621,119,180,1,Semiurban,Y
Female,No,2,Not Graduate,No,71558,8346,267,360,1,Urban,Y
Male,Yes,0,Graduate,No,105340,32881,187,300,1,Urban,Y
Male,Yes,2,Graduate,No,102504,5247,122,360,1,Rural,Y
Female,Yes,0,Not Graduate,Yes,73925,41331,89,360,1,Semiurban,Y
Male,No,1,Graduate,No,73503,9403,219,300,0,Rural,N
Female,Yes,2,Graduate,No,114894,36943,183,180,1,Urban,Y
Male,Yes,0,Graduate,Yes,75538,5407,114,360,0,Urban,N
Male,Yes,0,Graduate,No,91144,11443,127,360,1,Urban,Y
Male,Yes,2,Not Graduate,No,23062,9507,128,360,1,Semiurban,Y
Female,Yes,1,Graduate,No,108254,55170,226,180,1,Rural,Y
Male,Yes,1,Graduate,No,110622,34899,169,300,1,Semiurban,Y
Male,Yes,1,Graduate,No,62070,44465,211,480,1,Urban,Y
Female,No,1,Not Graduate,No,55904,4429,186,360,1,Semiurban,Y
Female,No,2,Graduate,No,37549,8518,222,360,0,Urban,N
Male,Yes,2,Graduate,Yes,25619,44924,278,300,1,Urban,Y
Male,Yes,0,Not Graduate,No,40419,39281,112,360,1,Rural,Y
Male,Yes,2,Graduate,No,36217,58720,106,360,1,Semiurban,Y
Male,Yes,3,Graduate,No,99500,50454,215,240,1,Urban,Y
Male,Yes,0,Graduate,No,46690,11660,275,180,0,Urban,N
Female,Yes,1,Graduate,No,40624,40236,104,480,1,Urban,Y
Male,Yes,2,Not Graduate,Yes,77234,9755,50,480,1,Urban,Y
Female,No,1,Graduate,No,76314,7833,273,300,1,Rural,Y
Male,Yes,0,Not Graduate,No,75185,7943,340,360,0,Urban,N
Female,Yes,1,Not Graduate,Yes,82074,55924,224,180,1,Rural,Y
Male,Yes,0,Graduate,No,103210,25565,104,360,1,Urban,Y
Female,No,0,Graduate,No,89718,3907,300,300,1,Semiurban,Y
Female,Yes,2,Graduate,No,16855,22235,78,300,1,Semiurban,Y
Male,No,2,Graduate,No,82328,2440,346,240,1,Semiurban,Y
Female,Yes,1,Not Graduate,Yes,103920,42518,116,120,1,Rural,Y
Male,Yes,0,Graduate,No,25937,7482,304,360,1,Urban,Y
Male,Yes,2,Not Graduate,No,54498,7916,344,360,1,Rural,Y
Male,No,1,Graduate,Yes,30512,12411,262,240,1,Urban,Y
Male,No,0,Graduate,No,92273,6162,130,120,1,Urban,Y
Male,No,2,Graduate,No,102898,13228,293,360,1,Semiurban,Y
Female,Yes,3,Graduate,Yes,35593,47002,305,360,1,Rural,Y
Female,Yes,0,Graduate,Yes,81494,6270,235,360,0,Semiurban,N
Female,No,2,Graduate,No,116413,2444,292,300,1,Rural,Y
Male,Yes,0,Graduate,No,117533,58332,282,120,1,Rural,Y
Male,Yes,0,Graduate,Yes,42841,47277,277,360,1,Urban,Y
Female,Yes,0,Graduate,No,66079,57008,152,300,1,Semiurban,Y
Female,Yes,1,Graduate,No,35338,25384,241,180,1,Semiurban,Y
Female,Yes,0,Graduate,Yes,29891,7281,288,300,1,Urban,Y
Female,Yes,2,Graduate,No,34273,37887,333,360,1,Rural,Y
Female,No,0,Graduate,No,13901,11960,269,360,1,Urban,Y
Male,No,1,Graduate,No,12665,6844,72,120,1,Rural,Y
Male,Yes,1,Not Graduate,No,24844,29651,303,240,1,Urban,Y
Female,No,0,Graduate,No,23892,260,295,360,1,Semiurban,Y
Male,No,1,Graduate,No,36241,12941,239,360,1,Urban,Y
Male,Yes,2,Graduate,No,110682,17680,327,360,1,Semiurban,Y
Female,No,0,Not Graduate,No,18758,1818,246,300,1,Urban,Y
Male,Yes,2,Graduate,No,30141,21949,172,360,1,Semiurban,Y
Male,No,2,Graduate,No,78003,11144,266,240,1,Urban,Y
Female,Yes,2,Graduate,No,81842,58946,199,300,1,Semiurban,Y
Male,Yes,3,Graduate,No,35437,18898,89,180,1,Semiurban,Y
Female,Yes,0,Not Graduate,Yes,66596,44721,327,480,1,Semiurban,Y
Male,Yes,0,Not Graduate,No,80107,42249,221,300,1,Semiurban,Y
Female,Yes,2,Graduate,No,72031,19928,340,180,1,Urban,Y
Female,Yes,1,Graduate,No,31443,23142,195,300,1,Rural,Y
Female,Yes,0,Graduate,No,116131,10058,132,240,1,Urban,Y
Male,Yes,1,Graduate,No,99235,20771,226,180,1,Rural,Y
Female,Yes,0,Not Graduate,No,72036,20985,129,120,1,Rural,Y
Female,Yes,0,Not Graduate,No,110849,37599,125,360,1,Rural,Y
Female,Yes,2,Not Graduate,Yes,84215,7659,207,120,1,Urban,Y
Female,Yes,0,Graduate,No,41116,51202,192,240,1,Rural,Y
Male,No,1,Graduate,No,79050,918,234,300,1,Semiurban,Y
Female,Yes,0,Graduate,No,85535,5740,160,360,1,Rural,Y
Female,Yes,2,Not Graduate,No,66289,9146,350,360,1,Urban,Y
Female,Yes,3,Not Graduate,Yes,65668,41864,189,300,1,Semiurban,Y
Male,Yes,2,Graduate,No,119845,54149,204,360,1,Semiurban,Y
Female,Yes,2,Graduate,No,95958,54672,291,180,1,Urban,Y
Male,Yes,2,Graduate,Yes,48335,32312,84,360,1,Semiurban,Y
Female,No,1,Graduate,No,27674,6114,312,360,1,Urban,Y
Male,Yes,1,Graduate,No,18932,17869,234,300,0,Urban,N
Female,Yes,1,Graduate,No,94317,12009,98,360,1,Urban,Y
Female,No,2,Graduate,No,102222,5939,99,360,1,Urban,Y
Male,Yes,1,Graduate,No,33368,6712,161,240,1,Urban,Y
Male,Yes,3,Graduate,Yes,14277,31425,228,300,1,Rural,Y
Female,Yes,0,Graduate,Yes,28870,56152,122,360,1,Urban,Y
Male,Yes,2,Graduate,Yes,75472,49632,270,120,1,Rural,Y
Male,Yes,3,Graduate,No,13346,49450,99,360,0,Urban,N
Male,Yes,1,Graduate,No,48356,37994,228,300,0,Rural,N
Male,Yes,0,Not Graduate,No,81315,14221,148,480,1,Rural,Y
Male,No,0,Graduate,No,104767,7777,237,360,1,Semiurban,Y
Male,Yes,1,Graduate,No,41825,26711,107,360,1,Semiurban,Y
Male,Yes,1,Graduate,No,22780,21503,302,180,1,Semiurban,Y
Female,Yes,2,Graduate,No,68093,12372,85,360,0,Rural,N
Female,Yes,3,Graduate,Yes,69417,34253,93,180,1,Semiurban,Y
Male,No,3,Graduate,No,38094,5548,152,360,0,Urban,N
Female,No,0,Graduate,No,47779,12391,254,300,1,Rural,Y
Female,Yes,0,Graduate,Yes,76138,32589,168,360,1,Urban,Y
Male,No,1,Graduate,No,91244,11128,217,240,1,Urban,Y
Male,Yes,1,Graduate,No,50477,43390,304,300,1,Urban,Y
Male,No,0,Graduate,No,62283,7374,211,360,1,Urban,Y
Male,Yes,3,Graduate,No,76419,28225,118,300,1,Rural,Y
Female,Yes,2,Graduate,No,32487,33206,78,300,1,Rural,Y
Female,No,0,Graduate,No,28803,13712,237,300,1,Urban,Y
Female,Yes,1,Not Graduate,No,19398,43335,175,240,1,Semiurban,Y
Male,No,0,Graduate,No,16899,7551,266,360,0,Urban,N
Female,Yes,3,Graduate,No,87043,6404,300,180,1,Urban,Y
Female,Yes,0,Not Graduate,No,95288,55530,88,360,1,Urban,Y
Male,Yes,1,Not Graduate,No,24053,47035,346,180,1,Urban,Y
Female,Yes,0,Graduate,No,78144,52699,203,300,1,Urban,Y
Female,Yes,1,Graduate,No,14438,41146,314,360,1,Urban,Y
Female,Yes,1,Not Graduate,No,68849,37101,80,360,1,Urban,Y
Male,No,2,Not Graduate,No,20444,10386,154,360,1,Urban,Y
Male,Yes,1,Graduate,Yes,37154,1815,175,360,1,Semiurban,Y
Female,Yes,3,Graduate,No,15819,16934,192,360,1,Rural,Y
Female,No,0,Not Graduate,No,51056,14207,82,480,1,Urban,Y
Male,Yes,2,Not Graduate,No,86838,48134,306,480,1,Rural,Y
Female,Yes,0,Graduate,No,53079,21580,349,360,0,Semiurban,N
Female,Yes,0,Graduate,No,65526,16666,78,300,1,Rural,Y
Female,Yes,1,Graduate,No,114796,9496,235,300,1,Urban,Y
Male,No,2,Not Graduate,No,115389,11003,172,240,1,Semiurban,Y
Female,No,2,Graduate,No,69986,6364,54,480,1,Rural,Y
Female,Yes,3,Not Graduate,No,33001,28760,212,360,1,Semiurban,Y
Male,Yes,0,Not Graduate,No,108592,27063,220,360,0,Rural,N
Male,Yes,1,Graduate,No,118617,35895,217,300,1,Urban,Y
Male,Yes,2,Graduate,No,94352,20024,210,360,1,Urban,Y
Male,No,2,Not Graduate,No,74700,14311,118,240,1,Rural,Y
Female,Yes,1,Graduate,No,86762,14711,60,480,0,Semiurban,N
Male,No,3,Graduate,No,34119,815,255,360,1,Urban,Y
Female,Yes,1,Graduate,No,113365,29734,303,180,1,Urban,Y
Female,Yes,1,Graduate,No,90654,14127,194,360,1,Urban,Y
Male,Yes,3,Graduate,No,44547,24224,348,360,1,Urban,Y
Male,No,3,Graduate,No,62265,11607,266,360,1,Urban,Y
Male,Yes,3,Graduate,No,91478,43960,73,120,1,Urban,Y
Female,Yes,0,Not Graduate,Yes,35510,17058,136,360,0,Rural,N
Male,Yes,2,Graduate,No,53060,2894,115,300,0,Urban,N
Female,No,0,Not Graduate,No,111819,4321,314,300,0,Urban,N
Female,No,0,Not Graduate,No,116624,7208,77,240,1,Urban,Y
Female,Yes,2,Graduate,No,76868,2673,276,300,1,Semiurban,Y
Female,Yes,2,Graduate,No,38703,56896,195,240,1,Semiurban,Y
Female,Yes,2,Graduate,No,12540,34472,342,240,0,Urban,N
Female,Yes,3,Graduate,No,101212,7994,251,300,0,Urban,N
Female,Yes,0,Not Graduate,No,71513,41179,187,360,1,Rural,Y
Female,Yes,2,Graduate,No,86600,8475,158,360,0,Urban,Y
Male,No,1,Graduate,Yes,45444,2916,172,480,0,Urban,N
Male,Yes,2,Graduate,No,97729,10101,111,240,0,Semiurban,Y
Female,No,1,Graduate,Yes,60163,8399,152,300,0,Semiurban,N
Female,Yes,1,Graduate,No,94665,27919,97,120,1,Semiurban,Y
Male,Yes,2,Not Graduate,No,96833,34385,92,240,1,Rural,Y
Female,Yes,3,Graduate,No,44591,34281,268,240,1,Urban,Y
Male,Yes,1,Graduate,No,106412,37255,179,300,1,Rural,Y
Male,Yes,2,Graduate,No,63505,2966,92,300,1,Urban,Y
Female,No,1,Not Graduate,No,118169,3066,158,240,1,Semiurban,Y
Male,Yes,0,Graduate,Yes,97957,31268,285,360,0,Rural,N
Female,Yes,2,Graduate,No,102478,44243,252,360,1,Urban,Y
Male,Yes,0,Not Graduate,No,39424,31530,124,360,1,Semiurban,Y
Male,Yes,2,Graduate,No,27264,10885,128,360,1,Semiurban,Y
Male,No,1,Graduate,No,63345,834,220,120,1,Semiurban,Y
Female,No,2,Graduate,No,50112,606,299,300,1,Semiurban,Y
Female,Yes,0,Graduate,No,84516,4162,187,360,1,Semiurban,Y
Female,Yes,1,Graduate,No,33146,18875,148,300,1,Semiurban,Y
Female,No,3,Graduate,No,50455,11845,249,480,0,Semiurban,N
Female,No,2,Not Graduate,No,49022,11316,94,360,1,Urban,Y
Female,Yes,1,Not Graduate,No,39450,36492,74,480,1,Urban,Y
Male,Yes,3,Graduate,No,56267,28221,108,360,1,Urban,Y
Female,No,2,Not Graduate,No,85010,4382,127,360,0,Semiurban,N
Male,No,3,Graduate,No,111059,1817,104,360,1,Rural,Y
Male,No,0,Graduate,No,38920,14925,235,240,1,Semiurban,Y
Female,No,0,Graduate,No,30058,2014,153,300,1,Rural,Y
Male,No,1,Graduate,No,46867,6101,262,300,1,Urban,Y
Female,No,0,Graduate,No,72129,13965,314,360,1,Urban,Y
Male,No,2,Graduate,Yes,56342,5157,255,480,1,Urban,Y
Male,Yes,1,Not Graduate,Yes,94786,46751,316,480,1,Rural,Y
Female,No,0,Graduate,No,81178,10000,125,360,1,Urban,Y
Female,Yes,3,Not Graduate,No,37859,57735,204,180,1,Urban,Y
Male,Yes,1,Graduate,No,52927,34166,224,360,1,Urban,Y
Female,Yes,2,Graduate,No,26475,47971,80,360,1,Semiurban,Y
Male,Yes,2,Graduate,No,108581,341,282,300,1,Semiurban,Y
Male,Yes,0,Not Graduate,No,100137,9173,243,360,1,Urban,Y
Male,No,1,Graduate,No,66008,1342,97,180,0,Semiurban,N
Female,Yes,2,Graduate,No,114082,25872,185,360,1,Rural,Y
Female,No,1,Graduate,No,75539,11651,284,180,1,Rural,Y
Male,Yes,1,Graduate,No,85272,24204,110,360,1,Urban,Y
Female,Yes,0,Graduate,No,51748,19266,298,120,1,Rural,Y
Female,Yes,3,Not Graduate,No,119364,48474,300,120,1,Urban,Y
Male,Yes,1,Graduate,No,114413,24727,293,360,0,Urban,N
Male,Yes,1,Graduate,No,107402,21313,95,360,1,Semiurban,Y
Male,No,0,Graduate,No,70077,12057,192,360,0,Semiurban,N
Female,Yes,0,Graduate,No,93094,35509,345,360,0,Semiurban,N
Female,Yes,0,Graduate,No,14486,18019,155,240,1,Rural,Y
Female,Yes,1,Graduate,No,76418,56490,61,300,1,Urban,Y
Female,Yes,0,Not Graduate,No,49401,9439,143,240,1,Urban,Y
Female,Yes,0,Not Graduate,No,105493,3833,202,300,1,Semiurban,Y
Female,Yes,3,Not Graduate,Yes,43407,49291,350,240,1,Semiurban,Y
Male,Yes,0,Graduate,Yes,15788,26705,169,480,1,Semiurban,Y
Male,Yes,1,Not Graduate,No,65313,29227,92,360,1,Rural,Y
Male,Yes,3,Not Graduate,No,67542,59735,334,300,1,Semiurban,Y
Female,Yes,0,Graduate,No,47822,39181,178,360,1,Urban,Y
Male,Yes,1,Graduate,No,85804,4583,203,180,1,Rural,Y
Female,No,0,Graduate,No,101404,5613,183,480,1,Urban,Y
Female,Yes,1,Graduate,Yes,102681,8763,51,360,1,Urban,Y
Male,Yes,3,Graduate,No,82533,5318,89,360,0,Rural,N
Female,Yes,1,Not Graduate,No,58919,25346,140,360,0,Rural,N
Male,Yes,3,Graduate,No,14592,49703,193,360,1,Urban,Y
Female,No,0,Not Graduate,No,16822,4599,302,480,1,Urban,Y
Male,No,1,Graduate,No,77578,8093,137,360,1,Semiurban,Y
Male,Yes,0,Graduate,No,86698,56064,166,360,1,Urban,Y
Male,No,2,Graduate,No,85415,14468,282,120,1,Semiurban,Y
Male,No,0,Not Graduate,No,27953,11143,315,300,1,Rural,Y
Male,Yes,3,Graduate,No,63361,12753,221,180,1,Urban,Y
Male,No,1,Graduate,No,33558,5394,209,180,1,Urban,Y
Female,No,1,Graduate,No,44821,4049,105,300,0,Rural,N
Female,Yes,0,Graduate,No,69478,50075,98,360,1,Urban,Y
Male,No,1,Not Graduate,No,114583,2089,81,480,1,Urban,Y
Female,Yes,2,Graduate,No,61998,26324,99,360,1,Rural,Y
Male,Yes,1,Graduate,No,25274,22257,63,300,1,Urban,Y
Male,Yes,2,Graduate,No,87132,8256,310,240,1,Semiurban,Y
Female,Yes,0,Graduate,Yes,88614,28563,312,480,1,Urban,Y
Male,Yes,0,Graduate,No,13059,33926,350,360,1,Urban,Y
Male,Yes,0,Graduate,No,114926,4482,224,240,1,Semiurban,Y
Female,Yes,0,Graduate,No,92753,19636,264,300,1,Rural,Y
Male,Yes,3,Graduate,No,73149,40889,159,240,1,Rural,Y
Female,No,1,Graduate,No,12881,5944,55,180,1,Urban,Y
Female,Yes,1,Not Graduate,No,15890,13049,151,240,1,Urban,Y
Male,Yes,1,Graduate,Yes,46313,59680,101,120,1,Urban,Y
Male,Yes,0,Graduate,No,60804,43313,137,480,0,Rural,N
Female,No,0,Graduate,No,116188,3107,148,360,1,Urban,Y
Female,No,0,Graduate,No,36785,13999,324,240,1,Urban,Y
Female,No,3,Not Graduate,No,39425,11916,91,360,1,Semiurban,Y
Male,Yes,2,Graduate,No,77350,34006,287,240,1,Semiurban,Y
Female,No,1,Graduate,No,115628,9567,68,240,0,Semiurban,Y
Male,Yes,0,Not Graduate,No,61034,16680,331,180,1,Urban,Y
Female,Yes,0,Graduate,No,71133,30641,271,300,0,Urban,N
Female,Yes,1,Graduate,Yes,22802,19301,306,360,1,Rural,Y
Male,Yes,0,Graduate,No,37774,44243,218,240,1,Rural,Y
Female,Yes,1,Graduate,No,105871,48484,328,480,1,Urban,Y
Female,No,1,Graduate,No,97892,194,291,360,0,Rural,N
Female,Yes,2,Graduate,No,88939,51509,332,360,1,Semiurban,Y
Male,Yes,0,Not Graduate,No,39470,28749,280,360,1,Urban,Y
Male,Yes,2,Graduate,No,58486,22270,165,300,1,Semiurban,Y
Female,Yes,0,Not Graduate,No,32144,21643,340,360,1,Semiurban,Y
Female,No,0,Graduate,No,36685,7778,105,300,0,Semiurban,N
Female,Yes,0,Graduate,Yes,102311,39542,300,120,1,Rural,Y
Female,Yes,0,Graduate,Yes,19530,24159,315,120,1,Rural,Y
Female,Yes,0,Graduate,No,21012,25493,155,180,1,Semiurban,Y
Female,Yes,1,Graduate,No,105948,44881,284,240,1,Urban,Y
Male,No,1,Graduate,No,86609,14405,301,300,1,Semiurban,Y
Female,Yes,3,Graduate,No,115854,19493,250,360,0,Urban,N
Male,Yes,1,Graduate,No,98386,12022,341,180,1,Urban,Y
Male,Yes,1,Graduate,No,103494,47614,161,480,1,Rural,Y
Male,No,0,Graduate,No,54731,6719,280,240,1,Urban,Y
Male,Yes,2,Graduate,No,109774,26171,149,300,1,Urban,Y
Male,Yes,2,Graduate,Yes,83883,43058,174,360,1,Semiurban,Y
Female,No,0,Graduate,Yes,50554,2034,323,360,1,Semiurban,Y
Male,Yes,0,Graduate,No,16514,58503,322,240,1,Rural,Y
Male,Yes,0,Graduate,Yes,113241,24732,153,480,1,Urban,Y
Male,Yes,0,Graduate,No,101123,43840,82,240,0,Rural,N
Male,No,0,Graduate,No,54294,9208,147,360,0,Urban,N
Female,Yes,0,Graduate,No,64709,42860,211,120,1,Urban,Y
Female,Yes,1,Graduate,No,51522,50301,305,480,1,Semiurban,Y
Male,Yes,0,Graduate,No,62930,44426,118,300,1,Rural,Y
Female,No,2,Graduate,Yes,88681,7354,245,360,1,Semiurban,Y
Male,Yes,1,Not Graduate,No,108719,28082,174,360,1,Urban,Y
Female,Yes,1,Graduate,No,107067,39195,277,360,1,Urban,Y
Male,Yes,3,Graduate,No,15105,15008,219,300,1,Urban,Y
Male,No,2,Graduate,No,80350,5269,143,300,1,Rural,Y
Male,No,0,Not Graduate,No,28457,1503,138,360,0,Rural,N
Male,Yes,1,Graduate,No,37891,16051,267,240,1,Urban,Y
Female,No,0,Not Graduate,No,59131,6524,243,240,1,Semiurban,Y
Female,No,2,Not Graduate,Yes,61993,7002,92,360,0,Semiurban,N
Male,Yes,0,Graduate,No,49122,24585,337,360,1,Urban,Y
Female,Yes,3,Graduate,No,107730,47536,241,300,0,Rural,N
Female,Yes,0,Not Graduate,Yes,17089,8157,247,480,1,Rural,Y
Female,No,2,Graduate,No,95228,11280,238,360,1,Rural,Y
Male,Yes,0,Not Graduate,No,100660,1851,125,240,1,Semiurban,Y
Female,Yes,1,Graduate,No,27300,50526,97,360,0,Urban,Y
Male,Yes,0,Graduate,No,45144,45340,204,360,1,Rural,Y
Female,No,2,Not Graduate,No,26322,10423,343,360,1,Urban,Y
Male,No,1,Graduate,No,119005,8056,50,180,1,Semiurban,Y
Female,Yes,2,Graduate,No,104280,8803,151,300,1,Urban,Y
Male,Yes,0,Graduate,No,45993,59131,259,300,0,Urban,N
Male,Yes,0,Graduate,Yes,15888,38380,170,300,1,Urban,Y
Male,Yes,3,Graduate,No,17486,6346,158,360,1,Semiurban,Y
Female,No,1,Graduate,No,60599,11171,225,480,0,Rural,N
Female,Yes,0,Graduate,No,25130,202,283,360,1,Rural,Y
Male,Yes,0,Graduate,No,110492,53415,177,300,1,Semiurban,Y
Female,Yes,2,Graduate,No,118511,21114,58,360,0,Rural,N
Female,Yes,0,Graduate,No,116065,5332,228,300,0,Rural,N
Male,No,0,Graduate,Yes,80164,14356,342,360,1,Urban,Y
Female,No,0,Graduate,No,73184,2753,278,480,1,Semiurban,Y
Male,Yes,2,Graduate,Yes,69002,46908,64,240,0,Rural,N
Female,Yes,0,Graduate,No,28134,43612,119,480,1,Semiurban,Y
Female,No,3,Not Graduate,No,96408,5623,243,480,1,Semiurban,Y
Female,No,0,Graduate,Yes,23683,5574,146,360,1,Urban,Y
Female,No,1,Graduate,Yes,82202,3110,248,480,1,Urban,Y
Male,Yes,1,Graduate,No,82555,55860,285,300,0,Urban,N
Male,Yes,1,Graduate,Yes,99208,55648,67,360,1,Rural,Y
Male,Yes,2,Graduate,No,40272,32441,199,360,1,Rural,Y
Female,Yes,2,Not Graduate,No,41500,45901,76,480,1,Rural,Y
Female,Yes,2,Not Graduate,No,14826,35909,250,300,1,Rural,Y
Female,Yes,1,Graduate,No,37571,45947,330,300,1,Rural,Y
Male,No,2,Graduate,No,30030,7239,297,240,1,Urban,Y
Male,No,0,Graduate,No,100908,12869,125,300,0,Semiurban,Y
Male,No,0,Not Graduate,No,18877,1922,313,360,1,Rural,Y
Female,Yes,0,Graduate,No,90139,11304,242,360,0,Semiurban,N
Male,No,3,Graduate,No,97615,7292,238,120,1,Urban,Y
Male,Yes,1,Graduate,No,109695,6196,142,300,0,Semiurban,Y
Female,Yes,0,Graduate,No,116231,35226,144,300,1,Urban,Y
Female,Yes,2,Graduate,No,97419,8132,156,480,0,Urban,N
Male,Yes,1,Graduate,Yes,87377,13515,132,180,1,Rural,Y
Male,No,1,Graduate,No,67450,10783,50,240,1,Rural,Y
Female,Yes,1,Graduate,No,80506,59689,230,360,1,Semiurban,Y
Male,Yes,0,Graduate,No,29590,39462,332,240,1,Urban,Y
Female,Yes,0,Graduate,No,64436,29888,92,480,1,Rural,Y
Male,Yes,0,Graduate,No,103331,42308,148,360,1,Semiurban,Y
Male,Yes,0,Not Graduate,No,15396,39558,176,180,1,Urban,Y
Female,Yes,1,Graduate,No,47815,9589,165,240,1,Rural,Y
Male,Yes,0,Not Graduate,No,107463,57377,206,360,0,Urban,N
Female,No,3,Graduate,No,18286,2797,212,480,1,Urban,Y
Female,Yes,0,Graduate,No,32380,43094,114,180,1,Urban,Y
Female,No,0,Graduate,No,35999,7191,231,360,1,Urban,Y
Female,Yes,2,Not Graduate,No,95313,56224,94,480,1,Urban,Y
Male,Yes,0,Graduate,Yes,87407,3762,93,360,1,Semiurban,Y
Male,No,1,Graduate,No,74869,8156,313,360,1,Semiurban,Y
Male,Yes,1,Not Graduate,No,105606,27851,323,360,1,Semiurban,Y
Male,Yes,3,Graduate,No,80618,59231,165,240,1,Urban,Y
Female,No,1,Graduate,No,26841,5537,177,360,0,Rural,N
Female,Yes,0,Graduate,No,86559,25796,161,480,0,Rural,N
Male,No,3,Not Graduate,Yes,12772,10084,285,300,1,Urban,Y
Male,Yes,0,Graduate,No,81349,33706,128,300,0,Urban,Y
Female,Yes,1,Graduate,No,35878,35155,187,180,1,Rural,Y
Male,Yes,2,Graduate,No,104958,13006,106,240,1,Urban,Y
Female,No,0,Graduate,No,99194,4354,110,300,1,Rural,Y
Male,Yes,2,Not Graduate,No,109241,55250,249,180,0,Rural,N
Male,Yes,1,Not Graduate,No,100907,54384,225,300,1,Urban,Y
Female,Yes,1,Not Graduate,No,31987,47792,311,240,1,Urban,Y
Female,No,0,Not Graduate,No,104597,12824,102,360,1,Urban,Y
Male,Yes,0,Graduate,No,31163,27938,59,360,1,Urban,Y
Female,Yes,2,Not Graduate,No,67846,31404,81,360,1,Urban,Y
Female,Yes,3,Graduate,No,18233,11911,70,120,1,Urban,Y
Female,Yes,3,Graduate,No,76393,23827,221,300,1,Urban,Y
Male,Yes,2,Graduate,No,81319,39630,240,240,1,Semiurban,Y
Male,No,0,Graduate,Yes,88881,14945,147,240,1,Urban,Y
Female,Yes,1,Not Graduate,No,32142,2871,115,240,1,Urban,Y
Female,No,1,Graduate,No,20874,7910,264,360,0,Rural,N
Male,Yes,2,Graduate,Yes,86209,3984,147,360,1,Semiurban,Y
Male,Yes,2,Graduate,No,64540,39794,189,240,1,Semiurban,Y
Male,No,2,Graduate,No,80822,4240,205,360,1,Urban,Y
Male,Yes,0,Graduate,Yes,31416,57907,192,480,1,Rural,Y
Male,No,0,Graduate,No,94927,9914,238,300,0,Rural,N
Female,No,1,Graduate,No,19505,10255,55,360,1,Rural,Y
Male,Yes,0,Graduate,No,114303,38224,104,360,1,Rural,Y
Female,No,1,Graduate,No,40919,5312,187,240,1,Rural,Y
Female,Yes,0,Graduate,No,74784,6140,303,240,1,Rural,Y
Male,Yes,3,Graduate,No,52653,10677,140,360,1,Urban,Y
Male,Yes,0,Not Graduate,No,25137,47468,319,180,1,Urban,Y
Male,Yes,0,Not Graduate,No,96473,2866,117,240,1,Urban,Y
Male,No,0,Not Graduate,No,119250,5544,93,240,1,Semiurban,Y
Female,No,0,Graduate,No,83241,11338,186,360,1,Rural,Y
Male,Yes,0,Not Graduate,No,12158,59779,164,120,1,Urban,Y
Female,Yes,3,Graduate,No,119844,59088,107,300,0,Urban,Y
Female,Yes,1,Graduate,No,23115,58693,72,360,1,Semiurban,Y
Male,Yes,0,Graduate,No,119159,18809,228,360,1,Semiurban,Y
Female,No,2,Graduate,Yes,12285,14118,126,360,1,Urban,Y
Female,No,2,Graduate,Yes,87739,7003,192,180,1,Urban,Y
Female,Yes,1,Graduate,No,90871,52002,220,180,0,Rural,N
Female,Yes,1,Graduate,No,119663,15080,246,180,1,Semiurban,Y
Male,No,0,Graduate,No,14248,5937,335,300,1,Urban,Y
Female,Yes,2,Not Graduate,Yes,72344,9446,332,480,0,Urban,N
Male,Yes,0,Not Graduate,No,61474,48043,63,360,1,Urban,Y
Male,Yes,0,Not Graduate,No,15956,9626,237,180,1,Urban,Y
Female,Yes,0,Graduate,No,103562,19628,290,300,1,Rural,Y
Male,Yes,0,Not Graduate,Yes,110452,11375,307,240,1,Semiurban,Y
Female,Yes,2,Not Graduate,No,104976,14897,266,480,1,Urban,Y
Female,No,0,Graduate,No,40692,6427,144,360,0,Semiurban,N
Male,No,1,Graduate,No,61868,2700,77,360,1,Urban,Y
Male,Yes,1,Not Graduate,No,43395,18494,133,360,1,Semiurban,Y
Female,Yes,0,Not Graduate,No,23146,37363,339,120,0,Semiurban,N
Male,Yes,3,Graduate,No,49015,26092,306,240,1,Semiurban,Y
Male,No,0,Graduate,No,25238,8227,126,120,1,Semiurban,Y
Male,Yes,0,Graduate,No,24227,47085,168,360,0,Semiurban,Y
Male,No,1,Not Graduate,No,80588,12593,224,300,1,Urban,Y
Female,Yes,2,Graduate,No,92004,39772,88,480,1,Rural,Y
Male,No,0,Not Graduate,No,116514,12803,94,300,1,Urban,Y
Female,Yes,0,Graduate,Yes,35486,46573,285,240,1,Urban,Y
Female,Yes,0,Graduate,No,17189,23820,196,300,0,Rural,N
Male,Yes,1,Graduate,No,22943,44708,261,360,1,Rural,Y
Male,Yes,1,Graduate,No,119640,36752,54,240,1,Urban,Y
Female,No,0,Not Graduate,No,57735,7632,289,360,0,Semiurban,N
Male,Yes,0,Not Graduate,No,68769,13072,255,300,1,Rural,Y
Female,Yes,2,Graduate,No,83444,10206,290,180,1,Semiurban,Y
Female,Yes,2,Not Graduate,No,39973,3544,158,360,0,Semiurban,N
Female,Yes,0,Graduate,No,22709,19551,281,360,1,Semiurban,Y
Female,Yes,0,Not Graduate,No,110720,19457,134,240,0,Semiurban,N
Male,No,1,Not Graduate,No,119874,162,337,360,1,Urban,Y
Male,Yes,3,Not Graduate,No,108563,48046,212,120,0,Rural,N
Female,No,0,Not Graduate,No,80248,11833,51,480,0,Rural,N
Female,Yes,1,Graduate,No,36596,27536,329,360,1,Urban,Y
Male,No,3,Graduate,Yes,118663,5960,58,300,1,Rural,Y
Male,Yes,1,Graduate,No,58165,54275,327,300,0,Urban,N
Male,Yes,1,Graduate,No,69131,25006,195,360,1,Semiurban,Y
Female,No,3,Not Graduate,Yes,23484,13204,103,180,1,Rural,Y
Male,Yes,2,Not Graduate,Yes,70209,32988,347,360,1,Rural,Y
Male,Yes,1,Graduate,No,73548,8155,229,480,0,Semiurban,N
Female,Yes,1,Graduate,No,98334,17334,207,360,1,Semiurban,Y
Male,Yes,3,Graduate,Yes,115613,24537,315,360,1,Urban,Y
Female,Yes,3,Graduate,No,18760,52516,345,300,0,Urban,N
Male,Yes,0,Graduate,No,105064,52505,114,360,1,Rural,Y
Female,No,0,Graduate,Yes,15360,7166,55,360,1,Urban,Y
Male,Yes,0,Graduate,No,95160,41386,233,240,1,Urban,Y
Male,Yes,0,Not Graduate,No,112976,17070,76,240,0,Semiurban,N
Male,Yes,3,Graduate,Yes,46340,58628,142,180,1,Urban,Y
Male,Yes,1,Graduate,Yes,94009,5001,157,360,1,Urban,Y
Female,No,0,Graduate,No,86356,10341,66,180,1,Urban,Y
Male,Yes,2,Not Graduate,No,15873,35124,61,360,1,Urban,Y
Female,Yes,0,Graduate,No,107386,45324,114,240,1,Rural,Y
Female,No,2,Graduate,No,69155,8399,254,480,1,Urban,Y
Female,No,0,Not Graduate,No,33712,13010,155,480,1,Rural,Y
Female,Yes,0,Graduate,Yes,62206,28135,152,360,1,Semiurban,Y
Male,Yes,3,Not Graduate,No,65714,19233,321,300,1,Urban,Y
Female,Yes,0,Graduate,No,60714,24377,124,360,1,Urban,Y
Male,No,0,Graduate,No,42493,9201,83,300,1,Semiurban,Y
Male,Yes,2,Not Graduate,No,99994,4903,343,360,1,Rural,Y
Female,No,0,Graduate,No,18133,4496,265,180,1,Semiurban,Y
Female,Yes,0,Graduate,No,87465,304,286,240,0,Semiurban,N
Male,Yes,0,Graduate,No,66405,47399,204,240,1,Semiurban,Y
Female,Yes,0,Graduate,No,76662,55618,112,360,0,Urban,Y
Male,Yes,0,Graduate,No,102124,47464,273,240,1,Semiurban,Y
Female,No,1,Graduate,No,18880,4254,72,180,0,Urban,N
Female,Yes,2,Graduate,No,30056,38237,285,180,1,Urban,Y
Female,Yes,2,Graduate,No,74642,43336,300,480,1,Semiurban,Y
Male,Yes,2,Graduate,No,43768,43219,155,360,1,Semiurban,Y
Male,Yes,0,Not Graduate,No,25701,22311,156,360,1,Semiurban,Y
Female,No,0,Graduate,No,78127,1731,116,240,1,Rural,Y
Male,No,0,Graduate,No,52258,14251,345,360,1,Rural,Y
Male,Yes,3,Graduate,Yes,98754,34792,281,300,1,Semiurban,Y
Female,Yes,0,Graduate,No,18967,28923,189,300,1,Urban,Y
Female,Yes,0,Graduate,No,91619,32349,315,300,1,Semiurban,Y
Male,Yes,0,Graduate,No,20630,34873,101,240,0,Semiurban,N
Female,Yes,0,Graduate,No,47162,32451,155,240,1,Semiurban,Y
Female,No,0,Graduate,No,74489,12109,206,360,1,Urban,Y
Male,Yes,0,Graduate,No,99298,31103,269,300,1,Urban,Y
Male,Yes,2,Graduate,No,74105,38217,50,300,1,Urban,Y
Male,Yes,3,Not Graduate,No,33928,49479,125,360,1,Rural,Y
Female,Yes,2,Not Graduate,No,75765,16615,236,300,0,Urban,N
Female,No,2,Not Graduate,No,90085,7935,107,240,1,Semiurban,Y
Male,No,3,Graduate,Yes,77251,506,175,360,1,Semiurban,Y
Male,No,0,Not Graduate,No,47903,14371,328,360,1,Rural,Y
Male,Yes,2,Not Graduate,No,66695,18104,208,240,1,Semiurban,Y
Male,Yes,1,Not Graduate,No,49802,7221,54,300,1,Semiurban,Y
Male,Yes,0,Graduate,No,75809,18891,83,360,1,Urban,Y
Female,No,0,Graduate,Yes,58170,10817,50,120,1,Rural,Y
Male,No,2,Graduate,No,68629,9588,91,240,1,Rural,Y
Male,No,1,Graduate,No,24863,14631,183,480,1,Urban,Y
Female,Yes,0,Graduate,No,38149,16385,119,300,1,Urban,Y
Female,Yes,1,Graduate,No,69264,6294,120,360,1,Semiurban,Y
Female,Yes,1,Graduate,No,15627,59805,336,120,1,Urban,Y
Male,Yes,0,Graduate,No,28682,40690,328,360,0,Urban,N
Female,Yes,2,Graduate,No,79896,30161,77,180,1,Rural,Y
Male,Yes,0,Graduate,No,55425,56643,81,180,1,Semiurban,Y
Male,No,1,Graduate,No,29878,3662,129,300,1,Rural,Y
Male,No,1,Graduate,Yes,32056,9892,111,360,1,Urban,Y
Male,No,1,Graduate,Yes,65026,7925,144,360,0,Semiurban,N
Female,No,1,Graduate,No,36223,2321,173,240,1,Semiurban,Y
Female,Yes,0,Graduate,No,60147,43758,190,300,1,Urban,Y
Female,No,0,Graduate,Yes,63043,180,347,300,1,Rural,Y
Female,Yes,3,Not Graduate,No,106773,30038,191,120,1,Semiurban,Y
Male,Yes,2,Graduate,Yes,97972,9922,230,360,1,Semiurban,Y
Male,Yes,2,Graduate,No,96559,31702,242,480,1,Urban,Y
Female,Yes,0,Not Graduate,No,92933,54387,256,180,1,Semiurban,Y
Male,Yes,0,Not Graduate,No,111602,15173,171,180,0,Semiurban,N
Female,No,1,Graduate,No,27004,613,87,300,1,Semiurban,Y
Male,No,0,Graduate,No,95544,9400,334,240,1,Semiurban,Y
Female,Yes,2,Graduate,No,115547,12602,94,360,1,Semiurban,Y
Male,Yes,0,Graduate,No,86487,35820,86,300,1,Rural,Y
Female,Yes,0,Not Graduate,No,58725,40532,336,360,0,Semiurban,N
Female,No,1,Graduate,No,25226,1932,305,240,1,Urban,Y
Male,No,0,Not Graduate,No,58911,1113,130,480,1,Semiurban,Y
Female,Yes,0,Graduate,Yes,73732,17239,65,120,1,Urban,Y
Male,Yes,1,Graduate,No,98944,59789,81,240,1,Rural,Y
Male,Yes,0,Graduate,No,22563,58164,332,300,1,Semiurban,Y
Male,Yes,1,Graduate,No,51769,51219,166,120,1,Rural,Y
Male,Yes,3,Graduate,No,84416,31599,76,300,1,Urban,Y
Female,Yes,0,Graduate,No,60196,23054,149,300,0,Urban,Y
Male,Yes,0,Graduate,No,115963,35141,340,120,0,Rural,N
Male,No,0,Graduate,No,17730,5146,229,360,0,Rural,N
Male,Yes,1,Graduate,Yes,44794,35628,155,300,1,Urban,Y
Male,Yes,0,Graduate,No,97674,16004,319,360,1,Semiurban,Y
Male,Yes,3,Graduate,No,48671,5141,154,480,0,Semiurban,N
Female,No,0,Graduate,No,30607,587,170,360,1,Semiurban,Y
Male,Yes,2,Graduate,No,51375,54209,93,180,0,Urban,Y
Male,No,1,Graduate,No,36173,10812,270,360,1,Urban,Y
Female,No,3,Not Graduate,No,46410,13275,160,360,1,Rural,Y
Female,No,2,Not Graduate,No,117827,1789,333,300,1,Semiurban,Y
Female,Yes,2,Not Graduate,No,61976,30627,171,180,1,Rural,Y
Female,Yes,0,Graduate,No,63721,2530,190,300,1,Rural,Y
Male,Yes,1,Graduate,No,35433,29085,286,120,1,Urban,Y
Female,Yes,2,Graduate,Yes,22426,18117,332,300,1,Urban,Y
Female,Yes,1,Graduate,No,92995,42990,75,240,1,Urban,Y
Female,Yes,0,Graduate,Yes,105657,16977,181,120,0,Rural,N
Male,Yes,0,Graduate,No,78982,5075,171,240,1,Rural,Y
Female,Yes,1,Graduate,Yes,91556,51653,234,300,1,Semiurban,Y
Female,No,0,Graduate,No,50125,2458,63,180,1,Urban,Y
Female,No,1,Graduate,No,31670,6243,90,480,0,Rural,N
Female,Yes,0,Not Graduate,No,91574,30954,318,360,1,Urban,Y
Female,No,0,Not Graduate,No,42263,7468,211,360,1,Urban,Y
Female,Yes,1,Graduate,No,97633,31729,167,300,1,Semiurban,Y
Male,No,0,Not Graduate,No,99281,2263,183,360,1,Urban,Y
Female,Yes,3,Graduate,No,113272,12982,142,360,1,Urban,Y
Female,No,2,Graduate,Yes,16466,13661,270,120,1,Urban,Y
Female,No,1,Graduate,No,105321,4806,110,300,0,Urban,Y
Male,No,0,Graduate,No,70837,14920,259,360,1,Semiurban,Y
Female,No,2,Graduate,No,119492,8345,92,240,1,Semiurban,Y
Female,Yes,1,Graduate,No,113319,6350,168,240,1,Semiurban,Y
Female,Yes,1,Not Graduate,No,17496,53345,157,300,1,Rural,Y
Female,Yes,0,Graduate,No,69529,14656,136,240,0,Rural,N
Male,No,2,Graduate,No,78676,12367,136,120,0,Rural,N
Male,Yes,2,Graduate,No,86863,27951,277,360,0,Urban,N
Male,No,3,Graduate,No,76651,4309,94,360,0,Semiurban,Y
Male,No,2,Graduate,No,21745,5359,130,360,1,Semiurban,Y
Male,No,0,Not Graduate,No,104419,13012,316,300,0,Semiurban,N
Male,No,1,Graduate,No,40863,11032,150,240,1,Rural,Y
Female,Yes,0,Not Graduate,No,106802,49115,159,120,1,Semiurban,Y
Male,No,0,Graduate,No,94709,9566,170,360,1,Semiurban,Y
Male,No,2,Not Graduate,No,76254,13053,250,360,1,Urban,Y
Male,Yes,3,Not Graduate,No,70611,21325,176,360,1,Semiurban,Y
Female,Yes,0,Graduate,Yes,75404,55058,300,360,1,Urban,Y
Female,Yes,3,Not Graduate,Yes,113161,21180,183,360,1,Rural,Y
Female,Yes,3,Graduate,No,56543,41698,73,300,1,Semiurban,Y
Male,Yes,2,Graduate,No,92052,21606,116,360,1,Semiurban,Y
Female,Yes,2,Not Graduate,No,84468,4159,75,360,1,Urban,Y
Male,No,1,Graduate,No,33155,14920,241,300,1,Semiurban,Y
Male,Yes,0,Not Graduate,Yes,64158,51861,298,120,1,Urban,Y
Male,Yes,2,Not Graduate,No,64527,8597,188,360,1,Semiurban,Y
Female,Yes,2,Graduate,No,24524,48226,250,240,1,Urban,Y
Female,Yes,2,Graduate,No,25065,17319,345,300,1,Urban,Y
Female,Yes,1,Not Graduate,No,44062,25061,58,480,1,Rural,Y
Male,Yes,1,Graduate,No,70600,24236,294,360,1,Urban,Y
Male,Yes,0,Not Graduate,No,44763,5497,122,300,0,Semiurban,N
Male,Yes,1,Graduate,No,31741,2392,214,360,1,Rural,Y
Female,Yes,2,Not Graduate,No,53027,42730,170,300,1,Semiurban,Y
Male,No,1,Graduate,Yes,13785,2655,316,360,1,Semiurban,Y
Male,Yes,1,Graduate,No,75857,9166,330,300,1,Urban,Y
Female,No,3,Graduate,No,60710,9237,134,180,1,Urban,Y
Female,Yes,0,Graduate,No,109879,47194,119,240,1,Semiurban,Y
Female,Yes,0,Graduate,No,52873,45971,146,240,1,Semiurban,Y
Male,Yes,1,Graduate,No,85289,57890,165,300,1,Urban,Y
Female,No,3,Graduate,No,93854,12566,256,480,1,Semiurban,Y
Male,Yes,0,Graduate,No,46463,36940,102,180,1,Semiurban,Y
Female,Yes,2,Graduate,No,117814,48317,292,240,1,Urban,Y
Male,Yes,2,Graduate,No,12032,21190,89,360,1,Semiurban,Y
Female,Yes,1,Graduate,No,43558,36709,251,300,1,Semiurban,Y
Female,No,0,Graduate,No,40036,2721,192,360,0,Semiurban,N
Female,Yes,0,Graduate,No,97471,22818,141,120,1,Semiurban,Y
Female,No,0,Graduate,No,37032,6266,241,240,1,Urban,Y
Female,Yes,0,Graduate,No,60348,16630,307,480,1,Urban,Y
Female,Yes,1,Not Graduate,No,47936,40977,79,480,0,Rural,N
Female,No,1,Graduate,No,96875,12297,329,360,1,Urban,Y
Male,No,0,Not Graduate,Yes,27653,918,277,360,1,Urban,Y
Female,No,0,Graduate,Yes,100079,13897,212,360,1,Rural,Y
Female,Yes,3,Graduate,No,99771,4029,83,240,1,Urban,Y
Female,Yes,1,Graduate,No,78252,26820,138,360,0,Rural,N
Female,Yes,1,Graduate,No,103264,5642,339,480,1,Rural,Y
Male,No,0,Graduate,No,112495,2774,55,240,1,Urban,Y
Male,Yes,2,Not Graduate,No,109964,49534,117,300,1,Urban,Y
Female,Yes,0,Graduate,No,38112,11607,201,240,1,Urban,Y
Female,Yes,0,Graduate,No,94709,45025,137,120,0,Urban,Y
Male,No,1,Graduate,No,49839,3398,225,360,1,Rural,Y
Female,Yes,2,Graduate,No,16121,7556,314,360,1,Urban,Y
Female,Yes,1,Graduate,Yes,103919,6855,233,360,1,Semiurban,Y
Female,Yes,3,Graduate,No,33331,30594,329,240,1,Rural,Y
Female,Yes,2,Graduate,No,43927,16552,241,360,1,Semiurban,Y
Male,No,3,Not Graduate,No,78448,1767,265,300,1,Semiurban,Y
Male,Yes,0,Graduate,No,103439,34346,151,480,1,Urban,Y
Female,No,0,Graduate,No,30541,13131,227,300,1,Urban,Y
Male,Yes,0,Graduate,No,38649,28609,96,360,1,Semiurban,Y
Female,Yes,0,Graduate,No,63648,45795,158,480,1,Rural,Y
Male,No,0,Graduate,No,29501,6551,217,360,0,Semiurban,N
Female,Yes,1,Graduate,No,88864,1762,163,360,1,Urban,Y
Female,Yes,2,Graduate,No,22127,42308,167,180,1,Urban,Y
Female,Yes,1,Graduate,No,52775,25350,296,120,0,Semiurban,N
Male,Yes,1,Graduate,No,57388,44961,101,360,1,Rural,Y
Male,Yes,1,Graduate,No,75719,42848,255,300,1,Semiurban,Y
Male,Yes,2,Graduate,No,74068,46663,221,360,0,Urban,N
Male,No,1,Graduate,No,31711,113,222,480,1,Urban,Y
Female,Yes,1,Graduate,No,72325,24058,75,360,1,Urban,Y
Female,Yes,2,Graduate,No,50435,23388,263,120,1,Semiurban,Y
Male,Yes,0,Graduate,No,23016,35060,98,180,1,Semiurban,Y
Female,Yes,1,Graduate,No,108034,53771,318,360,1,Urban,Y
Male,Yes,3,Graduate,No,62058,33595,90,300,1,Urban,Y
Female,Yes,3,Graduate,No,22391,54844,271,480,1,Semiurban,Y
Female,Yes,1,Not Graduate,No,18400,24525,343,300,1,Semiurban,Y
Male,Yes,2,Graduate,No,100894,18672,189,120,1,Rural,Y
Male,Yes,1,Not Graduate,No,24733,14504,165,120,1,Urban,Y
Female,No,1,Graduate,No,90018,5386,327,300,0,Urban,N
Female,Yes,2,Graduate,No,77401,13804,322,360,1,Urban,Y
Male,Yes,1,Graduate,No,57259,5445,156,360,1,Urban,Y
Female,Yes,1,Graduate,No,93823,23044,339,300,0,Urban,N
Female,Yes,1,Graduate,No,29261,24800,113,180,1,Rural,Y
Female,Yes,0,Not Graduate,No,64575,36049,259,300,1,Rural,Y
Female,Yes,1,Graduate,No,94984,49922,212,360,1,Urban,Y
Female,Yes,1,Not Graduate,No,35281,26217,197,120,0,Rural,N
Male,Yes,0,Graduate,No,66823,26889,146,360,1,Urban,Y
Male,Yes,2,Not Graduate,No,44760,10909,341,360,1,Rural,Y
Male,No,3,Graduate,No,37301,13931,132,300,1,Urban,Y
Female,No,3,Graduate,No,16048,3391,345,300,1,Semiurban,Y
Male,No,3,Graduate,Yes,91168,13727,219,360,0,Urban,N
Male,Yes,0,Graduate,No,73631,56503,247,180,1,Urban,Y
Male,No,1,Not Graduate,No,69477,7877,80,240,1,Rural,Y
Male,Yes,2,Graduate,No,68175,51604,113,180,0,Rural,N
Male,No,1,Graduate,Yes,43859,13034,297,240,1,Semiurban,Y
Male,Yes,2,Not Graduate,No,56884,19352,277,300,1,Urban,Y
Female,Yes,2,Graduate,No,40969,57682,239,360,1,Urban,Y
Male,Yes,0,Graduate,No,32242,48741,115,180,1,Urban,Y
Male,Yes,0,Graduate,No,46002,23865,310,360,0,Semiurban,N
Male,No,1,Graduate,No,80594,6133,243,360,1,Urban,Y
Female,Yes,3,Graduate,No,56874,14734,208,240,1,Semiurban,Y
Male,Yes,1,Graduate,No,13599,55048,318,360,1,Urban,Y
Male,Yes,0,Graduate,Yes,84520,35045,325,360,0,Urban,N
Male,Yes,2,Graduate,No,44124,14964,283,240,0,Urban,N
Female,Yes,0,Not Graduate,Yes,29373,34246,205,180,1,Semiurban,Y
Female,Yes,1,Not Graduate,No,95087,4787,150,300,1,Semiurban,Y
Male,Yes,0,Graduate,No,88246,28164,107,360,1,Semiurban,Y
Female,No,0,Graduate,No,94723,2892,218,360,1,Rural,Y
Female,Yes,1,Graduate,No,77937,20237,275,180,1,Urban,Y
Male,Yes,3,Graduate,No,20593,49836,271,360,1,Rural,Y
Female,Yes,1,Graduate,No,111988,15191,159,300,1,Rural,Y
Female,Yes,0,Graduate,No,32263,21218,130,240,1,Urban,Y
Male,Yes,0,Not Graduate,No,97654,39008,263,360,1,Rural,Y
Female,No,2,Graduate,No,107251,5798,211,300,1,Urban,Y
Female,Yes,3,Graduate,No,96645,52780,121,480,1,Urban,Y
Male,Yes,2,Graduate,No,54184,28016,245,300,1,Urban,Y
Male,Yes,1,Graduate,Yes,33026,21330,295,480,1,Rural,Y
Male,No,1,Not Graduate,No,44747,4589,350,300,1,Semiurban,Y
Female,Yes,1,Graduate,No,110281,4848,216,480,1,Rural,Y
Male,Yes,1,Graduate,No,54970,37534,329,360,1,Semiurban,Y
Female,Yes,0,Not Graduate,No,103652,46622,210,480,1,Rural,Y
Male,Yes,1,Graduate,No,100823,46141,182,240,1,Urban,Y
Male,Yes,1,Not Graduate,No,81258,3950,312,300,1,Rural,Y
Female,No,1,Graduate,No,108263,1237,339,180,1,Urban,Y
Male,No,2,Graduate,No,91958,10652,147,360,1,Semiurban,Y
Female,Yes,3,Not Graduate,No,55310,4785,143,360,1,Semiurban,Y
Female,No,1,Graduate,No,63111,309,54,240,1,Urban,Y
Male,Yes,2,Graduate,No,38257,50457,344,480,0,Semiurban,N
Male,Yes,0,Graduate,Yes,81916,39447,70,360,1,Rural,Y
Female,No,3,Graduate,No,33402,6951,188,240,0,Rural,N
Male,Yes,3,Graduate,No,61166,1666,277,360,0,Urban,N
Male,Yes,1,Graduate,No,118758,8169,97,480,1,Semiurban,Y
Male,Yes,0,Not Graduate,No,58974,49131,212,300,1,Urban,Y
Female,Yes,1,Not Graduate,Yes,61811,52652,265,300,0,Urban,N
Female,No,1,Not Graduate,No,103909,1383,249,360,1,Rural,Y
Female,Yes,2,Graduate,Yes,79976,10207,121,360,1,Urban,Y
Male,No,2,Graduate,No,32641,6868,138,240,1,Urban,Y
Male,Yes,3,Not Graduate,Yes,38748,20058,256,360,0,Urban,N
Female,Yes,0,Graduate,No,108331,57149,123,480,1,Urban,Y
Male,Yes,0,Not Graduate,Yes,20693,7366,293,300,1,Rural,N
Female,Yes,1,Graduate,No,73536,58952,181,180,1,Urban,Y
Male,Yes,2,Not Graduate,No,40745,33733,116,360,1,Semiurban,Y
Male,No,0,Graduate,No,44855,3024,204,300,0,Semiurban,N
Female,No,0,Graduate,No,87938,12065,67,360,1,Semiurban,Y
Male,No,0,Graduate,No,43172,2652,253,300,1,Semiurban,Y
Female,Yes,3,Not Graduate,No,40159,29700,184,360,1,Urban,Y
Female,Yes,3,Graduate,No,75878,50594,331,300,1,Rural,Y
Female,Yes,1,Graduate,No,28544,6198,166,480,0,Urban,N
Female,Yes,0,Graduate,No,22874,56817,308,240,0,Rural,N
Male,Yes,2,Not Graduate,No,109595,23195,319,360,1,Rural,Y
Male,No,1,Graduate,No,81582,2732,241,240,1,Semiurban,Y
Male,No,2,Graduate,No,91910,6947,153,240,0,Rural,N
Female,Yes,1,Graduate,No,54194,8920,203,120,1,Semiurban,Y
Female,Yes,2,Graduate,Yes,110981,26894,121,180,0,Rural,N
Male,Yes,0,Graduate,No,44580,54678,229,180,0,Urban,N
Female,Yes,2,Not Graduate,No,70114,9332,191,360,1,Urban,Y
Female,Yes,2,Graduate,No,69445,19583,113,360,1,Urban,Y
Female,No,3,Graduate,No,45482,1848,288,300,1,Semiurban,Y
Female,No,0,Graduate,No,91077,9814,235,240,0,Semiurban,N
Female,Yes,1,Not Graduate,No,106902,48001,191,480,1,Urban,Y
Female,No,0,Graduate,No,43816,9597,303,240,1,Urban,Y
Female,Yes,2,Graduate,No,99498,25073,71,360,1,Rural,Y
Male,Yes,0,Not Graduate,No,100160,46485,265,360,1,Urban,Y
Female,No,1,Graduate,No,118582,13192,271,360,1,Semiurban,Y
Male,Yes,0,Graduate,No,15719,47779,283,360,1,Rural,Y
Female,Yes,3,Graduate,No,54534,30028,184,360,1,Semiurban,Y
Female,No,2,Not Graduate,No,77514,14035,95,300,1,Semiurban,Y
Male,Yes,0,Not Graduate,Yes,65223,20507,304,360,1,Urban,Y
Female,Yes,2,Not Graduate,No,34091,21152,58,180,1,Rural,Y
Female,No,1,Graduate,No,38033,1529,96,360,0,Semiurban,N
Female,Yes,0,Graduate,Yes,62494,6791,200,360,0,Urban,N
Male,Yes,0,Graduate,No,47885,1727,303,240,1,Urban,Y
Male,Yes,2,Graduate,No,14722,56199,297,360,1,Semiurban,Y
Male,Yes,2,Graduate,No,62738,48941,183,360,0,Rural,N
Female,Yes,1,Not Graduate,No,82827,23401,89,480,1,Rural,Y
Male,No,1,Graduate,No,78512,11605,293,360,1,Rural,Y
Male,No,2,Graduate,No,41355,7623,187,360,1,Semiurban,Y
Female,Yes,0,Not Graduate,Yes,70781,36634,79,360,1,Semiurban,Y
Male,Yes,0,Graduate,No,107389,1807,301,300,1,Urban,Y
Female,Yes,1,Graduate,No,55323,15241,341,360,1,Semiurban,Y
Female,No,3,Graduate,No,88997,1960,86,360,1,Semiurban,Y
Male,Yes,1,Not Graduate,No,35755,1932,303,360,1,Urban,Y
Female,Yes,3,Graduate,No,103280,31090,120,360,1,Urban,Y
Male,No,3,Graduate,No,64615,3286,166,300,1,Urban,Y
Female,No,1,Graduate,No,85023,969,241,180,1,Rural,Y
Male,Yes,1,Graduate,No,85841,24565,85,480,1,Semiurban,Y
Male,Yes,3,Graduate,No,32273,39303,241,360,0,Semiurban,N
Male,Yes,2,Graduate,No,82462,58211,111,360,1,Urban,Y
Female,Yes,1,Graduate,Yes,37317,39551,129,480,0,Rural,N
Female,No,3,Graduate,Yes,44272,5991,122,240,0,Urban,N
Female,Yes,0,Not Graduate,No,98462,46375,100,360,1,Semiurban,Y
Female,No,1,Graduate,Yes,112076,3244,199,480,1,Semiurban,Y
Male,Yes,1,Graduate,No,62961,20047,304,480,1,Rural,Y
Male,Yes,0,Not Graduate,No,89000,49011,342,360,1,Semiurban,Y
Male,Yes,0,Graduate,No,18872,53985,272,360,1,Urban,Y
Female,Yes,0,Graduate,No,36340,58481,163,360,1,Urban,Y
Male,Yes,1,Graduate,No,102359,7623,198,120,1,Rural,Y
Female,No,3,Not Graduate,No,64685,733,129,180,1,Semiurban,Y
Female,Yes,2,Not Graduate,No,97634,48276,189,300,1,Rural,Y
Female,Yes,3,Not Graduate,No,90660,683,252,120,1,Urban,Y
Male,Yes,0,Graduate,No,20716,12016,324,300,0,Urban,N
Female,Yes,0,Not Graduate,No,111744,7825,252,360,0,Rural,N
Female,Yes,1,Graduate,No,26602,14984,69,360,1,Rural,Y
Male,Yes,1,Graduate,Yes,90250,50405,71,360,1,Rural,Y
Male,No,0,Graduate,No,44873,2875,229,300,0,Urban,N
Female,Yes,0,Graduate,No,37472,22012,274,120,1,Rural,Y
Female,Yes,0,Not Graduate,Yes,101753,4268,259,360,1,Semiurban,Y
Female,Yes,0,Graduate,No,61966,224,338,180,1,Semiurban,Y
Male,No,0,Graduate,Yes,74446,9363,247,240,1,Semiurban,Y
Male,Yes,1,Graduate,No,71635,31400,128,300,0,Urban,Y
Female,Yes,0,Not Graduate,No,33013,24122,60,300,1,Urban,Y
Female,No,1,Graduate,No,94116,5782,156,480,1,Semiurban,Y
Female,Yes,1,Graduate,No,64282,8723,321,240,1,Urban,Y
Male,No,2,Not Graduate,No,72735,8981,259,300,1,Urban,Y
Female,Yes,2,Graduate,No,113525,57023,261,180,1,Semiurban,Y
Male,Yes,3,Graduate,No,15124,45479,155,300,1,Urban,Y
Male,Yes,1,Not Graduate,No,53483,30708,175,360,1,Rural,Y
Female,Yes,2,Graduate,No,16627,44314,99,360,1,Urban,Y
Male,Yes,0,Not Graduate,No,109463,9869,159,300,1,Semiurban,Y
Female,Yes,2,Graduate,No,49976,19873,101,360,1,Rural,Y
Male,Yes,1,Graduate,No,84393,41201,290,360,1,Rural,Y
Male,No,2,Graduate,No,111047,645,119,360,1,Semiurban,Y
Male,Yes,3,Graduate,No,86961,11916,279,360,0,Rural,N
Female,No,3,Not Graduate,Yes,29687,10224,203,360,0,Urban,N
Male,No,0,Graduate,No,22888,5811,303,120,0,Semiurban,N
Male,Yes,0,Graduate,No,15072,32087,213,480,1,Urban,Y
Female,Yes,3,Graduate,No,111583,43037,284,360,1,Urban,Y
Male,No,0,Graduate,No,61809,6363,68,360,1,Urban,Y
Female,No,3,Not Graduate,No,56843,2168,227,360,1,Semiurban,Y
Female,Yes,1,Graduate,No,53761,56457,310,360,1,Urban,Y
Male,Yes,0,Graduate,No,43056,51044,94,360,1,Urban,Y
Female,No,1,Graduate,No,72393,10338,219,360,1,Urban,Y
Male,Yes,2,Graduate,Yes,24004,251,271,360,1,Urban,Y
Male,Yes,1,Graduate,No,104830,32460,145,300,1,Semiurban,Y
Male,Yes,1,Graduate,No,46506,9430,327,360,1,Urban,Y
Male,Yes,2,Not Graduate,No,63729,41634,201,360,1,Urban,Y
Female,Yes,0,Graduate,Yes,101591,16493,194,360,1,Urban,Y
Female,No,0,Not Graduate,No,100347,12524,278,120,1,Urban,Y
Female,Yes,1,Not Graduate,No,107308,55032,213,300,1,Semiurban,Y
Female,Yes,1,Graduate,No,41899,38484,137,120,1,Semiurban,Y
Female,Yes,2,Not Graduate,No,72868,29633,128,180,1,Semiurban,Y
Male,No,2,Graduate,No,31580,6544,237,120,1,Semiurban,Y
Male,Yes,3,Graduate,Yes,73903,9823,188,300,1,Urban,Y
Female,No,3,Graduate,No,91537,11857,305,300,0,Urban,N
Male,Yes,0,Not Graduate,No,91667,18960,122,240,0,Rural,N
Female,Yes,3,Graduate,No,52712,44830,269,360,1,Semiurban,Y
Female,No,2,Not Graduate,No,74065,1034,59,300,1,Urban,Y
Female,Yes,3,Not Graduate,No,74414,51564,193,360,1,Urban,Y
Male,No,3,Not Graduate,No,42005,11601,171,360,1,Semiurban,Y
Male,Yes,3,Graduate,Yes,54159,5328,320,300,1,Rural,Y
Female,Yes,1,Graduate,No,105311,9377,236,360,1,Urban,Y
Male,Yes,2,Graduate,Yes,47750,20973,298,480,1,Semiurban,Y
Male,No,1,Graduate,No,108402,14496,149,360,1,Urban,Y
Female,Yes,2,Graduate,No,30882,19405,62,120,1,Semiurban,Y
Female,Yes,3,Graduate,No,84779,10287,277,360,1,Urban,Y
Female,Yes,1,Graduate,No,54310,1111,113,180,1,Semiurban,Y
Male,Yes,2,Graduate,No,96715,21226,252,240,1,Rural,Y
Female,Yes,2,Graduate,No,106735,47007,117,300,0,Urban,Y
Male,Yes,3,Graduate,No,58803,22161,91,300,1,Semiurban,Y
Male,Yes,1,Graduate,No,119852,5863,156,300,1,Rural,Y
Female,Yes,0,Graduate,Yes,96266,55239,165,300,1,Rural,Y
Male,No,0,Graduate,No,95142,10981,252,120,1,Semiurban,Y
Female,Yes,0,Graduate,No,88380,32208,53,300,1,Rural,Y
Male,Yes,0,Graduate,No,93630,18442,186,360,1,Urban,Y
Male,No,0,Graduate,No,63463,1952,196,300,1,Rural,Y
Female,Yes,0,Graduate,Yes,38946,13116,341,360,1,Semiurban,Y
Male,No,2,Graduate,Yes,94066,3765,340,360,0,Urban,N
Male,Yes,0,Graduate,No,77482,47182,248,360,1,Urban,Y
Male,No,1,Graduate,No,99428,14046,177,180,1,Urban,Y
Male,Yes,3,Not Graduate,No,51773,29167,245,360,0,Urban,N
Female,Yes,0,Graduate,No,21974,18348,263,360,1,Urban,Y
Male,Yes,0,Not Graduate,No,116930,59937,154,180,1,Rural,Y
Male,No,3,Graduate,Yes,107002,3847,283,360,1,Semiurban,Y
Female,Yes,1,Graduate,No,40242,4270,253,360,1,Semiurban,Y
Female,Yes,3,Graduate,Yes,20258,50432,193,360,1,Urban,Y
Female,Yes,0,Not Graduate,No,70718,53107,50,480,1,Semiurban,Y
Female,Yes,2,Not Graduate,No,109324,3099,196,300,1,Semiurban,Y
Female,Yes,1,Not Graduate,No,82879,9548,214,360,1,Urban,Y
Female,Yes,3,Not Graduate,Yes,100166,49260,303,360,1,Rural,Y
Male,Yes,3,Graduate,No,73152,29541,326,360,1,Urban,Y
Male,Yes,1,Not Graduate,No,116691,37597,121,480,1,Rural,Y
Female,Yes,1,Graduate,No,17502,34050,103,360,1,Semiurban,Y
Male,No,2,Not Graduate,No,54662,11990,241,360,1,Semiurban,Y
Female,Yes,1,Graduate,No,25949,14798,282,240,1,Rural,Y
Male,No,3,Not Graduate,No,21464,11385,206,240,1,Rural,Y
Male,No,0,Graduate,No,39143,3042,86,180,1,Urban,Y
Female,Yes,0,Graduate,No,61140,13660,205,300,1,Semiurban,Y
Male,Yes,3,Graduate,No,45525,45916,292,360,1,Semiurban,Y
Male,Yes,1,Not Graduate,No,101764,32132,63,300,0,Rural,N
Male,Yes,1,Graduate,No,105796,41372,98,300,1,Urban,Y
Female,Yes,0,Not Graduate,No,40384,40220,260,180,1,Semiurban,Y
Male,No,1,Graduate,No,103374,9257,248,360,1,Semiurban,Y
Female,Yes,2,Graduate,No,50455,55938,133,120,1,Semiurban,Y
Male,No,0,Graduate,No,62764,12709,140,360,1,Urban,Y
Female,No,1,Graduate,No,117961,11481,109,180,1,Semiurban,Y
Male,Yes,1,Graduate,Yes,80835,58830,238,360,1,Semiurban,Y
Female,Yes,2,Graduate,Yes,99123,23438,293,300,0,Rural,N
Male,Yes,0,Graduate,No,70471,43244,329,300,1,Urban,Y
Male,Yes,0,Graduate,No,51366,8730,250,120,1,Rural,Y
Male,Yes,0,Graduate,No,118359,8982,213,480,0,Rural,N
Male,Yes,1,Graduate,No,84487,41510,327,360,1,Semiurban,Y
Male,No,0,Graduate,No,86207,2698,176,360,1,Semiurban,Y
Male,No,1,Not Graduate,Yes,54006,12789,252,120,1,Rural,Y
Female,Yes,2,Graduate,No,74831,40297,310,360,1,Rural,Y
Male,Yes,1,Graduate,Yes,90619,2025,263,180,1,Rural,Y
Male,No,0,Graduate,No,97218,13218,224,300,1,Urban,Y
Female,No,1,Graduate,No,102236,9659,336,480,1,Semiurban,Y
Male,Yes,0,Graduate,No,79763,40394,82,240,1,Urban,Y
Female,Yes,0,Not Graduate,No,43380,37094,147,300,1,Rural,Y
Female,Yes,1,Graduate,No,92354,58363,121,360,1,Urban,Y
Female,No,1,Graduate,No,80172,2841,110,360,0,Semiurban,Y
Male,Yes,1,Graduate,No,118112,32568,241,240,1,Urban,Y
Female,Yes,0,Graduate,No,61356,53288,331,480,1,Urban,Y
Female,No,1,Not Graduate,No,48318,8374,340,300,1,Rural,Y
Female,Yes,1,Graduate,Yes,35737,8055,235,360,0,Urban,N
Male,Yes,1,Graduate,No,109389,45005,266,240,0,Semiurban,N
Male,Yes,3,Graduate,No,43546,15105,162,360,1,Urban,Y
Female,No,0,Graduate,No,40819,2815,246,240,1,Rural,Y
Male,Yes,1,Not Graduate,No,28326,6270,176,360,1,Semiurban,Y
Male,No,3,Graduate,Yes,99970,5054,272,360,1,Urban,Y
Male,Yes,2,Graduate,No,31711,48441,246,360,1,Urban,Y
Female,Yes,2,Graduate,No,56864,21107,60,300,1,Rural,Y
Male,Yes,2,Graduate,No,61501,11035,256,240,1,Semiurban,Y
Male,No,3,Graduate,No,15181,11247,338,240,1,Semiurban,Y
Male,Yes,0,Graduate,No,106919,29184,267,180,1,Urban,Y
Female,No,0,Graduate,No,88741,10567,314,360,0,Rural,N
Female,Yes,2,Graduate,No,24108,40334,333,180,1,Rural,Y
Female,Yes,0,Graduate,No,36382,15013,259,300,1,Urban,Y
Male,Yes,1,Not Graduate,No,109136,11530,197,360,0,Rural,N
Male,Yes,3,Graduate,Yes,113297,6652,187,360,1,Urban,Y
Female,Yes,1,Graduate,No,36485,16098,54,300,1,Urban,Y
Male,Yes,3,Graduate,No,73481,10217,117,240,1,Urban,Y
Female,Yes,1,Graduate,No,33245,41951,71,180,1,Urban,Y
Female,Yes,1,Not Graduate,No,107189,26469,318,300,1,Semiurban,Y
Female,No,1,Graduate,No,77500,2068,68,240,1,Urban,Y
Female,Yes,3,Graduate,No,15129,20614,299,240,1,Semiurban,Y
Male,Yes,1,Not Graduate,Yes,116039,19790,252,240,1,Urban,Y
Female,Yes,1,Graduate,No,38829,30362,116,300,1,Rural,Y
Male,Yes,0,Graduate,No,97646,57154,271,180,1,Rural,Y
Female,Yes,3,Not Graduate,Yes,55444,12679,208,480,1,Rural,Y
Male,No,1,Graduate,No,94663,8537,240,120,1,Rural,Y
Female,Yes,0,Graduate,No,88758,8080,274,360,1,Semiurban,Y
Male,No,0,Not Graduate,No,105620,7206,186,180,1,Urban,Y
Female,Yes,0,Graduate,Yes,29424,12746,264,360,1,Rural,Y
Male,Yes,1,Not Graduate,No,20680,10708,69,240,1,Urban,Y
Female,No,0,Graduate,Yes,99741,7530,225,360,0,Rural,N
Female,Yes,1,Not Graduate,No,94775,43577,217,360,1,Rural,Y
Female,No,2,Graduate,No,68868,7919,189,300,1,Semiurban,Y
Female,Yes,1,Not Graduate,No,31394,36373,164,360,1,Rural,Y
Female,No,3,Graduate,No,66086,12165,254,300,1,Urban,Y
Male,Yes,3,Graduate,No,19458,28549,257,360,1,Semiurban,Y
Male,Yes,1,Graduate,No,76469,25974,159,300,0,Urban,Y
Male,Yes,1,Graduate,No,25193,5380,92,360,1,Semiurban,Y
Female,No,3,Not Graduate,No,31908,841,51,300,1,Urban,Y
Female,Yes,3,Graduate,No,23471,2649,134,360,1,Urban,Y
Male,No,1,Not Graduate,No,34273,14697,250,360,1,Urban,Y
Female,Yes,1,Not Graduate,No,20512,30299,183,240,1,Semiurban,Y
Female,Yes,2,Graduate,No,99164,10669,292,360,1,Semiurban,Y
Female,Yes,2,Graduate,No,116104,55517,208,360,1,Semiurban,Y
Male,Yes,0,Not Graduate,Yes,70840,8264,126,360,1,Urban,Y
Female,Yes,2,Graduate,Yes,96451,43795,332,360,1,Semiurban,Y
Female,Yes,1,Graduate,No,18411,2056,179,300,0,Semiurban,N
Female,No,3,Graduate,No,109685,11589,266,360,0,Rural,N
Male,Yes,2,Not Graduate,No,75818,57378,221,180,0,Urban,N
Female,No,3,Graduate,No,113038,151,234,360,0,Urban,N
Male,Yes,2,Not Graduate,No,31373,21791,308,240,1,Semiurban,Y
Male,Yes,3,Not Graduate,No,106254,38730,330,240,0,Semiurban,N
Female,Yes,1,Graduate,No,74195,54365,263,480,0,Semiurban,N
Male,No,2,Graduate,No,97466,13961,69,360,1,Semiurban,Y
Female,Yes,1,Graduate,No,70884,15661,253,120,1,Urban,Y
Female,Yes,3,Not Graduate,Yes,108043,52076,206,360,1,Semiurban,Y
Male,Yes,1,Not Graduate,No,62990,36749,218,240,1,Urban,Y
Female,Yes,1,Not Graduate,Yes,29023,49113,182,240,1,Urban,Y
Male,No,0,Graduate,Yes,49850,5070,327,360,1,Urban,Y
Male,No,3,Graduate,No,114061,12621,188,480,1,Semiurban,Y
Male,Yes,2,Graduate,No,75077,43777,192,360,1,Urban,Y
Male,Yes,0,Not Graduate,No,93309,52715,94,480,1,Urban,Y
Male,Yes,3,Graduate,Yes,63023,51948,271,180,1,Rural,Y
Male,Yes,1,Graduate,No,103403,4384,166,360,0,Rural,N
Female,Yes,1,Graduate,Yes,71363,12326,51,360,1,Semiurban,Y
Female,Yes,1,Not Graduate,No,72749,5585,118,360,1,Semiurban,Y
Male,Yes,1,Graduate,No,111822,22328,111,360,1,Rural,Y
Female,Yes,1,Graduate,Yes,25968,3598,203,360,0,Semiurban,N
Female,No,0,Not Graduate,No,81594,5960,88,300,1,Semiurban,Y
Male,No,0,Graduate,No,80806,9878,101,300,1,Urban,Y
Female,Yes,0,Graduate,No,22333,15172,75,240,0,Semiurban,N
Male,No,1,Graduate,No,50955,14849,332,360,1,Semiurban,Y
Male,Yes,3,Graduate,No,109136,3411,120,180,0,Semiurban,Y
Male,No,0,Not Graduate,No,26010,4330,131,360,1,Rural,Y
Male,Yes,0,Not Graduate,No,25614,41342,58,300,1,Urban,Y
Male,No,0,Graduate,No,116157,11957,146,300,1,Semiurban,Y
Female,Yes,1,Graduate,No,89433,26970,346,240,1,Rural,Y
Male,No,0,Graduate,Yes,27022,6644,147,360,1,Semiurban,Y
Male,No,0,Graduate,No,44767,12204,73,360,1,Urban,Y
Male,Yes,0,Graduate,No,26519,54392,57,300,1,Semiurban,Y
Male,No,2,Not Graduate,No,65887,6205,315,360,1,Urban,Y
Male,Yes,1,Not Graduate,No,98809,15910,300,300,1,Urban,Y
Male,Yes,0,Not Graduate,No,110084,30064,318,240,1,Rural,Y
Male,Yes,0,Not Graduate,No,111959,34707,83,360,1,Semiurban,Y
Female,Yes,3,Not Graduate,No,47342,10515,295,240,0,Urban,N
Male,Yes,1,Not Graduate,No,96133,9482,106,240,1,Urban,Y
Male,Yes,2,Not Graduate,No,14660,4126,340,480,1,Rural,N
Female,No,2,Graduate,No,92425,9411,321,480,1,Rural,Y
Male,Yes,0,Not Graduate,No,67014,37221,224,120,1,Urban,Y
Female,No,1,Graduate,No,38144,10303,255,360,0,Semiurban,N
Female,Yes,1,Graduate,No,18003,56216,222,300,1,Semiurban,Y
Female,Yes,3,Graduate,Yes,86076,58715,120,240,0,Urban,N
Female,Yes,2,Graduate,No,83901,28919,119,240,1,Urban,Y
Male,Yes,3,Graduate,No,96281,38576,280,360,1,Rural,Y
Male,Yes,0,Graduate,No,111734,15807,72,300,1,Urban,Y
Male,No,1,Not Graduate,No,55351,1639,95,360,1,Semiurban,Y
Male,Yes,0,Graduate,No,103218,10767,63,360,0,Semiurban,Y
Female,Yes,2,Graduate,Yes,35513,12835,157,240,1,Urban,Y
Female,Yes,0,Graduate,No,38760,24028,203,360,1,Semiurban,Y
Male,Yes,0,Graduate,No,101710,55240,265,180,1,Urban,Y
Male,Yes,1,Graduate,No,105545,34095,334,360,1,Rural,Y
Female,No,0,Not Graduate,No,86356,3532,279,300,1,Rural,Y
Female,Yes,1,Not Graduate,No,14625,12862,257,240,1,Semiurban,Y
Male,No,0,Graduate,No,42112,12075,323,480,1,Semiurban,Y
Male,Yes,0,Not Graduate,No,43520,59506,75,360,1,Rural,Y
Male,Yes,0,Graduate,Yes,46228,21762,331,180,1,Semiurban,Y
Male,Yes,2,Graduate,Yes,31375,40949,276,180,1,Semiurban,Y
Female,Yes,2,Not Graduate,No,16339,50166,55,360,1,Semiurban,Y
Male,Yes,0,Graduate,No,22625,5415,147,300,0,Semiurban,N
Female,Yes,1,Not Graduate,Yes,31631,23156,210,300,1,Rural,Y
Female,No,0,Graduate,No,90688,10946,345,360,1,Semiurban,Y
Male,Yes,2,Graduate,No,17565,20585,244,300,1,Semiurban,Y
Male,Yes,0,Graduate,No,57265,41724,224,180,1,Urban,Y
Male,Yes,1,Graduate,Yes,47312,33533,166,480,1,Urban,Y
Female,No,2,Graduate,Yes,105623,645,290,180,1,Semiurban,Y
Female,Yes,2,Graduate,No,95393,56109,319,240,1,Urban,Y
Male,No,3,Graduate,No,84848,14995,320,360,1,Semiurban,Y
Male,Yes,1,Not Graduate,No,37409,24778,146,360,1,Urban,Y
Male,Yes,0,Graduate,No,107156,11198,317,360,1,Semiurban,Y
Female,Yes,0,Not Graduate,No,29106,24134,320,300,1,Rural,Y
Female,Yes,3,Not Graduate,No,94789,25551,130,300,1,Rural,Y
Male,Yes,2,Graduate,No,83233,44773,145,240,0,Rural,N
Male,Yes,1,Graduate,No,50089,33618,344,480,1,Rural,Y
Male,No,2,Graduate,No,77663,8499,141,360,1,Semiurban,Y
Male,Yes,2,Graduate,No,16920,18985,79,480,1,Urban,Y
Male,Yes,2,Graduate,No,45779,38477,211,360,1,Semiurban,Y
Male,No,0,Graduate,No,73138,11816,113,360,1,Urban,Y
Male,Yes,0,Graduate,No,54338,14792,70,360,0,Semiurban,N
Male,No,1,Graduate,No,54918,6378,98,300,1,Semiurban,Y
Male,Yes,0,Not Graduate,No,15853,38410,104,300,1,Semiurban,Y
Male,Yes,1,Graduate,No,46588,47792,195,360,1,Rural,Y
Female,No,3,Graduate,No,91920,12977,227,180,1,Urban,Y
Male,No,3,Graduate,No,26267,8834,199,240,1,Semiurban,Y
Male,Yes,2,Graduate,No,106759,10333,160,360,1,Urban,Y
Female,Yes,0,Graduate,No,16781,45574,200,180,1,Rural,Y
Male,No,1,Not Graduate,No,76536,6479,269,300,1,Urban,Y
Male,Yes,0,Not Graduate,Yes,17525,12644,78,360,1,Urban,Y
Male,No,2,Graduate,No,21526,5249,158,180,1,Urban,Y
Female,Yes,2,Graduate,No,86978,7128,298,360,1,Rural,Y
Male,Yes,3,Not Graduate,No,17287,7590,173,300,1,Rural,Y
Female,No,0,Graduate,No,84127,12069,320,180,1,Urban,Y
Female,Yes,0,Graduate,No,102584,45479,59,360,1,Urban,Y
Male,No,0,Graduate,Yes,71389,4181,348,360,1,Semiurban,Y
Female,No,1,Graduate,No,50851,13603,332,360,1,Semiurban,Y
Female,Yes,1,Graduate,No,87927,25172,341,240,1,Urban,Y
Male,No,3,Graduate,No,37487,2869,147,180,0,Rural,N
Male,Yes,0,Not Graduate,No,85380,3589,258,360,1,Semiurban,Y
Male,Yes,0,Not Graduate,No,16000,42069,276,240,1,Semiurban,Y
Male,Yes,0,Graduate,No,59422,42610,174,360,1,Semiurban,Y
Male,No,3,Not Graduate,No,65408,14537,110,480,0,Semiurban,N
Female,Yes,1,Not Graduate,Yes,89399,50010,233,360,1,Semiurban,Y
Male,No,1,Graduate,No,21542,13585,160,120,1,Semiurban,Y
Male,No,2,Graduate,No,110359,1969,178,360,1,Urban,Y
Male,Yes,2,Graduate,No,94056,58916,70,360,0,Urban,Y
Male,Yes,2,Graduate,No,63024,4102,78,180,0,Urban,N
Male,Yes,2,Not Graduate,No,119914,55997,63,120,1,Semiurban,Y
Female,Yes,1,Graduate,No,19120,29696,258,360,0,Semiurban,N
Female,Yes,1,Graduate,No,95558,18336,188,120,1,Semiurban,Y
Female,Yes,0,Not Graduate,No,107161,26425,260,360,1,Urban,Y
Male,No,1,Graduate,No,62393,781,132,360,0,Urban,N
Female,Yes,3,Graduate,No,37594,13004,153,300,1,Urban,Y
Female,Yes,3,Graduate,No,64600,7124,289,360,1,Urban,Y
Male,Yes,0,Graduate,No,40687,49174,266,240,1,Semiurban,Y
Male,Yes,1,Not Graduate,No,36954,14303,279,180,1,Urban,Y
Female,Yes,2,Graduate,No,18263,9230,252,240,1,Rural,Y
Female,Yes,3,Graduate,No,44784,54525,102,300,1,Rural,Y
Female,No,1,Graduate,No,21853,229,132,360,0,Rural,N
Male,Yes,0,Graduate,No,34494,37520,329,300,0,Rural,N
Female,Yes,1,Not Graduate,No,82694,15927,108,360,1,Semiurban,Y
Female,Yes,0,Graduate,No,108834,1501,302,360,1,Semiurban,Y
Female,Yes,3,Graduate,No,20007,26388,304,240,1,Rural,Y
Male,No,0,Not Graduate,No,30825,1382,137,240,1,Urban,Y
Male,Yes,1,Not Graduate,No,113880,21957,326,480,0,Semiurban,N
Female,Yes,2,Graduate,No,34834,4767,342,180,1,Rural,Y
Male,Yes,1,Graduate,No,93715,39908,327,240,1,Urban,Y
Male,Yes,3,Not Graduate,No,91320,45337,167,360,1,Rural,Y
Female,Yes,0,Graduate,No,56265,55452,312,360,1,Urban,Y
Female,Yes,1,Graduate,No,16692,45565,275,180,0,Urban,N
Female,Yes,1,Graduate,No,36479,1718,281,240,1,Rural,Y
Male,No,2,Graduate,No,76549,6299,327,180,1,Rural,Y
Female,No,0,Not Graduate,No,87602,3213,302,480,1,Semiurban,Y
Female,Yes,0,Graduate,No,115862,15563,238,180,1,Urban,Y
Female,No,1,Graduate,No,71852,9325,69,120,1,Urban,Y
Male,No,0,Graduate,No,80627,6441,285,360,1,Urban,Y
Female,Yes,0,Not Graduate,No,108909,37752,187,360,0,Urban,N
Male,Yes,3,Graduate,Yes,65071,10775,183,180,1,Urban,Y
Female,No,3,Graduate,No,62997,2747,344,240,0,Urban,N
Male,Yes,1,Graduate,Yes,78123,6960,336,360,1,Urban,Y
Female,Yes,3,Not Graduate,No,14048,39969,214,360,1,Urban,Y
Female,Yes,0,Graduate,Yes,100529,58580,312,360,1,Rural,Y
Female,Yes,0,Graduate,No,55727,38140,170,240,1,Rural,Y
Male,Yes,0,Graduate,Yes,54960,13257,104,240,1,Semiurban,Y
Male,No,1,Not Graduate,No,43214,13087,268,300,1,Urban,Y
Female,No,0,Not Graduate,No,49156,12611,94,120,1,Semiurban,Y
Male,Yes,1,Graduate,No,29253,49660,294,120,1,Urban,Y
Female,Yes,3,Not Graduate,No,118088,50846,269,300,0,Rural,N
Female,No,1,Graduate,No,33966,2264,302,360,1,Rural,Y
Female,Yes,0,Graduate,No,116412,56806,212,360,0,Urban,N
Male,Yes,1,Graduate,Yes,102856,28056,220,120,0,Urban,N
Male,Yes,2,Graduate,No,96848,57567,168,180,1,Semiurban,Y
Male,No,3,Graduate,Yes,56555,7872,67,360,1,Semiurban,Y
Male,Yes,0,Graduate,No,92859,25104,247,360,0,Semiurban,N
Female,No,2,Not Graduate,No,95535,12924,275,360,1,Semiurban,Y
Male,Yes,2,Not Graduate,No,60343,18868,157,480,1,Urban,Y
Male,No,2,Graduate,Yes,20246,2069,152,360,0,Semiurban,N
Female,Yes,0,Graduate,No,80103,16039,262,240,1,Semiurban,Y
Female,Yes,1,Not Graduate,No,104558,5707,283,240,1,Urban,Y
Female,Yes,2,Graduate,No,75417,8891,244,240,1,Urban,Y
Male,Yes,1,Not Graduate,No,71450,25061,333,240,1,Urban,Y
Male,No,3,Graduate,No,71921,11263,160,240,1,Semiurban,Y
Male,No,3,Graduate,No,87582,9287,159,360,0,Rural,N
Female,No,2,Graduate,No,42968,9062,331,180,0,Urban,N
Female,No,0,Graduate,No,38632,5246,334,480,1,Urban,Y
Female,No,3,Graduate,No,49990,4049,60,360,1,Urban,Y
Female,Yes,2,Graduate,No,88318,28756,51,240,1,Urban,Y
Male,Yes,2,Graduate,No,77234,47104,107,240,1,Rural,Y
Male,Yes,1,Not Graduate,No,31561,1840,100,180,1,Semiurban,Y
Male,Yes,0,Not Graduate,No,84641,32043,288,360,1,Semiurban,Y
Female,Yes,2,Graduate,No,99470,33707,232,240,1,Urban,Y
Male,No,3,Not Graduate,No,17300,3309,58,240,1,Rural,Y
Male,No,3,Graduate,Yes,20704,5683,133,480,0,Semiurban,N
Male,Yes,0,Graduate,No,107651,38461,228,360,1,Urban,Y
Female,Yes,2,Graduate,No,37733,59746,52,360,0,Urban,Y
Female,Yes,3,Graduate,Yes,31782,47956,127,180,1,Rural,Y
Female,Yes,2,Graduate,Yes,113105,48891,95,180,1,Urban,Y
Male,Yes,1,Graduate,Yes,56949,43366,320,360,0,Urban,N
Male,Yes,1,Graduate,No,82274,878,141,300,0,Rural,N
Male,Yes,2,Graduate,Yes,14976,51762,335,360,1,Urban,Y
Female,No,1,Graduate,Yes,90161,4697,242,180,0,Semiurban,N
Female,No,0,Graduate,No,118229,12158,50,360,1,Semiurban,Y
Female,Yes,2,Graduate,Yes,24736,14998,282,180,1,Semiurban,Y
Female,Yes,1,Graduate,No,29083,13894,63,240,1,Semiurban,Y
Male,Yes,3,Not Graduate,No,59424,40255,132,300,1,Urban,Y
Male,Yes,0,Graduate,No,68521,27931,61,300,1,Rural,Y
Male,Yes,0,Not Graduate,No,101712,41401,53,240,1,Urban,Y
Male,Yes,0,Graduate,No,77062,36990,281,300,0,Urban,N
Male,Yes,1,Not Graduate,No,49361,27863,138,480,1,Rural,Y
Male,No,0,Graduate,Yes,84737,973,110,360,1,Urban,Y
Male,No,2,Graduate,No,70894,6531,191,360,1,Urban,Y
Male,Yes,1,Not Graduate,No,70688,7038,125,360,0,Urban,N
Female,No,1,Graduate,Yes,71370,1665,176,180,1,Urban,Y
Male,No,0,Not Graduate,No,76491,4919,152,360,1,Semiurban,Y
Male,Yes,1,Graduate,No,100652,23287,278,300,1,Urban,Y
Male,Yes,1,Graduate,No,117336,57158,152,360,1,Rural,Y
Female,No,2,Not Graduate,No,31518,1293,230,360,1,Rural,Y
Female,Yes,0,Graduate,No,25129,20355,219,360,1,Urban,Y
Male,Yes,1,Graduate,Yes,45071,2447,60,360,1,Urban,Y
Male,No,1,Graduate,No,103283,4416,343,120,1,Rural,Y
Male,Yes,0,Graduate,No,16967,52942,202,360,1,Semiurban,Y
Female,No,1,Graduate,No,20535,3254,287,360,1,Rural,Y
Female,Yes,2,Graduate,No,25051,9728,160,300,0,Semiurban,N
Female,Yes,2,Not Graduate,No,39647,48297,313,360,1,Semiurban,Y
Male,No,1,Graduate,No,46617,2705,270,360,0,Urban,N
Male,Yes,1,Not Graduate,No,34482,6926,95,300,0,Semiurban,N
Male,Yes,2,Graduate,No,83532,52375,92,240,1,Rural,Y
Female,No,3,Graduate,No,14937,11975,325,360,1,Urban,Y
Male,No,3,Not Graduate,No,46083,4982,323,180,1,Semiurban,Y
Female,Yes,2,Graduate,No,78433,24497,274,480,1,Urban,Y
Male,Yes,0,Graduate,No,24281,54316,142,360,1,Urban,Y
Female,Yes,1,Graduate,No,77494,44193,188,360,1,Semiurban,Y
Male,Yes,2,Graduate,No,74539,43554,75,240,1,Urban,Y
Male,Yes,2,Not Graduate,No,58479,27993,72,300,1,Urban,Y
Female,Yes,3,Graduate,No,55687,47373,243,300,1,Semiurban,Y
Female,Yes,1,Not Graduate,No,104013,41920,194,360,1,Semiurban,Y
Female,No,1,Graduate,No,31882,1061,277,120,1,Urban,Y
Male,Yes,3,Graduate,No,94616,26648,190,360,1,Semiurban,Y
Male,Yes,1,Graduate,No,17385,57693,273,180,1,Semiurban,Y
Female,Yes,0,Graduate,No,23689,19654,87,240,0,Semiurban,N
Male,Yes,2,Graduate,No,119577,57221,154,360,1,Urban,Y
Female,No,0,Not Graduate,Yes,45359,5262,334,360,1,Rural,Y
Male,No,1,Not Graduate,No,76958,2369,184,180,1,Urban,Y
Male,No,2,Graduate,No,66577,6587,82,300,1,Rural,Y
Male,No,0,Graduate,No,110698,8955,71,360,0,Semiurban,Y
Female,Yes,1,Graduate,Yes,47503,27112,314,360,1,Urban,Y
Female,Yes,3,Graduate,No,83554,27668,325,360,0,Semiurban,N
Female,Yes,1,Graduate,No,86346,20470,96,300,1,Rural,Y
Male,Yes,1,Graduate,No,19679,55366,294,480,1,Rural,Y
Male,Yes,0,Graduate,No,20109,14881,325,360,1,Urban,Y
Female,Yes,1,Graduate,Yes,79458,37962,183,300,1,Urban,Y
Male,Yes,1,Graduate,No,29810,19576,321,480,1,Urban,Y
Female,No,2,Graduate,No,84974,10049,272,300,1,Urban,Y
Female,Yes,0,Not Graduate,No,67520,56700,236,300,1,Semiurban,Y
Male,Yes,2,Graduate,No,40931,12601,309,360,1,Urban,Y
Female,Yes,1,Graduate,Yes,95038,12079,264,300,1,Urban,Y
Female,Yes,0,Not Graduate,Yes,100508,27885,132,360,1,Urban,Y
Male,No,2,Graduate,No,102957,10758,292,300,1,Urban,Y
Male,Yes,0,Graduate,No,25096,6048,240,480,0,Rural,N
Female,Yes,1,Graduate,Yes,111679,59273,324,120,1,Semiurban,Y
Female,Yes,1,Graduate,No,22372,11330,345,360,0,Semiurban,N
Male,No,0,Graduate,No,115878,4310,134,360,1,Urban,Y
Male,No,0,Graduate,No,111578,14491,295,300,1,Semiurban,Y
Female,No,1,Graduate,No,119348,10412,136,300,1,Semiurban,Y
Female,Yes,2,Graduate,No,54506,57583,179,300,1,Rural,Y
Male,Yes,3,Graduate,No,49382,42743,289,300,1,Urban,Y
Male,Yes,3,Graduate,No,70648,18708,325,360,1,Rural,Y
Male,Yes,3,Graduate,No,99097,19232,135,300,1,Rural,Y
Female,Yes,2,Not Graduate,No,13653,42929,327,180,0,Semiurban,N
Female,No,2,Graduate,No,37475,543,247,360,1,Urban,Y
Male,Yes,3,Graduate,No,52053,774,68,360,0,Rural,N
Male,Yes,2,Graduate,No,49565,33697,84,360,1,Urban,Y
Female,Yes,2,Graduate,No,19010,54123,322,240,1,Urban,Y
Male,Yes,1,Graduate,No,26044,1020,214,240,1,Urban,Y
Female,No,1,Graduate,No,62593,13171,340,360,0,Semiurban,N
Male,No,2,Graduate,No,53222,7884,346,360,0,Urban,N
Female,Yes,0,Graduate,No,107538,39204,326,360,1,Urban,Y
Female,Yes,0,Graduate,No,70920,10664,316,240,1,Urban,Y
Male,No,2,Graduate,No,119074,2574,340,240,1,Rural,Y
Male,No,1,Graduate,Yes,17869,13372,109,120,1,Rural,Y
Male,Yes,1,Graduate,No,17938,59640,65,360,1,Semiurban,Y
Female,No,0,Graduate,No,36818,6105,246,360,1,Rural,Y
Male,No,0,Graduate,No,23147,9660,311,360,1,Urban,Y
Male,Yes,0,Not Graduate,No,100641,51780,100,120,1,Rural,Y
Male,Yes,2,Not Graduate,Yes,119134,53449,192,480,0,Semiurban,N
Female,No,0,Not Graduate,Yes,68734,14694,249,300,1,Urban,Y
Female,No,0,Graduate,Yes,41464,4623,50,360,1,Urban,Y
Female,No,1,Graduate,Yes,113319,9202,149,300,1,Urban,Y
Male,Yes,2,Graduate,No,62910,39775,285,360,1,Semiurban,Y
Male,Yes,3,Graduate,No,92526,4761,236,120,0,Semiurban,N
Female,Yes,0,Graduate,No,102860,38974,171,180,0,Urban,Y
Female,Yes,3,Graduate,No,36480,24912,57,300,1,Rural,Y
Female,No,3,Not Graduate,No,78911,5150,110,300,1,Semiurban,Y
Male,Yes,1,Graduate,Yes,83016,44104,332,180,1,Semiurban,Y
Female,No,1,Graduate,Yes,74590,5476,312,360,1,Rural,Y
Female,No,1,Not Graduate,Yes,84555,5678,200,300,0,Urban,N
Female,No,0,Not Graduate,Yes,60125,8141,50,360,1,Semiurban,Y
Male,Yes,0,Graduate,No,48059,3462,285,240,0,Urban,N
Female,No,1,Not Graduate,No,106518,14507,193,120,1,Semiurban,Y
Male,Yes,0,Graduate,Yes,67008,4750,249,480,1,Rural,Y
Female,Yes,0,Not Graduate,No,96080,45745,80,180,1,Rural,Y
Male,No,3,Graduate,No,23294,5160,145,300,1,Urban,Y
Female,Yes,2,Not Graduate,Yes,86647,8923,152,120,1,Rural,Y
Female,Yes,0,Graduate,No,97674,5676,308,360,1,Semiurban,Y
Female,Yes,1,Not Graduate,No,66159,38869,334,360,0,Semiurban,N
Male,Yes,0,Graduate,Yes,108036,5773,313,480,0,Urban,N
Female,No,0,Not Graduate,No,21269,581,182,300,1,Rural,Y
Female,Yes,0,Graduate,No,114717,51817,234,300,1,Rural,Y
Male,Yes,3,Graduate,Yes,47783,35761,272,120,1,Urban,Y
Male,No,3,Not Graduate,No,77979,3198,330,300,1,Rural,Y
Female,No,2,Graduate,No,65201,14991,120,360,1,Urban,Y
Female,No,2,Graduate,No,55982,5774,90,300,1,Urban,Y
Male,No,0,Graduate,No,112356,5317,104,120,1,Urban,Y
Male,Yes,1,Not Graduate,Yes,22922,6561,286,360,0,Urban,N
Male,Yes,2,Graduate,No,62995,3537,140,240,1,Semiurban,Y
Female,No,0,Not Graduate,No,22899,11183,140,480,0,Semiurban,N
Male,Yes,0,Not Graduate,No,19801,693,130,360,1,Semiurban,Y
Male,Yes,0,Graduate,No,35998,59408,227,480,1,Semiurban,Y
Female,Yes,3,Graduate,No,17744,54706,302,180,1,Urban,Y
Male,Yes,1,Not Graduate,No,89317,44175,237,360,0,Semiurban,N
Male,Yes,3,Graduate,No,40341,19927,56,240,0,Urban,N
Female,Yes,3,Not Graduate,No,78385,40080,195,180,1,Semiurban,Y
Male,No,3,Graduate,No,34840,8936,233,300,1,Rural,Y
Female,Yes,1,Graduate,Yes,75818,37315,345,120,1,Semiurban,Y
Male,Yes,1,Graduate,No,114012,45577,173,480,1,Semiurban,Y
Male,No,3,Graduate,No,49876,5025,347,360,0,Rural,N
Male,Yes,1,Graduate,No,32601,21900,217,120,1,Urban,Y
Male,Yes,0,Graduate,No,63270,12035,196,180,1,Urban,Y
Male,Yes,2,Graduate,No,40683,51726,163,300,0,Urban,Y
Male,Yes,1,Not Graduate,No,18081,23341,175,120,1,Semiurban,Y
Female,Yes,0,Graduate,No,23584,25167,251,300,1,Semiurban,Y
Male,Yes,2,Not Graduate,No,71839,21894,338,360,0,Semiurban,N
Male,Yes,1,Graduate,No,33952,25902,73,240,0,Semiurban,N
Male,No,3,Graduate,No,80244,3056,89,240,0,Rural,N
Male,Yes,1,Graduate,No,33247,14788,331,120,1,Semiurban,Y
Male,Yes,2,Graduate,No,58212,59434,318,360,1,Rural,Y
Male,Yes,1,Graduate,No,77946,28608,158,360,1,Semiurban,Y
Female,Yes,1,Not Graduate,No,102535,6173,245,360,1,Urban,Y
Female,No,1,Not Graduate,No,40304,1100,330,480,1,Urban,Y
Female,No,2,Graduate,No,52762,14192,77,360,0,Urban,N
Female,Yes,0,Graduate,No,82340,8353,167,180,0,Urban,Y
Male,Yes,1,Graduate,No,29259,49106,318,360,1,Rural,Y
Female,Yes,2,Graduate,No,108432,41110,56,180,1,Rural,Y
Female,No,2,Graduate,Yes,105970,7191,304,300,0,Semiurban,N
Male,Yes,2,Graduate,No,29123,32986,97,300,0,Semiurban,N
Female,Yes,2,Not Graduate,No,115946,38985,168,480,1,Semiurban,Y
Female,No,0,Graduate,Yes,21311,11203,61,360,0,Urban,N
Male,Yes,1,Graduate,No,32856,38144,321,240,0,Urban,N
Male,No,2,Not Graduate,Yes,62737,6420,133,240,1,Rural,Y
Male,Yes,0,Graduate,No,60309,55131,263,360,0,Semiurban,N
Male,Yes,2,Not Graduate,Yes,79127,52702,251,300,1,Semiurban,Y
Female,Yes,0,Not Graduate,No,37735,44882,206,360,1,Urban,Y
Female,Yes,0,Graduate,No,36873,8485,136,300,1,Rural,Y
Male,Yes,0,Graduate,No,30015,54312,225,480,1,Urban,Y
Male,Yes,1,Graduate,No,17149,34983,302,480,1,Semiurban,Y
Male,No,3,Graduate,No,52781,14867,93,360,1,Urban,Y
Male,Yes,0,Graduate,Yes,48927,30207,145,360,1,Urban,Y
Male,Yes,0,Graduate,No,118026,45188,173,180,1,Urban,Y
Female,Yes,1,Graduate,No,73198,51010,249,480,1,Urban,Y
Female,No,1,Graduate,No,47160,11825,221,480,1,Urban,Y
Female,Yes,3,Graduate,No,107437,38970,307,300,0,Semiurban,N
Female,Yes,0,Graduate,Yes,103454,59523,54,360,0,Rural,N
Female,Yes,2,Graduate,No,30690,21174,240,360,1,Rural,Y
Male,Yes,3,Graduate,No,48199,8959,172,300,1,Rural,Y
Female,Yes,0,Not Graduate,Yes,99516,17352,328,360,1,Rural,Y
Female,No,0,Graduate,No,106161,13264,78,300,1,Semiurban,Y
Female,Yes,3,Graduate,Yes,82013,42311,112,300,1,Urban,Y
Male,Yes,0,Graduate,No,24108,36502,193,300,1,Rural,Y
Female,No,0,Not Graduate,No,72378,4255,186,360,1,Semiurban,Y
Male,Yes,0,Not Graduate,No,118937,44348,62,360,1,Urban,Y
Male,Yes,1,Graduate,No,64468,44693,215,300,1,Urban,Y
Female,No,1,Graduate,No,103785,5850,128,360,0,Urban,Y
Female,Yes,1,Not Graduate,Yes,31920,31709,141,360,1,Urban,Y
Female,Yes,3,Graduate,Yes,51468,14857,343,360,1,Rural,Y
Female,Yes,1,Graduate,No,16598,13006,112,240,1,Urban,Y
Male,Yes,1,Not Graduate,Yes,96525,12221,344,360,0,Rural,N
Female,Yes,1,Graduate,No,98412,44753,159,480,1,Urban,Y
Female,Yes,1,Not Graduate,No,34846,93,197,300,1,Semiurban,Y
Male,No,0,Graduate,No,78489,5734,67,300,1,Urban,Y
Female,Yes,0,Graduate,No,27832,50101,308,360,0,Urban,N
Male,Yes,1,Graduate,Yes,96516,55399,333,240,0,Semiurban,N
Male,No,3,Graduate,No,94610,7122,184,360,1,Semiurban,Y
Male,Yes,2,Graduate,No,40402,45275,128,180,1,Semiurban,Y
Male,Yes,2,Graduate,No,57364,36714,339,240,0,Rural,N
Male,Yes,3,Graduate,No,119617,58224,222,240,1,Rural,Y
Male,No,1,Graduate,No,44065,1092,108,360,1,Semiurban,Y
Female,Yes,2,Graduate,No,42030,56149,336,480,1,Semiurban,Y
Female,Yes,3,Graduate,No,34874,26299,79,360,1,Urban,Y
Female,Yes,1,Graduate,No,74409,2951,235,300,1,Rural,Y
Male,Yes,1,Graduate,Yes,86216,50228,225,300,1,Semiurban,Y
Male,Yes,1,Not Graduate,No,71095,35856,304,300,1,Semiurban,Y
Male,No,0,Graduate,No,99380,244,86,360,1,Urban,Y
Male,Yes,0,Graduate,No,105906,28180,256,300,1,Semiurban,Y
Male,Yes,1,Graduate,No,76297,58536,297,240,1,Rural,Y
Male,Yes,2,Graduate,Yes,56448,45577,345,480,1,Semiurban,Y
Female,Yes,2,Not Graduate,No,101776,37464,208,240,1,Semiurban,Y
Female,Yes,0,Not Graduate,No,114975,37894,221,240,1,Urban,Y
Male,Yes,1,Graduate,No,117847,24781,189,480,1,Semiurban,Y
Female,Yes,2,Graduate,No,85565,30426,252,300,1,Rural,Y
Female,Yes,1,Graduate,No,23668,27511,153,300,1,Semiurban,Y
Male,Yes,0,Graduate,No,53252,45811,162,300,1,Semiurban,Y
Female,Yes,1,Not Graduate,No,26406,57850,339,360,1,Semiurban,Y
Male,Yes,0,Graduate,No,13042,11747,238,300,1,Urban,Y
Female,Yes,1,Graduate,Yes,53158,40244,198,480,1,Semiurban,Y
Female,Yes,0,Graduate,No,44507,19564,219,360,0,Rural,N
Female,No,0,Graduate,Yes,52023,10026,112,300,0,Semiurban,N
Male,No,3,Graduate,No,49367,3709,344,360,0,Urban,N
Male,Yes,0,Graduate,No,91356,47379,294,360,1,Semiurban,Y
Female,Yes,0,Not Graduate,No,111647,37421,278,180,1,Urban,Y
Female,No,1,Graduate,No,57579,3157,196,360,1,Urban,Y
Female,No,0,Not Graduate,Yes,13331,703,204,240,1,Urban,Y
Male,Yes,1,Graduate,No,30538,58801,232,180,1,Urban,Y
Female,Yes,1,Graduate,No,63328,12472,219,360,1,Rural,Y
Male,Yes,1,Not Graduate,No,91886,14313,85,240,1,Urban,Y
Female,Yes,1,Graduate,Yes,83046,36092,239,120,1,Rural,Y
Male,No,0,Graduate,Yes,44592,3193,208,300,1,Semiurban,Y
Male,Yes,0,Graduate,No,78117,48591,252,360,1,Urban,Y
Female,No,3,Graduate,No,110731,9544,75,240,0,Urban,Y
Female,Yes,0,Graduate,No,16920,19798,156,360,1,Urban,Y
Female,No,0,Not Graduate,No,48743,6916,250,300,1,Urban,Y
Male,Yes,0,Not Graduate,No,42641,610,119,120,1,Semiurban,Y
Male,Yes,3,Graduate,No,45244,26757,289,300,1,Urban,Y
Female,No,1,Not Graduate,No,67950,2326,294,360,1,Rural,Y
Male,No,0,Graduate,No,19346,1281,138,480,1,Semiurban,Y
Female,No,0,Graduate,No,115861,2159,73,180,1,Urban,Y
Male,Yes,2,Not Graduate,No,29354,19180,76,360,1,Rural,Y
Female,No,0,Not Graduate,No,113736,1664,293,360,1,Urban,Y
Female,Yes,1,Not Graduate,No,35970,17282,75,300,1,Urban,Y
Female,Yes,2,Graduate,No,20400,11788,129,300,1,Rural,Y
Female,Yes,2,Graduate,No,78470,47494,125,480,1,Semiurban,Y
Female,Yes,3,Not Graduate,Yes,23080,5632,74,180,1,Semiurban,Y
Male,Yes,3,Graduate,No,109353,40251,75,360,0,Rural,N
Female,No,3,Graduate,No,116587,10310,165,360,1,Semiurban,Y
Female,Yes,0,Graduate,No,112180,7169,302,180,1,Rural,Y
Female,No,0,Graduate,No,14813,5909,198,180,1,Urban,Y
Female,Yes,0,Not Graduate,No,37212,59557,149,360,1,Semiurban,Y
Male,Yes,0,Graduate,No,14427,19970,307,360,1,Semiurban,Y
Female,Yes,1,Not Graduate,Yes,61045,40229,243,360,1,Urban,Y
Female,Yes,2,Graduate,No,35810,26034,268,360,1,Rural,Y
Female,Yes,0,Graduate,No,53799,52087,137,240,1,Urban,Y
Female,Yes,1,Graduate,Yes,91244,8770,64,360,1,Rural,Y
Male,Yes,0,Graduate,No,112742,26903,161,120,1,Urban,Y
Female,Yes,0,Graduate,No,96640,26778,138,360,1,Semiurban,Y
Male,Yes,1,Graduate,No,79419,1773,332,300,1,Semiurban,Y
Male,Yes,2,Graduate,No,82049,55814,164,360,1,Rural,Y
Male,Yes,0,Not Graduate,No,21996,24386,201,360,0,Urban,N
Female,Yes,3,Graduate,No,64620,19526,54,180,1,Semiurban,Y
Female,Yes,0,Graduate,No,29506,54864,50,120,1,Semiurban,Y
Female,Yes,1,Graduate,No,54898,50851,248,360,1,Rural,Y
Female,No,0,Graduate,Yes,50822,10788,142,180,1,Rural,Y
Male,Yes,0,Graduate,No,17960,18633,133,360,1,Rural,Y
Male,Yes,1,Graduate,No,113251,56483,107,180,0,Semiurban,Y
Female,Yes,1,Graduate,No,81054,6326,132,360,1,Semiurban,Y
Male,Yes,3,Graduate,Yes,102202,48832,136,360,1,Urban,Y
Male,No,1,Graduate,No,24630,63,214,360,1,Urban,Y
Male,No,3,Graduate,Yes,58567,9062,132,480,0,Semiurban,N
Male,Yes,1,Graduate,No,71950,49563,273,480,0,Urban,N
Male,No,1,Not Graduate,No,38718,3514,297,300,1,Semiurban,Y
Male,No,3,Not Graduate,No,112658,6594,140,300,1,Semiurban,Y
Female,No,0,Not Graduate,No,99008,8287,130,240,1,Semiurban,Y
Male,Yes,2,Graduate,No,36488,30217,82,360,1,Rural,Y
Male,Yes,3,Graduate,Yes,17694,27688,239,360,1,Semiurban,Y
Male,No,2,Graduate,Yes,28703,7652,277,480,1,Rural,N
Male,Yes,1,Graduate,No,44368,35456,203,300,1,Semiurban,Y
Male,No,2,Graduate,No,60318,11402,254,360,1,Semiurban,Y
Female,Yes,0,Graduate,No,92837,33241,339,360,1,Urban,Y
Female,Yes,1,Graduate,No,51041,58103,119,360,1,Semiurban,Y
Female,Yes,1,Graduate,No,51913,4124,274,360,1,Urban,Y
Male,Yes,1,Graduate,No,45411,36644,230,360,0,Urban,N
Female,Yes,1,Not Graduate,No,51618,7375,260,300,1,Semiurban,Y
Female,Yes,2,Graduate,No,61914,19199,349,360,1,Urban,Y
Male,Yes,1,Graduate,Yes,34400,7750,66,240,1,Semiurban,Y
Female,Yes,1,Not Graduate,Yes,83350,11740,188,360,1,Semiurban,Y
Male,Yes,3,Graduate,No,99257,52723,71,300,1,Rural,Y
Male,Yes,2,Graduate,No,25891,36263,227,300,0,Urban,N
Female,No,3,Graduate,No,101084,5651,249,360,1,Semiurban,Y
Female,Yes,0,Not Graduate,No,50375,6362,335,240,1,Rural,Y
Female,Yes,1,Graduate,No,106504,59786,59,360,1,Urban,Y
Male,Yes,1,Graduate,No,102168,8052,74,240,0,Urban,Y
Female,Yes,1,Graduate,No,99197,22475,266,360,0,Rural,N
Female,Yes,3,Graduate,No,28521,7656,215,480,1,Semiurban,Y
Female,Yes,3,Not Graduate,No,35697,8184,54,300,1,Semiurban,Y
Female,Yes,0,Graduate,No,62960,19895,327,240,1,Urban,Y
Male,Yes,0,Graduate,No,42377,35020,165,300,1,Urban,Y
Male,Yes,2,Graduate,No,90110,3693,51,360,1,Semiurban,Y
Male,No,0,Graduate,No,114078,10487,123,360,1,Urban,Y
Female,Yes,1,Graduate,No,54072,46685,214,360,1,Semiurban,Y
Female,Yes,2,Graduate,No,25291,26612,109,480,1,Urban,Y
Male,Yes,0,Not Graduate,No,95457,3090,235,300,1,Semiurban,Y
Female,Yes,0,Graduate,No,113237,9250,202,300,1,Semiurban,Y
Female,Yes,2,Graduate,No,51358,46027,342,300,1,Rural,Y
Male,Yes,0,Graduate,Yes,37589,8179,321,240,1,Rural,Y
Male,Yes,1,Not Graduate,No,67983,2453,312,300,1,Urban,Y
Male,Yes,0,Graduate,No,49387,54212,334,300,1,Urban,Y
Male,Yes,2,Graduate,No,39879,21458,165,300,0,Semiurban,N
Male,Yes,3,Graduate,No,36640,19171,192,360,1,Semiurban,Y
Female,No,3,Graduate,No,20559,5085,164,240,1,Semiurban,Y
Female,No,1,Graduate,No,56755,862,350,360,1,Semiurban,Y
Male,Yes,1,Graduate,No,14223,34818,169,360,1,Urban,Y
Male,No,1,Graduate,No,49681,2788,200,300,1,Semiurban,Y
Female,Yes,3,Not Graduate,No,72007,38196,239,300,1,Rural,Y
Female,Yes,2,Graduate,No,79936,48620,106,360,1,Urban,Y
Female,No,1,Graduate,No,98844,13856,87,360,1,Semiurban,Y
Female,No,1,Not Graduate,No,81352,4902,184,480,0,Rural,N
Male,Yes,2,Graduate,No,80599,6868,92,240,1,Urban,Y
Female,No,2,Graduate,Yes,44212,9990,301,360,1,Rural,Y
Female,Yes,3,Graduate,No,98073,56784,343,360,1,Urban,Y
Female,Yes,1,Graduate,No,67438,38351,156,240,1,Urban,Y
Female,No,1,Graduate,No,110173,194,213,240,1,Urban,Y
Male,Yes,0,Graduate,Yes,81813,8234,343,480,1,Semiurban,Y
Female,Yes,0,Graduate,No,102450,34807,217,360,1,Rural,Y
Male,Yes,0,Not Graduate,No,105668,30214,155,300,0,Rural,N
Female,Yes,2,Graduate,No,40446,45233,228,360,1,Semiurban,Y
Male,Yes,2,Graduate,Yes,55760,35687,214,480,0,Rural,N
Female,Yes,1,Graduate,No,23265,42641,221,360,0,Urban,N
Female,Yes,1,Not Graduate,Yes,61785,19017,176,300,1,Urban,Y
Male,No,3,Graduate,No,15692,14012,131,360,1,Rural,Y
Female,Yes,0,Graduate,No,22775,24753,180,240,0,Semiurban,N
Male,Yes,0,Not Graduate,No,54379,41589,154,300,0,Semiurban,N
Female,Yes,0,Not Graduate,No,16911,12380,336,360,1,Rural,Y
Male,Yes,1,Graduate,Yes,78730,57171,102,240,1,Urban,Y
Male,Yes,1,Graduate,No,14832,37705,260,360,1,Semiurban,Y
Female,Yes,3,Graduate,No,102709,235,341,240,1,Rural,Y
Female,No,1,Not Graduate,No,110880,5744,107,360,1,Rural,Y
Female,Yes,3,Graduate,No,71442,17424,150,120,0,Rural,N
Male,No,2,Not Graduate,No,113667,11810,67,240,0,Semiurban,N
Male,Yes,0,Graduate,No,59073,33552,163,360,1,Urban,Y
Female,Yes,2,Graduate,No,91304,816,107,480,1,Semiurban,Y
Female,No,0,Graduate,Yes,46669,12902,135,480,0,Urban,N
Male,No,0,Graduate,Yes,97507,5834,280,300,1,Rural,Y
Male,Yes,2,Graduate,No,104294,17833,101,360,1,Urban,Y
Male,No,1,Graduate,No,92756,5071,100,480,0,Urban,N
Female,Yes,1,Graduate,No,74215,9897,249,480,0,Semiurban,N
Male,Yes,1,Not Graduate,No,115999,9447,144,240,1,Rural,Y
Male,Yes,0,Graduate,No,16645,12610,206,300,1,Semiurban,Y
Male,Yes,0,Graduate,No,97563,11130,78,480,1,Urban,Y
Female,No,0,Not Graduate,No,29765,1148,342,300,1,Semiurban,Y
Male,Yes,1,Graduate,Yes,24554,32435,174,180,0,Semiurban,N
Male,Yes,1,Graduate,Yes,110649,51032,67,360,1,Urban,Y
Male,Yes,1,Graduate,No,21905,42931,249,300,1,Urban,Y
Female,Yes,3,Not Graduate,No,115854,7331,303,180,1,Rural,Y
Male,Yes,0,Graduate,No,19050,9483,165,360,1,Rural,Y
Male,Yes,0,Graduate,Yes,56868,11867,159,480,1,Urban,Y
Male,Yes,0,Not Graduate,No,74188,57888,142,300,1,Semiurban,Y
Female,Yes,1,Graduate,No,73646,26802,90,360,1,Urban,Y
Male,No,2,Graduate,No,102707,5883,349,360,1,Urban,Y
Male,Yes,2,Graduate,No,88210,55154,96,240,1,Rural,Y
Female,No,2,Not Graduate,No,84876,7011,313,360,1,Semiurban,Y
Male,No,1,Graduate,No,15097,8375,168,300,1,Rural,Y
Male,Yes,1,Graduate,No,23239,28651,203,120,1,Semiurban,Y
Male,Yes,3,Graduate,No,114946,21367,167,240,1,Semiurban,Y
Female,No,0,Graduate,No,81177,6721,213,240,1,Semiurban,Y
Male,Yes,3,Graduate,No,101957,48663,125,360,1,Urban,Y
Male,No,0,Graduate,No,61401,4074,199,360,0,Semiurban,N
Male,Yes,0,Graduate,No,86465,5897,112,240,1,Urban,Y
Male,Yes,2,Graduate,No,30201,44925,303,240,1,Rural,Y
Female,No,1,Graduate,No,108083,5518,203,360,0,Urban,N
Female,Yes,0,Graduate,Yes,90213,53473,313,240,1,Semiurban,Y
Male,No,0,Graduate,No,80601,14456,93,300,1,Semiurban,Y
Female,Yes,0,Graduate,No,117494,20253,126,480,1,Urban,Y
Male,Yes,0,Not Graduate,No,65885,1964,278,300,0,Semiurban,N
Female,Yes,3,Graduate,No,69883,9717,77,180,1,Urban,Y
Male,No,2,Graduate,Yes,78452,2493,120,360,1,Semiurban,Y
Female,No,0,Not Graduate,Yes,81583,5679,306,360,1,Semiurban,Y
Male,Yes,2,Graduate,No,65947,20419,131,480,1,Rural,Y
Male,Yes,0,Graduate,No,85402,9141,332,360,1,Urban,Y
Female,No,1,Not Graduate,No,57344,9248,59,240,0,Urban,N
Male,Yes,1,Graduate,No,65529,1542,77,180,1,Semiurban,Y
Female,Yes,0,Not Graduate,No,38280,59249,115,360,0,Semiurban,N
Male,Yes,0,Graduate,No,81776,46879,241,120,1,Semiurban,Y
Female,Yes,2,Not Graduate,No,110817,16944,209,300,1,Rural,Y
Male,No,3,Graduate,No,95101,4912,246,360,1,Semiurban,Y
Female,Yes,1,Graduate,No,38864,47965,208,300,1,Urban,Y
Female,Yes,3,Graduate,No,53661,49601,101,360,1,Semiurban,Y
Male,Yes,3,Graduate,No,104221,53034,248,480,0,Rural,N
Male,No,0,Graduate,No,69924,14481,259,360,1,Rural,Y
Female,No,0,Graduate,Yes,32924,9472,80,360,1,Urban,Y
Male,No,0,Graduate,No,31080,2057,170,300,1,Urban,Y
Male,Yes,1,Graduate,No,31970,7239,127,180,1,Semiurban,Y
Female,Yes,2,Graduate,No,114977,11276,58,480,1,Urban,Y
Female,Yes,0,Graduate,No,92276,32313,150,360,1,Urban,Y
Male,Yes,2,Graduate,No,100757,38453,197,360,0,Rural,N
Male,Yes,0,Not Graduate,No,65104,26552,182,360,1,Rural,Y
Male,No,0,Graduate,No,52763,3212,192,180,1,Urban,Y
Male,Yes,1,Graduate,No,81191,27779,52,360,1,Urban,Y
Female,Yes,0,Graduate,No,38429,6883,278,360,1,Semiurban,Y
Male,Yes,2,Graduate,Yes,51035,31119,109,240,1,Semiurban,Y
Male,Yes,1,Graduate,No,114324,49100,103,360,1,Rural,Y
Male,No,3,Graduate,No,110468,834,309,240,1,Urban,Y
Female,No,0,Graduate,Yes,27791,1262,155,480,1,Urban,Y
Male,No,0,Not Graduate,No,100604,14208,277,360,1,Urban,Y
Female,Yes,0,Graduate,Yes,66460,6932,268,120,1,Urban,Y
Female,No,0,Not Graduate,No,111374,9635,246,240,1,Urban,Y
Male,Yes,2,Graduate,No,85355,56576,104,360,1,Rural,Y
Male,Yes,2,Graduate,No,77601,2062,57,240,1,Rural,Y
Male,No,0,Not Graduate,No,33268,13504,112,300,1,Rural,Y
Female,Yes,2,Graduate,No,14611,25489,276,360,1,Semiurban,Y
Male,Yes,2,Not Graduate,No,110116,57505,122,180,1,Urban,Y
Female,No,2,Graduate,Yes,13264,3564,151,300,0,Rural,N
Female,No,0,Not Graduate,No,103073,1843,325,360,1,Urban,Y
Female,Yes,0,Graduate,No,108808,27858,88,360,1,Urban,Y
Male,Yes,3,Graduate,No,112093,52923,331,480,1,Semiurban,Y
Male,Yes,3,Graduate,No,52613,36041,96,180,1,Rural,Y
Female,No,1,Not Graduate,No,78265,13439,349,360,0,Urban,N
Female,Yes,0,Graduate,No,26570,8966,329,360,0,Rural,N
Female,No,0,Graduate,No,77241,8301,100,300,1,Urban,Y
Male,No,2,Graduate,No,62246,309,128,240,1,Rural,Y
Female,No,1,Graduate,Yes,58937,1059,276,180,1,Urban,Y
Female,Yes,1,Graduate,No,81672,42022,167,300,1,Urban,Y
Female,Yes,3,Graduate,No,69973,19431,87,360,1,Urban,Y
Female,Yes,1,Graduate,No,46021,50500,251,360,1,Urban,Y
Female,Yes,1,Graduate,Yes,66607,28089,178,180,1,Rural,Y
Male,Yes,3,Not Graduate,No,56336,13647,330,480,1,Semiurban,Y
Male,Yes,0,Not Graduate,No,78053,54781,293,360,1,Semiurban,Y
Male,No,1,Not Graduate,No,89505,11131,169,240,1,Rural,Y
Male,Yes,0,Graduate,No,91165,50593,124,300,1,Semiurban,Y
Female,Yes,1,Not Graduate,No,53192,12573,214,300,1,Semiurban,Y
Female,Yes,0,Graduate,No,22089,38449,64,240,1,Urban,Y
Male,Yes,3,Graduate,Yes,107504,13516,142,180,1,Rural,Y
Male,Yes,0,Graduate,No,60626,42680,300,300,1,Semiurban,Y
Female,Yes,2,Graduate,No,60752,7472,197,240,1,Semiurban,Y
Male,Yes,0,Graduate,No,87836,515,156,360,0,Urban,Y
Male,No,3,Not Graduate,No,13823,1567,186,240,1,Semiurban,Y
Male,Yes,1,Not Graduate,No,111545,1266,160,360,1,Rural,Y
Female,No,0,Graduate,Yes,16312,4771,348,240,1,Rural,Y
Male,Yes,0,Graduate,No,117950,28873,131,360,1,Semiurban,Y
Male,No,0,Graduate,No,109181,6515,216,240,1,Urban,Y
Female,Yes,1,Graduate,No,72557,45922,130,480,1,Semiurban,Y
Male,Yes,1,Not Graduate,No,97487,3129,202,480,1,Semiurban,Y
Male,No,2,Graduate,No,34497,7432,135,360,1,Rural,Y
Female,Yes,2,Graduate,Yes,106737,37,308,360,1,Rural,Y
Female,No,3,Not Graduate,No,14844,2779,72,360,1,Rural,Y
Male,Yes,0,Not Graduate,No,113794,54085,203,360,1,Urban,Y
Female,Yes,3,Graduate,No,32562,22839,148,240,1,Rural,Y
Male,Yes,0,Not Graduate,No,117560,21717,226,360,1,Semiurban,Y
Male,No,0,Not Graduate,No,16376,3703,257,360,0,Rural,N
Female,Yes,0,Graduate,No,37263,57353,133,240,1,Rural,Y
Female,Yes,2,Graduate,No,109048,35282,168,180,0,Rural,N
Female,Yes,3,Graduate,No,110481,39219,251,300,0,Semiurban,N
Male,No,0,Graduate,No,37963,1232,296,300,1,Urban,Y
Male,No,1,Graduate,No,96006,1522,339,240,1,Semiurban,Y
Male,Yes,0,Graduate,No,25090,31563,240,240,1,Rural,Y
Female,Yes,0,Not Graduate,No,64250,16506,246,180,0,Semiurban,N
Female,Yes,2,Graduate,Yes,89737,10376,322,480,1,Urban,Y
Male,Yes,2,Graduate,No,55498,23240,55,300,1,Semiurban,Y
Male,Yes,1,Graduate,No,18470,33909,276,300,1,Semiurban,Y
Female,Yes,3,Graduate,No,29208,10048,97,360,1,Rural,Y
Female,No,1,Graduate,No,12973,4956,327,300,1,Semiurban,Y
Female,No,0,Graduate,No,34302,9648,335,300,1,Rural,Y
Male,Yes,1,Graduate,No,68792,18018,79,360,1,Semiurban,Y
Female,No,1,Not Graduate,No,113559,5253,273,360,1,Semiurban,Y
Male,Yes,1,Graduate,Yes,88611,51047,136,300,0,Rural,N
Female,No,0,Graduate,No,32843,2828,143,360,1,Urban,Y
Male,Yes,2,Not Graduate,No,111212,57863,203,300,1,Urban,Y
Female,No,1,Graduate,No,115929,2662,175,480,1,Semiurban,Y
Male,Yes,2,Graduate,No,63697,11156,277,120,1,Urban,Y
Female,No,0,Graduate,No,36262,1093,294,360,1,Urban,Y
Male,Yes,0,Not Graduate,No,44192,24296,152,360,1,Urban,Y
Female,Yes,3,Graduate,No,103072,3065,264,480,0,Urban,N
Female,Yes,0,Graduate,Yes,101795,49044,264,360,1,Rural,Y
Male,Yes,0,Graduate,No,13353,965,343,300,1,Urban,Y
Female,Yes,2,Graduate,No,100250,7295,155,480,0,Rural,N
Male,Yes,3,Graduate,No,24209,28526,203,180,1,Urban,Y
Female,Yes,2,Graduate,No,72262,11709,287,300,0,Semiurban,N
Female,No,3,Not Graduate,No,102773,3414,178,360,1,Rural,Y
Female,No,2,Graduate,No,25118,8382,331,300,0,Rural,N
Female,Yes,1,Graduate,No,17397,57816,136,240,1,Urban,Y
Female,Yes,1,Graduate,No,114354,21970,150,360,1,Urban,Y
Male,Yes,3,Not Graduate,No,41542,24805,120,300,1,Urban,Y
Female,Yes,1,Graduate,No,97568,792,51,360,1,Rural,Y
Female,Yes,3,Graduate,No,48507,15365,214,360,1,Rural,Y
Male,Yes,0,Graduate,No,68012,3270,206,300,1,Semiurban,Y
Male,Yes,1,Not Graduate,No,48150,13911,284,180,1,Urban,Y
Female,No,3,Graduate,No,66276,13911,289,180,0,Rural,N
Female,Yes,2,Not Graduate,Yes,98392,19459,94,360,0,Semiurban,N
Male,No,0,Graduate,No,87610,13813,106,120,1,Urban,Y
Female,Yes,2,Graduate,No,42957,23811,260,360,1,Urban,Y
Male,Yes,0,Graduate,No,78741,16098,158,120,1,Semiurban,Y
Male,Yes,1,Graduate,No,27760,35913,119,240,1,Semiurban,Y
Female,No,1,Not Graduate,No,113069,8386,281,360,1,Urban,Y
Female,Yes,2,Graduate,No,38902,37528,262,240,1,Urban,Y
Female,No,0,Not Graduate,No,95582,5286,61,360,1,Semiurban,Y
Male,No,2,Graduate,No,85535,6923,89,360,1,Semiurban,Y
Male,Yes,0,Not Graduate,No,64719,50004,133,360,0,Rural,N
Male,Yes,3,Graduate,No,78711,55004,91,360,1,Semiurban,Y
Male,Yes,1,Graduate,No,112855,13374,169,300,1,Rural,Y
Male,Yes,2,Graduate,No,65113,38490,199,240,1,Semiurban,Y
Male,No,0,Not Graduate,No,51647,11257,59,180,1,Semiurban,Y
Female,Yes,3,Graduate,Yes,56561,53708,325,300,1,Urban,Y
Male,No,0,Graduate,No,113682,4553,175,360,1,Rural,Y
Male,Yes,1,Graduate,No,12731,25320,242,480,1,Urban,Y
Male,Yes,1,Graduate,No,18790,6747,244,360,1,Rural,Y
Male,No,2,Graduate,Yes,70820,12692,73,180,1,Semiurban,Y
Male,Yes,0,Graduate,Yes,16074,33631,326,120,1,Rural,Y
Male,Yes,1,Graduate,No,66344,36062,139,360,1,Rural,Y
Female,No,0,Not Graduate,No,79677,8317,346,480,0,Urban,N
Female,Yes,0,Graduate,Yes,89638,44919,107,360,0,Urban,N
Male,Yes,1,Graduate,Yes,16337,34759,118,360,1,Urban,Y
Male,Yes,2,Not Graduate,No,100148,59071,185,240,1,Rural,Y
Female,Yes,0,Graduate,No,101190,53826,298,360,1,Urban,Y
Female,No,3,Graduate,No,61012,3521,258,360,1,Rural,Y
Male,No,1,Graduate,No,46899,9336,281,300,0,Semiurban,N
Male,Yes,1,Graduate,Yes,110856,19244,174,300,1,Rural,Y
Female,Yes,1,Graduate,No,77697,49407,90,360,0,Rural,N
Female,Yes,3,Not Graduate,No,47648,55076,311,360,1,Rural,Y
Female,No,0,Graduate,No,64437,6735,127,480,0,Urban,N
Male,Yes,2,Graduate,No,81329,26722,195,360,1,Semiurban,Y
Female,No,3,Graduate,No,110106,827,181,240,1,Urban,Y
Female,Yes,0,Graduate,No,71468,37302,348,300,1,Urban,Y
Male,Yes,2,Not Graduate,No,44499,14112,214,360,1,Rural,Y
Female,Yes,1,Graduate,No,60780,51182,272,120,1,Urban,Y
Male,Yes,3,Not Graduate,No,118574,16188,98,300,1,Semiurban,Y
Male,Yes,0,Graduate,Yes,20716,18978,202,120,0,Semiurban,N
Female,Yes,1,Graduate,Yes,115862,19985,166,360,0,Semiurban,N
Male,Yes,0,Graduate,No,76973,21063,127,480,0,Semiurban,N
Male,Yes,1,Graduate,No,62298,19472,131,360,1,Semiurban,Y
Female,No,0,Not Graduate,No,19289,8496,143,240,0,Urban,N
Female,No,1,Not Graduate,Yes,46212,9153,255,180,0,Rural,N
Male,Yes,3,Graduate,Yes,12565,5582,292,360,1,Rural,Y
Female,Yes,1,Not Graduate,No,55673,31476,128,360,1,Semiurban,Y
Female,No,0,Graduate,No,76323,4220,111,360,1,Rural,Y
Male,Yes,1,Not Graduate,Yes,18793,32519,300,300,1,Urban,Y
Female,Yes,1,Not Graduate,No,35506,2948,125,360,0,Semiurban,N
Male,Yes,1,Graduate,No,36887,19547,144,360,0,Urban,N
Female,Yes,1,Not Graduate,No,15364,29093,323,300,1,Urban,Y
Male,No,3,Graduate,No,54120,1248,86,360,1,Rural,Y
Female,Yes,2,Not Graduate,No,82544,38868,227,180,1,Urban,Y
Female,Yes,2,Graduate,No,12190,22564,227,360,1,Semiurban,Y
Male,Yes,2,Graduate,No,93153,25716,237,240,1,Rural,Y
Male,Yes,2,Graduate,No,89048,16110,56,360,1,Urban,Y
Female,No,3,Graduate,No,105302,8944,126,240,0,Urban,Y
Male,Yes,1,Graduate,No,107864,2615,172,360,0,Semiurban,Y
Female,Yes,0,Not Graduate,No,98516,29151,323,360,1,Urban,Y
Female,Yes,3,Graduate,No,90684,13542,154,360,1,Semiurban,Y
Male,Yes,0,Not Graduate,No,14708,32973,309,480,1,Rural,Y
Female,Yes,2,Graduate,No,17578,39097,136,120,1,Urban,Y
Male,Yes,2,Graduate,No,48981,56731,163,180,1,Rural,Y
Male,No,1,Graduate,No,84554,5546,337,120,1,Urban,Y
Male,Yes,0,Graduate,Yes,71614,52344,131,180,1,Semiurban,Y
Female,Yes,1,Not Graduate,No,48505,19416,295,360,0,Urban,N
Male,No,3,Graduate,No,49915,6396,87,360,1,Semiurban,Y
Female,Yes,2,Not Graduate,No,29336,57198,258,240,1,Rural,Y
Female,No,1,Not Graduate,Yes,62379,1207,323,300,1,Semiurban,Y
Female,Yes,3,Graduate,Yes,118509,3396,251,240,1,Urban,Y
Male,Yes,0,Graduate,No,96800,41503,269,240,1,Semiurban,Y
Male,Yes,0,Graduate,Yes,33614,3847,171,360,1,Urban,Y
Female,Yes,2,Not Graduate,No,60631,37252,289,360,1,Rural,Y
Male,No,0,Graduate,No,17635,2179,287,300,0,Semiurban,N
Female,Yes,0,Graduate,No,29965,2873,213,240,1,Semiurban,Y
Female,No,0,Graduate,No,94656,9192,111,360,1,Urban,Y
Female,Yes,0,Not Graduate,No,55276,26092,257,240,1,Rural,Y
Female,Yes,1,Graduate,No,65398,24896,56,240,0,Urban,Y
Female,No,0,Graduate,No,50840,7354,128,360,0,Semiurban,N
Male,Yes,2,Graduate,No,15561,4653,241,480,1,Urban,Y
Male,Yes,1,Graduate,No,24306,20711,266,180,1,Semiurban,Y
Female,Yes,0,Graduate,No,54781,20158,276,360,1,Urban,Y
Female,No,1,Graduate,No,103015,7660,348,180,1,Urban,Y
Male,No,3,Graduate,No,68980,12183,203,360,1,Urban,Y
Female,Yes,0,Graduate,No,105517,39798,303,240,1,Semiurban,Y
Male,Yes,1,Not Graduate,No,109791,45486,294,360,0,Urban,N
Female,Yes,0,Graduate,No,33488,1673,234,300,1,Urban,Y
Male,Yes,1,Graduate,No,29466,13784,339,480,1,Urban,Y
Male,No,3,Graduate,No,118886,6468,285,300,0,Semiurban,N
Female,Yes,1,Graduate,No,32899,14669,323,360,1,Urban,Y
Male,Yes,0,Graduate,No,12017,4276,266,360,1,Rural,Y
Female,Yes,0,Graduate,No,91252,38731,318,180,1,Rural,Y
Female,Yes,0,Graduate,No,102445,22419,114,360,1,Rural,Y
Female,Yes,2,Graduate,No,40984,8147,65,120,0,Rural,N
Male,Yes,0,Not Graduate,No,93974,47494,127,480,1,Semiurban,Y
Male,Yes,0,Not Graduate,No,16426,26111,255,480,1,Urban,Y
Female,Yes,1,Graduate,No,16528,21958,210,240,1,Urban,Y
Female,Yes,2,Graduate,No,50995,47705,77,180,1,Urban,Y
Female,Yes,2,Graduate,No,67082,9025,240,360,1,Rural,Y
Male,Yes,0,Graduate,No,78631,43408,232,360,1,Rural,Y
Female,No,2,Graduate,No,53295,9748,298,360,1,Semiurban,Y
Male,No,2,Graduate,No,87276,13740,327,360,0,Semiurban,N
Male,Yes,3,Graduate,Yes,109005,40646,211,360,1,Urban,Y
Male,Yes,1,Not Graduate,No,28719,8636,163,480,1,Urban,Y
Male,Yes,2,Graduate,No,81948,52794,88,360,0,Urban,Y
Female,Yes,0,Graduate,Yes,21598,11957,280,300,1,Rural,Y
Male,Yes,0,Graduate,No,51870,32617,203,240,0,Semiurban,N
Female,Yes,1,Graduate,No,79291,50747,306,360,0,Urban,N
Female,Yes,1,Graduate,No,83651,55562,198,180,1,Urban,Y
Male,No,0,Graduate,No,60506,6566,206,300,0,Semiurban,N
Female,Yes,2,Graduate,No,70172,40863,187,360,1,Urban,Y
Male,No,3,Not Graduate,No,38388,6471,111,180,1,Semiurban,Y
Male,Yes,1,Graduate,Yes,54290,23352,213,360,1,Semiurban,Y
Female,Yes,2,Graduate,No,54962,49257,233,360,1,Rural,Y
Male,Yes,1,Graduate,Yes,80652,29255,222,360,0,Rural,N
Male,Yes,0,Graduate,No,45469,21305,104,240,0,Rural,N
Female,Yes,1,Graduate,No,12647,9418,153,240,1,Semiurban,Y
Female,Yes,2,Not Graduate,No,17491,47853,82,300,0,Semiurban,N
Male,No,0,Not Graduate,No,39808,8399,260,180,1,Semiurban,Y
Male,Yes,2,Graduate,No,113824,57190,192,360,1,Semiurban,Y
Male,Yes,1,Graduate,No,90168,31771,344,360,1,Urban,Y
Male,Yes,0,Graduate,No,81026,863,202,300,1,Urban,Y
Female,No,1,Not Graduate,No,13856,9388,214,300,1,Urban,Y
Female,Yes,3,Graduate,No,83893,2959,121,360,1,Urban,Y
Female,Yes,2,Not Graduate,Yes,42574,5899,231,480,1,Rural,Y
Female,Yes,1,Not Graduate,No,52917,10064,70,240,1,Semiurban,Y
Female,Yes,1,Graduate,No,26900,43011,208,180,0,Semiurban,N
Male,Yes,1,Not Graduate,Yes,91478,20971,316,360,1,Rural,Y
Female,Yes,1,Graduate,No,34061,58425,269,120,1,Semiurban,Y
Female,No,2,Graduate,No,74988,4792,314,240,0,Semiurban,N
Male,Yes,0,Graduate,No,96179,59949,94,300,0,Semiurban,Y
Male,Yes,1,Graduate,Yes,62001,53957,235,360,1,Semiurban,Y
Male,No,3,Graduate,No,30928,3605,292,180,1,Rural,Y
Male,No,3,Graduate,No,87131,927,68,360,1,Rural,Y
Female,No,3,Graduate,No,70723,911,332,240,1,Semiurban,Y
Female,No,0,Not Graduate,No,53151,5142,153,360,1,Rural,Y
Male,No,2,Graduate,Yes,88439,1061,214,300,1,Semiurban,Y
Female,Yes,1,Graduate,No,65082,54183,331,240,1,Semiurban,Y
Female,Yes,0,Graduate,Yes,74781,26122,90,240,1,Semiurban,Y
Male,Yes,1,Graduate,Yes,55743,48380,95,360,0,Urban,N
Female,No,2,Graduate,No,118886,13245,63,360,1,Rural,Y
Female,No,2,Graduate,No,18170,7449,350,180,1,Urban,Y
Male,Yes,1,Graduate,No,104594,33513,273,360,1,Semiurban,Y
Male,Yes,0,Graduate,No,78982,40251,261,360,1,Rural,Y
Male,Yes,2,Graduate,No,42949,48479,101,360,0,Semiurban,Y
Male,Yes,0,Graduate,No,112615,20859,275,360,1,Urban,Y
Male,Yes,1,Graduate,No,79708,17946,193,240,1,Rural,Y
Male,Yes,0,Graduate,No,18737,42690,102,360,0,Rural,N
Female,No,0,Graduate,No,54506,10285,251,360,1,Semiurban,Y
Male,Yes,1,Not Graduate,No,82480,3502,122,240,0,Rural,N
Female,Yes,1,Graduate,No,87301,53097,200,120,1,Urban,Y
Female,No,1,Graduate,Yes,68623,3570,118,360,1,Rural,Y
Male,No,1,Not Graduate,No,104591,2624,125,360,1,Semiurban,Y
Male,No,0,Not Graduate,No,60272,11554,205,360,0,Urban,N
Male,Yes,1,Not Graduate,No,84088,22738,180,360,1,Rural,Y
Male,No,3,Graduate,No,73727,11616,180,300,1,Urban,Y
Female,Yes,2,Not Graduate,No,109088,39961,108,300,1,Urban,Y
Male,No,0,Graduate,No,84327,1176,196,360,1,Rural,Y
Female,No,2,Graduate,No,104436,9679,180,360,1,Semiurban,Y
Female,Yes,2,Graduate,No,28433,35128,257,240,1,Urban,Y
Male,No,0,Graduate,No,95154,5699,65,360,1,Urban,Y
Male,Yes,3,Graduate,No,28136,39307,243,480,1,Rural,Y
Male,Yes,0,Graduate,No,34792,53169,66,180,0,Urban,Y
Male,Yes,1,Graduate,No,39362,47526,274,480,1,Rural,Y
Female,Yes,2,Graduate,No,92513,4729,217,180,1,Rural,Y
Male,Yes,0,Graduate,No,57935,4106,284,300,1,Urban,Y
Female,Yes,2,Not Graduate,Yes,62296,16143,300,360,1,Urban,Y
Female,No,1,Not Graduate,No,58663,9546,130,360,1,Semiurban,Y
Female,No,0,Graduate,No,115915,13342,330,300,0,Semiurban,N
Female,Yes,2,Not Graduate,No,114471,17765,197,480,1,Semiurban,Y
Female,Yes,1,Graduate,No,51412,30724,173,480,1,Rural,Y
Female,Yes,2,Graduate,No,50326,38027,151,180,1,Urban,Y
Female,Yes,1,Not Graduate,No,29565,57334,54,240,1,Urban,Y
Female,Yes,1,Graduate,No,103536,34625,241,360,1,Semiurban,Y
Female,No,0,Graduate,Yes,24071,1063,178,240,1,Semiurban,Y
Male,No,0,Not Graduate,Yes,71782,1594,73,360,1,Semiurban,Y
Female,Yes,0,Graduate,Yes,96189,35908,51,180,1,Semiurban,Y
Male,Yes,2,Graduate,No,35488,46316,150,120,1,Urban,Y
Male,Yes,1,Not Graduate,No,102620,21963,59,360,0,Urban,N
Female,No,0,Not Graduate,Yes,65589,7870,68,180,1,Urban,Y
Male,Yes,3,Graduate,No,38975,55627,315,180,1,Urban,Y
Male,Yes,0,Not Graduate,No,36142,43570,140,120,1,Semiurban,Y
Male,No,2,Not Graduate,No,26925,12421,156,240,1,Urban,Y
Male,Yes,1,Graduate,No,27301,52206,159,240,1,Urban,Y
Female,Yes,0,Graduate,No,64393,19556,202,360,1,Urban,Y
Female,Yes,1,Graduate,No,19144,47820,348,480,1,Rural,Y
Female,Yes,3,Graduate,No,84108,41744,234,240,1,Urban,Y
Female,No,0,Graduate,No,64990,6077,220,360,1,Semiurban,Y
Female,No,1,Graduate,No,19940,10151,263,300,1,Semiurban,Y
Female,Yes,1,Graduate,No,49819,57550,276,360,0,Rural,N
Female,Yes,0,Graduate,No,88095,45792,258,180,1,Rural,Y
Female,No,0,Graduate,No,110956,6361,302,480,1,Urban,Y
Female,Yes,1,Not Graduate,No,66833,12878,330,480,1,Urban,Y
Female,Yes,0,Graduate,No,87726,1712,261,360,1,Semiurban,Y
Female,Yes,1,Graduate,No,111472,35807,89,300,1,Urban,Y
Male,Yes,3,Graduate,No,72542,5792,64,240,1,Urban,Y
Male,Yes,1,Graduate,No,12533,6253,190,360,1,Semiurban,Y
Male,Yes,0,Graduate,No,27443,8638,112,480,1,Urban,Y
Female,No,1,Graduate,No,30894,12266,346,480,1,Urban,Y
Female,Yes,1,Not Graduate,No,26271,30147,121,360,1,Rural,Y
Female,Yes,1,Graduate,No,99155,5237,106,240,1,Rural,Y
Female,Yes,0,Graduate,No,15352,26980,331,240,1,Semiurban,Y
Male,Yes,1,Graduate,No,86870,1804,108,300,1,Semiurban,Y
Female,No,0,Not Graduate,No,42359,4459,189,240,0,Semiurban,N
Female,Yes,0,Graduate,No,25158,18444,73,360,1,Semiurban,Y
Male,No,3,Not Graduate,No,40378,617,87,480,0,Urban,N
Female,Yes,0,Graduate,No,98205,5441,62,120,1,Rural,Y
Male,No,0,Graduate,No,66687,13979,263,480,1,Semiurban,Y
Male,No,0,Graduate,Yes,50270,2365,112,480,1,Urban,Y
Female,Yes,0,Graduate,Yes,53844,12942,88,300,1,Semiurban,Y
Male,Yes,3,Graduate,No,83243,25045,80,180,1,Urban,Y
Male,No,0,Not Graduate,No,24813,9551,208,480,0,Rural,N
Female,No,2,Graduate,No,80256,9103,95,240,1,Rural,Y
Female,No,0,Graduate,No,103383,1230,159,480,1,Semiurban,Y
Female,Yes,3,Graduate,Yes,84628,51682,90,120,1,Urban,Y
Male,Yes,1,Not Graduate,No,34193,16351,127,180,1,Urban,Y
Male,Yes,0,Graduate,No,98960,28399,144,300,1,Urban,Y
Female,Yes,3,Graduate,No,108940,20439,88,120,1,Urban,Y
Male,No,1,Graduate,No,48165,8529,319,480,1,Urban,Y
Female,Yes,3,Graduate,No,16014,24198,104,360,1,Semiurban,Y
Female,Yes,3,Not Graduate,No,59718,51006,308,240,1,Rural,Y
Female,Yes,0,Graduate,No,111669,42821,235,300,1,Urban,Y
Male,Yes,2,Graduate,No,97709,17986,106,360,1,Rural,Y
Female,No,0,Not Graduate,No,113977,13238,102,360,1,Semiurban,Y
Female,Yes,1,Graduate,No,117409,49787,101,300,1,Urban,Y
Female,Yes,1,Graduate,No,115906,43227,132,180,1,Urban,Y
Male,Yes,0,Graduate,No,32387,34472,148,300,1,Semiurban,Y
Male,Yes,0,Graduate,No,71293,39671,109,240,0,Urban,Y
Male,No,0,Graduate,No,113489,5151,149,300,1,Semiurban,Y
Male,Yes,1,Graduate,No,13003,51874,273,240,1,Rural,Y
Female,No,1,Graduate,No,80706,3936,64,180,1,Rural,Y
Male,No,0,Graduate,No,55178,3974,204,180,1,Rural,Y
Male,No,0,Graduate,No,71524,4715,115,360,1,Semiurban,Y
Male,Yes,0,Graduate,No,85301,42105,62,360,1,Semiurban,Y
Male,Yes,0,Not Graduate,No,106204,29139,178,480,0,Rural,N
Female,Yes,0,Not Graduate,No,57151,59963,302,360,1,Urban,Y
Male,Yes,0,Graduate,No,66932,39501,270,360,1,Urban,Y
Male,Yes,2,Graduate,No,107405,3176,248,300,1,Urban,Y
Female,Yes,3,Graduate,No,70216,27156,97,480,1,Semiurban,Y
Female,Yes,1,Graduate,No,14686,33556,193,240,1,Semiurban,Y
Male,Yes,2,Graduate,No,113432,54877,305,360,1,Rural,Y
Male,Yes,2,Graduate,Yes,44837,11410,158,300,1,Urban,Y
Male,Yes,0,Graduate,No,44322,57219,253,360,1,Urban,Y
Female,Yes,3,Not Graduate,No,77403,36903,243,120,1,Urban,Y
Male,Yes,2,Graduate,Yes,116179,22147,199,300,0,Rural,N
Female,Yes,3,Graduate,No,18041,18319,60,480,1,Semiurban,Y
Male,No,2,Graduate,No,25003,7952,201,480,1,Rural,Y
Male,Yes,1,Graduate,No,27626,23539,173,360,0,Urban,N
Male,Yes,3,Graduate,No,28541,53700,231,360,0,Urban,N
Male,Yes,1,Graduate,No,119652,23481,53,240,1,Urban,Y
Male,Yes,0,Graduate,No,41582,32073,299,180,1,Urban,Y
Male,Yes,1,Graduate,Yes,31165,12072,224,300,1,Urban,Y
Female,Yes,2,Graduate,No,12322,47650,280,360,1,Rural,Y
Male,Yes,2,Graduate,No,40468,8959,169,180,1,Semiurban,Y
Female,No,1,Graduate,No,49961,7226,197,360,1,Rural,Y
Male,Yes,3,Graduate,No,103658,59797,103,480,1,Rural,Y
Female,No,2,Graduate,No,98354,7715,264,180,1,Semiurban,Y
Male,No,1,Graduate,Yes,98793,1215,80,240,1,Semiurban,Y
Female,Yes,1,Not Graduate,Yes,94470,54126,294,360,1,Urban,Y
Male,Yes,1,Graduate,No,21386,56951,120,300,1,Semiurban,Y
Female,Yes,3,Graduate,No,31952,39732,209,240,1,Rural,Y
Male,Yes,0,Not Graduate,No,82500,37001,126,360,1,Urban,Y
Male,Yes,0,Graduate,No,61820,24902,156,180,1,Rural,Y
Female,Yes,2,Graduate,No,66097,22445,341,180,0,Rural,N
Male,Yes,0,Graduate,No,118761,25417,230,240,1,Urban,Y
Female,Yes,2,Graduate,No,20337,52788,123,300,0,Urban,Y
Female,Yes,2,Graduate,No,59897,44082,250,300,1,Semiurban,Y
Female,Yes,1,Graduate,No,33585,18263,345,240,1,Urban,Y
Female,Yes,0,Graduate,No,28988,37190,264,300,1,Urban,Y
Male,Yes,2,Not Graduate,No,110394,29314,263,360,1,Rural,Y
Female,No,1,Graduate,No,101760,14374,187,360,1,Semiurban,Y
Female,Yes,2,Graduate,Yes,31312,51604,150,240,1,Semiurban,Y
Male,Yes,0,Graduate,No,29949,24482,109,360,1,Semiurban,Y
Female,Yes,0,Graduate,Yes,50352,29673,334,360,0,Rural,N
Male,No,0,Graduate,No,102887,919,340,360,1,Urban,Y
Female,Yes,2,Graduate,No,65345,41296,162,360,0,Rural,N
Female,Yes,0,Not Graduate,No,31863,1773,75,360,1,Semiurban,Y
Female,Yes,2,Not Graduate,No,38678,13408,158,300,1,Semiurban,Y
Male,No,1,Not Graduate,No,91331,6643,305,360,1,Semiurban,Y
Female,Yes,0,Graduate,No,49491,58369,272,360,1,Urban,Y
Female,No,0,Graduate,Yes,36614,2385,183,360,1,Urban,Y
Male,Yes,2,Not Graduate,No,22150,7096,219,240,1,Urban,Y
Male,Yes,0,Not Graduate,No,87638,41872,68,240,1,Urban,Y
Male,Yes,0,Graduate,No,56555,4970,159,360,1,Semiurban,Y
Male,Yes,1,Graduate,No,58171,33140,75,240,1,Urban,Y
Female,Yes,0,Graduate,Yes,118907,29543,331,240,1,Rural,Y
Male,Yes,1,Not Graduate,Yes,91470,34545,336,360,1,Semiurban,Y
Female,Yes,1,Not Graduate,No,116704,33905,266,180,1,Semiurban,Y
Female,Yes,1,Graduate,No,38110,10474,261,180,0,Semiurban,N
Male,Yes,3,Graduate,No,58732,42180,326,180,1,Urban,Y
Male,Yes,0,Not Graduate,No,87825,43000,310,240,1,Semiurban,Y
Male,Yes,3,Graduate,No,17677,4360,219,360,1,Semiurban,Y
Female,Yes,0,Not Graduate,No,12846,9936,313,300,1,Rural,Y
Male,Yes,1,Graduate,No,41095,16714,212,180,1,Semiurban,Y
Male,Yes,0,Graduate,No,67898,6979,172,120,1,Rural,Y
Male,Yes,1,Graduate,No,13045,41871,283,360,1,Rural,Y
Male,No,2,Graduate,No,111046,1899,111,360,1,Urban,Y
Male,Yes,1,Graduate,No,12143,51133,81,120,0,Urban,N
Male,No,2,Graduate,No,100491,4755,300,240,1,Urban,Y
Female,No,2,Graduate,No,111272,10142,268,480,1,Semiurban,Y
Female,Yes,1,Graduate,No,64266,26387,283,300,1,Semiurban,Y
Female,Yes,0,Graduate,No,14289,40304,237,240,0,Rural,N
Male,No,1,Graduate,No,72148,10225,152,480,1,Rural,Y
Male,No,0,Graduate,Yes,14785,5928,195,300,1,Urban,Y
Male,Yes,2,Graduate,Yes,55090,2434,99,120,1,Rural,Y
Male,Yes,0,Graduate,No,85469,37474,156,360,0,Rural,N
Female,No,3,Graduate,No,78532,8198,155,300,0,Semiurban,Y
Male,Yes,1,Graduate,No,62384,15890,308,480,0,Urban,N
Female,Yes,0,Graduate,No,24008,32430,121,360,1,Urban,Y
Male,Yes,1,Graduate,No,33816,47225,305,360,1,Urban,Y
Male,Yes,2,Graduate,Yes,63265,43520,75,180,1,Urban,Y
Male,Yes,1,Graduate,No,39324,53995,123,300,1,Rural,Y
Male,No,3,Graduate,No,42732,5247,265,360,0,Urban,N
Male,No,0,Graduate,No,89245,858,319,360,1,Urban,Y
Female,Yes,2,Not Graduate,No,119996,34845,72,240,1,Rural,Y
Female,Yes,0,Graduate,No,90661,49545,142,360,1,Semiurban,Y
Male,No,2,Graduate,No,23602,3972,263,300,1,Semiurban,Y
Male,Yes,0,Graduate,No,57716,55905,342,300,1,Semiurban,Y
Female,No,2,Not Graduate,No,40873,1206,95,120,1,Semiurban,Y
Male,Yes,2,Graduate,No,77168,13290,279,360,1,Urban,Y
Male,No,0,Graduate,No,65502,12016,232,360,1,Urban,Y
Female,Yes,2,Graduate,No,64183,56998,114,360,1,Rural,Y
Female,No,1,Graduate,No,58862,402,94,360,1,Rural,Y
Male,Yes,1,Graduate,No,68656,28506,277,360,1,Urban,Y
Male,Yes,1,Not Graduate,No,54580,11076,145,360,1,Semiurban,Y
Male,Yes,1,Graduate,No,82183,6958,119,300,1,Semiurban,Y
Male,Yes,3,Not Graduate,No,15268,35982,146,480,1,Semiurban,Y
Male,Yes,3,Not Graduate,No,50129,8178,275,180,0,Urban,N
Female,Yes,0,Graduate,No,89362,56555,230,360,1,Urban,Y
Female,Yes,0,Not Graduate,No,17161,3675,234,360,1,Semiurban,Y
Female,Yes,2,Graduate,No,85554,54740,301,300,1,Urban,Y
Male,Yes,2,Graduate,Yes,25326,47912,126,300,1,Semiurban,Y
Female,No,0,Graduate,No,15009,6578,226,180,1,Urban,Y
Male,Yes,0,Graduate,No,62389,11019,71,120,0,Semiurban,Y
Male,No,2,Not Graduate,No,97355,11642,266,180,1,Semiurban,Y
Female,Yes,3,Graduate,No,15261,45697,217,300,1,Urban,Y
Female,Yes,3,Not Graduate,No,65478,44452,303,240,1,Semiurban,Y
Female,No,1,Graduate,No,40687,4167,219,360,1,Semiurban,Y
Female,Yes,3,Graduate,No,47083,33205,151,360,1,Rural,Y
Female,Yes,3,Graduate,No,76818,14144,272,480,0,Semiurban,N
Male,Yes,3,Not Graduate,No,80750,30867,52,480,0,Urban,N
Male,No,2,Not Graduate,No,40631,10762,178,300,0,Semiurban,N
Female,No,0,Graduate,No,52055,5228,80,300,1,Semiurban,Y
Female,Yes,0,Not Graduate,Yes,37830,18373,138,480,1,Rural,Y
Male,Yes,1,Not Graduate,No,30596,55347,211,240,1,Urban,Y
Male,Yes,3,Graduate,Yes,85281,23013,106,300,1,Semiurban,Y
Male,Yes,0,Graduate,No,24348,20424,157,300,0,Urban,N
Female,Yes,2,Graduate,No,41333,49191,301,360,0,Urban,N
Male,No,2,Graduate,Yes,98090,5776,344,120,0,Urban,N
Female,Yes,1,Graduate,No,100558,24923,143,360,1,Semiurban,Y
Female,Yes,1,Graduate,No,57686,19172,225,480,1,Rural,Y
Male,No,2,Graduate,No,54490,1536,90,300,0,Urban,N
Female,Yes,2,Graduate,No,112252,27386,119,300,1,Urban,Y
Female,Yes,1,Graduate,No,30402,55434,94,360,0,Urban,Y
Female,No,2,Graduate,No,45728,14466,101,240,1,Semiurban,Y
Male,Yes,2,Graduate,No,89221,40726,80,300,1,Semiurban,Y
Female,Yes,2,Graduate,No,56043,4833,273,360,0,Urban,N
Male,No,2,Not Graduate,No,119595,2048,264,300,1,Urban,Y
Male,No,0,Not Graduate,No,81601,9110,321,480,1,Urban,Y
Male,Yes,2,Graduate,No,118942,15878,255,240,1,Semiurban,Y
Male,No,0,Graduate,Yes,59423,12568,239,300,1,Semiurban,Y
Male,Yes,0,Graduate,No,94406,16958,149,360,1,Semiurban,Y
Female,Yes,3,Graduate,No,23082,58104,69,360,0,Semiurban,Y
Female,Yes,2,Graduate,Yes,31277,44782,349,180,1,Semiurban,Y
Male,Yes,2,Graduate,Yes,71233,14000,132,360,0,Urban,N
Male,No,2,Graduate,No,32397,2567,100,360,1,Semiurban,Y
Male,No,1,Graduate,No,75444,1866,63,300,1,Semiurban,Y
Female,Yes,1,Graduate,No,93100,55082,91,300,1,Urban,Y
Female,Yes,2,Graduate,Yes,96698,24725,316,240,1,Semiurban,Y
Male,No,0,Graduate,Yes,89915,5180,307,300,1,Urban,Y
Male,Yes,1,Graduate,No,65488,44881,285,360,1,Urban,Y
Male,Yes,1,Graduate,Yes,43927,54401,331,360,1,Urban,Y
Female,Yes,0,Graduate,Yes,52698,10464,126,120,1,Semiurban,Y
Male,Yes,0,Graduate,No,37819,44901,89,360,1,Semiurban,Y
Female,Yes,2,Graduate,No,99499,44578,94,360,1,Rural,Y
Female,Yes,1,Graduate,No,96936,31856,269,300,1,Urban,Y
Male,Yes,2,Graduate,Yes,74113,59855,54,300,1,Urban,Y
Female,No,0,Graduate,No,91515,5253,103,240,1,Semiurban,Y
Male,No,3,Graduate,Yes,46711,13083,205,300,0,Semiurban,N
Female,Yes,1,Graduate,No,90648,12193,282,300,1,Semiurban,Y
Male,Yes,2,Graduate,No,67791,15762,349,300,1,Semiurban,Y
Female,No,1,Graduate,Yes,59638,8100,156,300,1,Rural,Y
Female,No,2,Graduate,No,40497,11262,197,360,0,Urban,N
Female,No,0,Graduate,No,12111,4863,106,180,1,Rural,Y
Female,Yes,2,Graduate,No,41722,7385,253,480,1,Urban,Y
Female,Yes,0,Graduate,No,82601,37052,248,360,0,Rural,N
Male,Yes,1,Not Graduate,Yes,48477,35473,162,300,1,Semiurban,Y
Female,No,2,Graduate,No,35740,12235,124,360,1,Rural,Y
Male,Yes,0,Not Graduate,No,90421,14618,193,180,0,Urban,N
Male,Yes,0,Graduate,Yes,32562,18400,295,180,1,Urban,Y
Male,Yes,1,Not Graduate,No,19002,55573,295,300,1,Semiurban,Y
Female,No,1,Graduate,No,93825,9834,79,300,0,Urban,Y
Female,Yes,0,Not Graduate,No,66723,23327,314,360,1,Semiurban,Y
Male,No,3,Graduate,Yes,39690,10352,210,300,1,Rural,Y
Male,No,0,Graduate,No,58189,7350,141,360,1,Urban,Y
Female,Yes,0,Not Graduate,No,23623,37614,158,360,1,Semiurban,Y
Male,Yes,3,Graduate,Yes,112087,13577,56,300,1,Semiurban,Y
Male,No,2,Graduate,No,102577,3186,265,480,0,Urban,N
Female,Yes,1,Graduate,Yes,17951,20347,78,240,1,Semiurban,Y
Female,Yes,2,Graduate,No,67194,59231,170,360,0,Semiurban,Y
Male,Yes,3,Not Graduate,No,94852,10100,124,480,1,Rural,Y
Male,Yes,0,Not Graduate,No,36150,21146,335,360,1,Semiurban,Y
Female,No,3,Not Graduate,No,25932,13416,143,360,1,Urban,Y
Female,Yes,1,Graduate,Yes,39251,47404,334,240,1,Urban,Y
Male,No,1,Graduate,No,73642,9794,254,360,1,Rural,Y
Male,Yes,1,Graduate,No,115318,37964,325,300,1,Rural,Y
Male,Yes,2,Graduate,No,26104,30205,297,360,0,Urban,N
Male,Yes,1,Graduate,No,93487,30832,148,480,1,Semiurban,Y
Male,Yes,2,Graduate,No,104582,11813,206,180,1,Urban,Y
Female,Yes,1,Not Graduate,No,42085,53133,81,300,0,Urban,N
Male,Yes,0,Graduate,No,25091,42520,208,240,1,Rural,Y
Female,Yes,3,Graduate,No,44066,52986,238,120,1,Semiurban,Y
Female,No,3,Graduate,No,67810,10770,83,480,1,Urban,Y
Female,Yes,1,Graduate,No,104626,4256,148,300,1,Rural,Y
Male,Yes,0,Graduate,No,19314,33329,141,300,1,Rural,Y
Male,Yes,0,Graduate,No,35755,49109,345,360,1,Semiurban,Y
Male,Yes,1,Graduate,No,67499,39318,138,360,1,Urban,Y
Female,Yes,0,Not Graduate,No,83010,51277,148,360,1,Semiurban,Y
Male,No,0,Graduate,No,31503,4817,51,300,1,Semiurban,Y
Male,Yes,0,Not Graduate,No,82621,39617,167,480,1,Semiurban,Y
Male,No,2,Graduate,No,45344,11987,69,360,1,Urban,Y
Female,Yes,0,Graduate,No,93293,8752,333,300,1,Urban,Y
Female,No,0,Not Graduate,No,111499,13968,336,360,0,Rural,N
Female,Yes,3,Not Graduate,No,13082,16301,341,300,0,Rural,N
Female,Yes,0,Graduate,No,73646,26532,218,120,1,Rural,Y
Male,Yes,2,Not Graduate,No,29874,36076,310,480,1,Urban,Y
Female,No,1,Graduate,No,68837,7040,280,360,1,Urban,Y
Male,Yes,0,Graduate,No,14916,57159,271,360,1,Urban,Y
Female,No,0,Not Graduate,No,80629,4271,279,180,1,Rural,Y
Female,Yes,0,Graduate,Yes,107416,33107,266,480,1,Urban,Y
Female,Yes,3,Graduate,No,103002,13597,238,360,1,Semiurban,Y
Female,Yes,3,Not Graduate,No,14180,42317,221,360,1,Semiurban,Y
Male,Yes,0,Graduate,No,46641,59063,141,360,1,Semiurban,Y
Male,No,2,Graduate,No,29046,5413,78,480,1,Urban,Y
Female,No,3,Graduate,No,61334,14328,204,360,1,Semiurban,Y
Male,Yes,0,Graduate,No,85306,56896,76,360,1,Semiurban,Y
Male,Yes,2,Graduate,Yes,112155,9260,274,360,1,Urban,Y
Male,Yes,0,Not Graduate,No,31323,59411,300,300,1,Rural,Y
Male,No,1,Graduate,Yes,37467,12244,266,240,1,Urban,Y
Female,Yes,2,Graduate,No,44060,15245,103,360,1,Urban,Y
Male,Yes,2,Graduate,No,109358,59125,74,300,1,Urban,Y
Female,Yes,3,Graduate,No,34683,44250,261,360,1,Rural,Y
Female,Yes,2,Graduate,No,84649,59954,300,360,1,Semiurban,Y
Female,Yes,2,Graduate,No,77855,46718,221,180,1,Urban,Y
Female,No,3,Not Graduate,No,114761,3932,293,300,1,Semiurban,Y
Male,Yes,0,Not Graduate,No,73242,23245,91,300,1,Urban,Y
Male,Yes,2,Not Graduate,No,39257,3892,79,360,1,Urban,Y
Female,No,2,Graduate,No,78353,2457,173,360,1,Urban,Y
Female,Yes,1,Graduate,No,38251,56683,116,480,1,Urban,Y
Male,No,0,Graduate,No,86792,12072,90,180,1,Rural,Y
Female,No,0,Graduate,No,77780,9301,254,360,0,Urban,N
Male,Yes,0,Graduate,No,115226,18132,255,300,1,Urban,Y
Female,Yes,0,Graduate,No,78993,31906,50,240,1,Semiurban,Y
Female,Yes,3,Not Graduate,No,31301,46410,58,360,1,Urban,Y
Female,No,1,Graduate,No,20886,4525,134,360,1,Urban,Y
Male,Yes,0,Graduate,No,14273,20679,192,360,1,Semiurban,Y
Female,Yes,0,Graduate,No,40348,57387,95,360,1,Urban,Y
Female,Yes,0,Graduate,No,45204,29739,306,300,1,Urban,Y
Female,No,0,Graduate,No,25515,273,135,480,1,Semiurban,Y
Male,No,3,Graduate,No,103708,12366,258,300,0,Rural,N
Female,Yes,0,Not Graduate,No,22007,33127,146,120,1,Urban,Y
Female,No,3,Not Graduate,No,22293,5722,157,480,0,Rural,N
Female,Yes,2,Graduate,No,57053,57463,79,360,1,Semiurban,Y
Male,No,3,Graduate,No,59317,13232,315,360,0,Urban,N
Female,Yes,1,Graduate,No,24727,38508,162,300,1,Semiurban,Y
Male,No,3,Not Graduate,Yes,45842,14190,247,240,1,Semiurban,Y
Male,Yes,0,Graduate,No,87265,30363,173,480,0,Rural,N
Male,Yes,1,Graduate,No,50691,5942,94,240,1,Urban,Y
Male,Yes,1,Graduate,No,20227,21019,164,120,1,Urban,Y
Male,Yes,1,Graduate,Yes,18219,40412,258,300,1,Semiurban,Y
Female,Yes,1,Not Graduate,No,110213,52443,206,300,0,Urban,N
Male,Yes,0,Graduate,No,90374,17491,224,240,1,Semiurban,Y
Male,Yes,3,Not Graduate,No,95979,24938,97,120,0,Rural,N
Male,Yes,0,Not Graduate,Yes,82195,9266,263,360,0,Urban,N
Male,Yes,1,Not Graduate,No,97247,51259,245,360,1,Urban,Y
Male,Yes,0,Graduate,No,104853,5659,51,120,1,Urban,Y
Female,Yes,2,Graduate,No,104203,13188,130,180,1,Semiurban,Y
Female,No,0,Graduate,No,28884,4162,147,360,0,Urban,N
Female,Yes,0,Not Graduate,No,55408,44360,312,360,0,Urban,N
Male,No,3,Graduate,No,17756,4719,332,120,1,Rural,Y
Female,Yes,2,Not Graduate,No,46536,29566,254,360,1,Urban,Y
Male,Yes,0,Graduate,No,78199,21658,273,300,1,Urban,Y
Male,No,0,Not Graduate,No,29634,3613,313,360,1,Rural,Y
Female,No,1,Graduate,No,92392,10214,171,180,1,Rural,Y
Female,Yes,3,Graduate,No,23558,6402,149,360,1,Urban,Y
Female,Yes,1,Not Graduate,No,92661,1010,159,360,1,Urban,Y
Female,No,1,Not Graduate,No,107663,4028,336,240,1,Urban,Y
Male,Yes,2,Graduate,No,107823,3131,235,240,1,Semiurban,Y
Female,No,3,Graduate,No,19378,13436,338,300,1,Semiurban,Y
Female,Yes,2,Graduate,No,79773,26477,320,360,1,Rural,Y
Female,Yes,0,Not Graduate,No,98970,43412,323,360,0,Urban,N
Male,No,3,Not Graduate,Yes,40617,2527,175,300,1,Rural,Y
Female,Yes,2,Graduate,No,75564,59418,259,360,1,Semiurban,Y
Female,Yes,2,Graduate,No,108215,18397,344,300,1,Urban,Y
Male,Yes,1,Graduate,No,57169,44805,218,360,1,Semiurban,Y
Female,Yes,2,Not Graduate,Yes,101893,4218,199,480,1,Rural,Y
Male,Yes,0,Graduate,No,27442,51767,302,300,1,Urban,Y
Female,Yes,0,Not Graduate,No,69125,20360,107,360,1,Semiurban,Y
Male,No,0,Not Graduate,No,39072,5750,308,360,1,Urban,Y
Male,No,0,Graduate,No,97486,10474,129,240,1,Urban,Y
Female,No,2,Graduate,No,90669,2742,295,300,1,Semiurban,Y
Female,Yes,2,Not Graduate,No,78342,2201,190,120,1,Rural,Y
Male,Yes,3,Not Graduate,No,43720,24558,319,300,0,Semiurban,N
Female,Yes,0,Not Graduate,No,88778,10108,251,120,0,Semiurban,N
Female,No,2,Graduate,No,76981,2228,74,360,1,Urban,Y
Female,Yes,0,Graduate,No,81561,53805,228,300,1,Rural,Y
Male,No,1,Graduate,No,58847,5258,161,360,0,Semiurban,N
Female,Yes,0,Graduate,No,62630,11953,263,240,0,Urban,N
Female,Yes,0,Graduate,Yes,85554,39944,61,360,0,Urban,N
Male,Yes,0,Graduate,No,32077,37525,191,240,1,Semiurban,Y
Male,Yes,2,Graduate,No,82975,11655,316,360,1,Semiurban,Y
Female,Yes,1,Graduate,No,61707,51126,213,360,1,Urban,Y
Female,Yes,1,Graduate,No,95708,54745,206,240,1,Semiurban,Y
Female,Yes,3,Not Graduate,No,30463,47574,51,360,1,Semiurban,Y
Male,Yes,3,Graduate,No,26752,22660,157,300,1,Urban,Y
Male,Yes,0,Not Graduate,No,72600,29809,167,360,1,Urban,Y
Male,No,2,Graduate,No,34668,5773,237,300,1,Semiurban,Y
Male,Yes,0,Not Graduate,No,52503,6241,251,360,0,Urban,N
Male,Yes,0,Graduate,Yes,60066,24437,228,360,0,Semiurban,N
Female,Yes,1,Not Graduate,No,77743,6404,259,300,1,Rural,Y
Female,Yes,0,Graduate,No,39971,48605,204,300,1,Semiurban,Y
Female,Yes,1,Not Graduate,No,24585,16677,302,360,1,Rural,Y
Male,No,0,Graduate,No,56570,683,315,360,1,Urban,Y
Female,Yes,1,Graduate,No,25208,1264,89,300,1,Urban,Y
Male,No,1,Graduate,No,87075,12952,188,360,1,Semiurban,Y
Male,No,0,Graduate,No,104226,2557,106,360,1,Rural,Y
Male,Yes,2,Not Graduate,No,64665,44358,177,300,1,Semiurban,Y
Male,Yes,2,Graduate,No,65414,2980,300,180,1,Semiurban,Y
Male,Yes,0,Graduate,No,119514,6977,149,360,1,Urban,Y
Female,No,0,Graduate,No,92541,3714,271,300,1,Urban,Y
Female,No,2,Graduate,No,20199,11378,187,360,1,Semiurban,Y
Male,Yes,3,Graduate,No,59737,50736,273,360,1,Urban,Y
Male,Yes,3,Graduate,No,99738,27202,171,360,1,Semiurban,Y
Female,No,2,Graduate,No,112084,8570,249,300,1,Urban,Y
Male,Yes,3,Not Graduate,No,46583,41066,135,300,1,Urban,Y
Male,Yes,2,Graduate,No,31234,55240,220,360,0,Urban,N
Female,Yes,0,Graduate,No,60798,45879,159,240,1,Urban,Y
Female,No,0,Graduate,No,81772,10907,225,180,1,Semiurban,Y
Male,Yes,0,Graduate,No,96340,35381,101,360,1,Rural,Y
Female,Yes,2,Graduate,No,77097,5260,183,300,1,Urban,Y
Male,Yes,1,Graduate,No,19820,58943,99,180,1,Semiurban,Y
Female,Yes,0,Graduate,No,50152,30717,297,120,1,Rural,Y
Female,Yes,3,Graduate,No,30924,48526,241,120,1,Semiurban,Y
Male,Yes,0,Graduate,Yes,48954,35756,318,360,1,Urban,Y
Female,Yes,1,Graduate,Yes,99986,10606,248,360,1,Rural,Y
Female,Yes,1,Graduate,No,64596,2425,215,360,1,Urban,Y
Male,Yes,3,Not Graduate,No,85997,47141,299,360,1,Urban,Y
Male,No,1,Graduate,Yes,21063,12081,241,360,1,Urban,Y
Male,Yes,1,Graduate,No,27448,21765,176,180,1,Rural,Y
Male,No,0,Graduate,No,30428,2854,107,300,1,Rural,Y
Female,Yes,0,Graduate,No,91099,15198,151,360,1,Urban,Y
Female,Yes,2,Graduate,Yes,59459,29401,172,360,1,Urban,Y
Female,Yes,0,Graduate,No,104539,22620,112,120,1,Urban,Y
Male,No,2,Graduate,No,36824,1421,342,300,1,Semiurban,Y
Female,Yes,0,Graduate,No,91023,29739,101,300,1,Rural,Y
Male,Yes,0,Graduate,No,87121,19887,87,180,0,Semiurban,Y
Male,Yes,3,Graduate,No,111715,41588,334,360,1,Semiurban,Y
Female,Yes,1,Not Graduate,No,72920,56732,273,360,1,Urban,Y
Female,Yes,3,Not Graduate,No,116731,46922,282,360,1,Urban,Y
Male,Yes,1,Graduate,No,35205,17314,347,360,1,Semiurban,Y
Female,Yes,2,Graduate,No,56601,7622,50,300,1,Semiurban,Y
Male,Yes,2,Not Graduate,No,40471,55292,109,360,0,Urban,N
Female,No,0,Graduate,No,88503,14598,234,360,1,Urban,Y
Female,Yes,0,Graduate,No,87514,30976,250,300,1,Urban,Y
Female,Yes,1,Graduate,No,31883,10906,248,360,1,Semiurban,Y
Female,No,2,Not Graduate,No,91803,8314,182,480,1,Rural,Y
Female,Yes,1,Graduate,No,35854,56721,258,180,1,Rural,Y
Female,Yes,2,Graduate,No,71797,28772,241,300,1,Urban,Y
Female,Yes,0,Graduate,No,109704,52946,277,180,1,Urban,Y
Female,No,3,Graduate,No,66977,2824,145,360,1,Semiurban,Y
Male,Yes,0,Graduate,No,43700,3400,123,240,1,Urban,Y
Female,Yes,2,Not Graduate,No,61525,37093,182,360,1,Urban,Y
Female,Yes,0,Graduate,No,54351,51021,121,360,1,Semiurban,Y
Male,Yes,2,Graduate,No,46721,16633,321,360,1,Urban,Y
Female,No,0,Graduate,No,94804,12344,316,360,1,Urban,Y
Female,No,1,Graduate,No,70204,6720,204,480,1,Rural,Y
Female,Yes,3,Graduate,No,70540,35674,253,120,1,Urban,Y
Male,Yes,0,Graduate,No,24193,40726,216,360,0,Rural,N
Male,Yes,1,Graduate,No,80078,32575,153,360,1,Urban,Y
Male,No,1,Not Graduate,No,119142,1853,292,480,1,Urban,Y
Male,Yes,0,Not Graduate,No,78395,434,291,120,1,Semiurban,Y
Male,Yes,0,Graduate,No,14779,9642,131,360,1,Urban,Y
Female,Yes,1,Graduate,No,81445,32655,120,360,1,Urban,Y
Female,Yes,0,Graduate,No,14347,51112,100,300,1,Semiurban,Y
Female,Yes,0,Graduate,No,64198,3630,296,360,1,Urban,Y
Male,Yes,1,Graduate,No,30580,59119,171,360,1,Semiurban,Y
Male,Yes,2,Not Graduate,No,89911,10061,167,180,1,Urban,Y
Female,Yes,0,Graduate,Yes,59838,2902,104,360,1,Rural,Y
Female,Yes,0,Graduate,Yes,29130,3029,111,360,1,Semiurban,Y
Female,Yes,0,Graduate,No,12491,54482,187,360,0,Rural,N
Female,Yes,1,Graduate,No,94789,59543,240,480,0,Urban,N
Male,No,1,Graduate,No,14542,14811,288,300,0,Urban,N
Male,No,3,Not Graduate,No,118260,7663,171,360,1,Urban,Y
Male,Yes,1,Graduate,No,97607,37690,290,360,1,Rural,Y
Female,No,1,Graduate,No,50937,3133,206,240,0,Rural,N
Female,Yes,0,Not Graduate,No,74462,7229,222,480,1,Rural,Y
Male,No,3,Graduate,No,92397,9361,74,360,1,Rural,Y
Male,Yes,0,Graduate,No,18627,41057,65,360,1,Urban,Y
Male,Yes,1,Graduate,No,49746,57604,135,300,1,Rural,Y
Male,Yes,0,Graduate,Yes,66079,51241,168,180,1,Semiurban,Y
Female,No,1,Graduate,Yes,55527,2429,288,240,0,Urban,N
Female,Yes,0,Graduate,Yes,76401,56772,218,300,0,Urban,N
Male,Yes,1,Graduate,No,41199,14249,218,360,0,Urban,N
Female,Yes,1,Graduate,No,111832,42426,215,360,1,Rural,Y
Female,No,2,Graduate,No,90004,325,136,240,1,Urban,Y
Female,Yes,2,Graduate,Yes,106332,13290,123,360,1,Urban,Y
Male,Yes,2,Graduate,No,96531,20431,204,180,1,Urban,Y
Female,Yes,2,Graduate,No,35073,42028,177,180,1,Semiurban,Y
Male,No,1,Graduate,No,86829,3680,150,300,1,Semiurban,Y
Male,Yes,3,Graduate,No,36015,51851,227,240,1,Semiurban,Y
Female,Yes,0,Not Graduate,No,41008,16139,60,480,1,Urban,Y
Male,Yes,3,Graduate,Yes,35424,9996,200,360,0,Urban,N
Female,Yes,2,Graduate,No,57461,2937,215,480,1,Urban,Y
Male,Yes,2,Graduate,Yes,58726,21251,323,360,1,Semiurban,Y
Female,Yes,2,Graduate,No,96886,53596,203,480,1,Urban,Y
Male,Yes,1,Graduate,No,78937,52480,68,480,1,Urban,Y
Male,No,2,Graduate,No,14794,5722,164,360,1,Rural,Y
Male,Yes,3,Graduate,No,111149,20582,233,300,1,Rural,Y
Female,No,0,Graduate,No,48394,6710,175,120,1,Urban,Y
Female,Yes,3,Graduate,No,98131,23899,271,240,1,Rural,Y
Male,Yes,3,Graduate,No,19174,20604,337,360,1,Urban,Y
Female,Yes,1,Graduate,No,40281,45398,266,120,0,Urban,N
Male,Yes,0,Graduate,No,108040,6294,75,360,1,Semiurban,Y
Male,Yes,0,Graduate,No,63214,43020,108,300,1,Semiurban,Y
Female,No,1,Graduate,No,81132,13390,230,480,0,Urban,N
Female,Yes,2,Graduate,No,111450,36490,324,360,1,Urban,Y
Male,Yes,3,Graduate,No,12232,47448,333,180,1,Rural,Y
Female,Yes,0,Graduate,No,14325,30546,314,240,1,Rural,Y
Male,Yes,1,Graduate,No,111645,39217,349,360,1,Urban,Y
Female,Yes,0,Graduate,No,22411,17053,248,300,1,Rural,Y
Female,Yes,2,Graduate,Yes,85555,22126,301,360,1,Urban,Y
Female,Yes,2,Not Graduate,No,39161,19901,177,480,1,Urban,Y
Female,Yes,3,Graduate,Yes,57808,34685,227,300,1,Urban,Y
Female,No,1,Graduate,No,25031,6201,303,360,1,Semiurban,Y
Male,No,0,Graduate,No,32145,206,102,180,1,Urban,Y
Female,No,0,Graduate,No,56839,4846,66,360,1,Urban,Y
Male,Yes,1,Graduate,No,78846,31346,119,300,1,Urban,Y
Male,No,2,Graduate,No,99982,973,64,120,1,Urban,Y
Male,Yes,1,Graduate,Yes,102654,46784,192,180,0,Semiurban,N
Female,Yes,0,Not Graduate,No,93159,32540,149,300,1,Rural,Y
Male,Yes,0,Not Graduate,No,19298,273,134,180,1,Urban,Y
Female,Yes,1,Graduate,No,25380,12088,234,180,1,Semiurban,Y
Male,No,0,Graduate,No,113214,14123,309,360,1,Urban,Y
Female,Yes,2,Not Graduate,No,40509,37952,115,300,1,Rural,Y
Female,Yes,0,Graduate,No,66563,5432,217,180,1,Urban,Y
Female,Yes,0,Graduate,No,46016,45487,334,180,1,Rural,Y
Male,No,0,Graduate,No,51348,6012,71,240,1,Rural,Y
Male,No,0,Graduate,No,94745,9620,112,480,1,Semiurban,Y
Male,Yes,1,Graduate,Yes,71532,51282,97,360,1,Semiurban,Y
Male,No,2,Graduate,No,61593,10777,123,360,1,Semiurban,Y
Male,Yes,3,Graduate,Yes,24220,12976,85,360,1,Rural,Y
Male,Yes,3,Graduate,Yes,104257,15168,130,300,1,Rural,Y
Male,Yes,1,Graduate,No,87041,48813,190,360,0,Rural,N
Female,Yes,2,Graduate,No,21071,1427,151,180,0,Urban,N
Female,Yes,1,Not Graduate,No,55007,43345,291,360,1,Semiurban,Y
Female,Yes,0,Not Graduate,No,45852,40516,347,360,0,Semiurban,N
Male,Yes,0,Graduate,No,92592,18935,95,240,1,Rural,Y
Male,Yes,1,Graduate,No,118045,29551,229,240,1,Semiurban,Y
Male,Yes,3,Graduate,Yes,16745,5322,63,480,1,Semiurban,Y
Female,Yes,0,Graduate,No,62921,18915,60,180,1,Rural,Y
Female,Yes,0,Graduate,No,95381,38265,315,360,1,Semiurban,Y
Female,Yes,1,Graduate,Yes,19019,58460,283,360,1,Urban,Y
Female,No,2,Graduate,No,87251,14867,208,360,0,Rural,N
Male,Yes,0,Not Graduate,Yes,25974,37600,266,360,0,Urban,N
Male,Yes,0,Graduate,Yes,118188,23374,221,360,1,Urban,Y
Male,Yes,2,Graduate,No,65366,45962,225,300,1,Semiurban,Y
Male,Yes,2,Not Graduate,No,59211,15977,50,360,1,Urban,Y
Male,Yes,1,Graduate,No,106061,7318,294,360,1,Urban,Y
Female,Yes,1,Graduate,No,32286,17894,309,300,1,Rural,Y
Male,No,2,Not Graduate,No,61298,14054,218,480,1,Semiurban,Y
Female,Yes,1,Graduate,Yes,103920,5127,173,240,1,Urban,Y
Female,No,1,Not Graduate,No,59879,5961,336,360,1,Urban,Y
Female,Yes,0,Not Graduate,Yes,29858,22216,62,300,0,Semiurban,N
Male,No,1,Graduate,No,39345,13428,323,360,1,Urban,Y
Female,Yes,1,Graduate,No,42248,39275,171,240,1,Semiurban,Y
Male,No,3,Graduate,No,31780,5932,214,180,0,Semiurban,N
Female,Yes,3,Graduate,Yes,18279,43700,91,360,1,Urban,Y
Male,Yes,0,Graduate,Yes,88732,30125,148,360,1,Rural,Y
Male,Yes,0,Graduate,Yes,108975,36440,312,180,1,Semiurban,Y
Female,Yes,1,Graduate,Yes,101181,44996,337,360,1,Urban,Y
Male,Yes,0,Graduate,Yes,100639,58259,288,480,1,Rural,Y
Female,No,2,Graduate,Yes,21413,12650,321,360,0,Urban,N
Male,No,1,Not Graduate,No,27933,7875,246,180,1,Rural,Y
Male,No,0,Graduate,No,102476,10285,273,360,1,Urban,Y
Male,Yes,1,Graduate,No,31312,14767,345,360,1,Semiurban,Y
Male,No,0,Not Graduate,Yes,95239,13189,255,360,0,Urban,N
Male,Yes,0,Not Graduate,No,33681,12222,210,240,1,Rural,Y
Female,Yes,1,Not Graduate,No,109909,41274,269,360,1,Semiurban,Y
Male,No,3,Graduate,No,41171,3617,73,300,1,Semiurban,Y
Male,Yes,1,Graduate,No,104075,22788,78,360,0,Semiurban,Y
Male,No,1,Not Graduate,Yes,58704,9455,100,360,1,Semiurban,Y
Female,No,1,Graduate,No,106958,6501,252,360,1,Urban,Y
Female,Yes,2,Graduate,No,98231,40581,340,480,1,Urban,Y
Female,No,2,Graduate,No,76076,13970,346,300,1,Semiurban,Y
Male,Yes,1,Graduate,Yes,74846,44263,160,480,0,Semiurban,N
Male,No,1,Not Graduate,No,97581,7586,270,180,1,Rural,Y
Female,No,0,Graduate,No,83177,703,235,300,1,Semiurban,Y
Male,Yes,0,Graduate,No,30260,33507,288,240,0,Rural,N
Male,Yes,1,Graduate,No,22908,11256,275,240,1,Urban,Y
Female,Yes,0,Graduate,Yes,20395,40447,279,360,1,Urban,Y
Female,Yes,2,Graduate,No,76232,40178,270,360,1,Urban,Y
Male,Yes,2,Graduate,No,101709,46489,59,120,1,Urban,Y
Male,Yes,2,Not Graduate,No,28884,28132,138,240,1,Urban,Y
Male,No,0,Graduate,Yes,109756,10718,320,240,1,Urban,Y
Female,Yes,3,Graduate,No,71886,21685,154,360,0,Rural,N
Male,No,1,Not Graduate,Yes,66466,11623,252,240,1,Rural,Y
Female,Yes,2,Graduate,No,13212,16300,155,360,1,Urban,Y
Female,Yes,0,Graduate,No,88059,30428,52,120,1,Urban,Y
Female,Yes,0,Graduate,Yes,65374,19616,123,360,1,Semiurban,Y
Male,Yes,0,Graduate,Yes,119232,1190,258,360,0,Semiurban,N
Male,Yes,2,Graduate,No,103505,16026,133,180,1,Semiurban,Y
Male,Yes,2,Graduate,No,70334,41678,205,240,0,Semiurban,N
Female,Yes,1,Not Graduate,No,100652,13007,236,120,1,Urban,Y
Female,No,2,Graduate,No,35799,7585,278,360,1,Urban,Y
Male,Yes,3,Graduate,No,43189,1302,180,480,1,Rural,Y
Male,No,1,Graduate,No,20835,13095,208,360,1,Semiurban,Y
Male,Yes,2,Not Graduate,No,98605,47896,236,360,1,Urban,Y
Female,Yes,1,Graduate,No,23568,7010,146,360,0,Rural,N
Male,Yes,0,Graduate,No,30716,28976,178,300,0,Urban,N
Female,Yes,1,Not Graduate,No,81547,37384,287,480,1,Rural,Y
Female,Yes,3,Graduate,No,38400,24832,317,360,1,Urban,Y
Male,Yes,1,Graduate,Yes,78530,41655,345,360,1,Semiurban,Y
Male,Yes,3,Graduate,No,109055,7656,176,360,1,Rural,Y
Female,Yes,3,Graduate,No,95021,59399,218,360,0,Rural,N
Male,Yes,2,Graduate,No,100686,23118,124,360,1,Rural,Y
Female,Yes,0,Not Graduate,No,42782,37708,289,300,1,Semiurban,Y
Male,Yes,1,Graduate,No,88335,40089,202,360,1,Semiurban,Y
Female,No,0,Graduate,No,71231,6602,347,480,1,Semiurban,Y
Female,Yes,3,Graduate,No,112740,29617,231,480,1,Urban,Y
Female,Yes,1,Not Graduate,No,92114,33798,218,480,1,Rural,Y
Male,Yes,1,Not Graduate,No,59693,33179,210,300,1,Rural,Y
Female,Yes,2,Not Graduate,Yes,74514,34488,208,480,1,Urban,Y
Male,Yes,3,Graduate,No,97479,43904,100,360,0,Semiurban,Y
Female,Yes,3,Graduate,No,98191,1673,51,300,1,Urban,Y
Male,Yes,0,Graduate,No,13789,15485,146,300,1,Urban,Y
Female,Yes,0,Graduate,Yes,30119,53828,251,300,1,Urban,Y
Female,No,0,Graduate,No,102436,878,146,180,1,Urban,Y
Female,Yes,1,Graduate,No,88698,15926,232,300,1,Semiurban,Y
Male,No,0,Graduate,Yes,44961,1206,149,300,1,Rural,Y
Female,Yes,2,Not Graduate,Yes,32986,7063,332,360,0,Semiurban,N
Male,Yes,2,Not Graduate,No,54588,1944,274,360,1,Urban,Y
Male,No,1,Graduate,No,15462,5974,247,240,1,Semiurban,Y
Male,Yes,3,Graduate,No,56578,38052,220,180,0,Urban,N
Female,Yes,1,Graduate,No,117121,44050,209,480,1,Semiurban,Y
Female,Yes,3,Graduate,No,46452,44457,260,120,1,Semiurban,Y
Male,Yes,1,Graduate,No,30627,27793,338,120,0,Urban,N
Male,Yes,1,Graduate,Yes,25655,30009,69,300,0,Semiurban,N
Male,No,2,Graduate,Yes,88548,13899,156,240,1,Semiurban,Y
Female,No,3,Graduate,No,84251,10634,149,360,1,Rural,Y
Male,No,0,Not Graduate,No,91875,2403,107,120,1,Urban,Y
Male,Yes,3,Graduate,Yes,85298,8252,124,360,1,Semiurban,Y
Female,Yes,2,Graduate,No,54487,32177,327,360,1,Urban,Y
Male,Yes,0,Graduate,No,102924,48974,63,480,0,Urban,N
Male,No,0,Graduate,No,87968,5309,120,360,1,Semiurban,Y
Female,No,2,Graduate,No,46769,7208,129,360,1,Rural,Y
Female,Yes,1,Graduate,No,44847,30754,303,360,1,Urban,Y
Male,No,2,Graduate,No,73355,7506,77,480,1,Rural,Y
Female,No,0,Graduate,No,20034,13034,119,360,0,Rural,N
Male,No,2,Graduate,No,12171,5596,150,360,1,Semiurban,Y
Female,Yes,1,Graduate,No,13386,52094,153,180,0,Semiurban,N
Female,Yes,1,Not Graduate,No,95358,4201,123,300,1,Rural,Y
Male,No,3,Graduate,No,43224,6112,188,180,1,Urban,Y
Male,No,1,Graduate,Yes,69670,45,110,300,1,Rural,Y
Female,Yes,3,Graduate,Yes,73255,42523,102,360,1,Rural,Y
Male,Yes,0,Not Graduate,No,107945,29008,244,300,1,Rural,Y
Female,Yes,0,Not Graduate,Yes,86796,33,76,360,1,Urban,Y
Female,Yes,0,Graduate,Yes,99179,18943,339,300,1,Rural,Y
Male,No,1,Graduate,Yes,100418,2820,290,300,1,Semiurban,Y
Female,Yes,2,Graduate,No,55746,41943,167,360,1,Semiurban,Y
Female,No,0,Not Graduate,No,62276,10864,182,360,1,Urban,Y
Female,Yes,0,Graduate,No,17157,51992,237,180,0,Urban,N
Female,No,3,Not Graduate,No,115470,6942,252,360,1,Semiurban,Y
Female,Yes,0,Graduate,No,12628,54885,321,300,1,Urban,Y
Female,Yes,2,Not Graduate,No,92658,47421,250,360,1,Urban,Y
Male,Yes,0,Not Graduate,No,64529,11201,195,360,1,Semiurban,Y
Female,Yes,1,Graduate,No,35941,16936,241,360,1,Rural,Y
Male,Yes,0,Graduate,Yes,103899,33952,240,360,0,Rural,N
Female,Yes,1,Graduate,No,107275,21070,163,360,1,Urban,Y
Female,Yes,2,Graduate,No,106792,45511,151,360,1,Rural,Y
Male,No,0,Graduate,No,66865,4336,129,300,0,Semiurban,Y
Male,Yes,3,Graduate,No,119824,37646,314,360,0,Rural,N
Male,No,0,Graduate,No,48951,7708,180,360,1,Semiurban,Y
Female,Yes,0,Graduate,No,25591,31573,330,480,1,Rural,Y
Male,Yes,1,Graduate,No,82167,3107,188,300,1,Rural,Y
Male,Yes,3,Not Graduate,No,77987,33978,282,360,1,Semiurban,Y
Female,Yes,0,Graduate,No,111417,19327,85,240,1,Rural,Y
Male,No,1,Graduate,No,12427,11325,218,480,1,Semiurban,Y
Female,Yes,0,Graduate,No,61398,58707,177,360,1,Urban,Y
Female,No,1,Not Graduate,No,43772,6912,228,300,0,Urban,N
Female,Yes,2,Graduate,Yes,43456,56872,81,480,0,Urban,N
Female,Yes,0,Graduate,No,42417,6693,243,120,1,Semiurban,Y
Female,Yes,0,Not Graduate,No,35102,52981,301,180,1,Semiurban,Y
Female,Yes,3,Graduate,No,20208,52415,103,180,1,Semiurban,Y
Male,Yes,2,Graduate,No,111391,52294,74,480,1,Urban,Y
Female,Yes,3,Graduate,No,42362,23176,271,300,0,Urban,N
Male,Yes,3,Graduate,No,30285,4982,137,480,1,Semiurban,Y
Female,Yes,3,Graduate,No,47718,25566,319,360,1,Semiurban,Y
Male,No,2,Not Graduate,No,16719,5379,128,120,1,Urban,Y
Male,No,1,Not Graduate,No,115896,12019,135,240,1,Urban,Y
Female,No,1,Not Graduate,Yes,70001,14298,296,360,1,Rural,Y
Female,Yes,0,Graduate,No,15808,47341,174,180,1,Rural,Y
Female,Yes,2,Graduate,Yes,109436,475,258,240,1,Rural,Y
Female,Yes,0,Not Graduate,No,95441,46152,238,300,1,Semiurban,Y
Male,No,0,Not Graduate,No,77497,10556,68,180,1,Urban,Y
Female,No,1,Graduate,Yes,72592,3614,114,240,1,Rural,Y
Female,No,0,Graduate,No,17473,12505,128,300,1,Rural,Y
Male,No,2,Not Graduate,No,97097,633,200,180,1,Rural,Y
Male,Yes,1,Graduate,No,64393,56979,285,240,1,Rural,Y
Female,Yes,0,Not Graduate,No,99975,58836,185,360,1,Semiurban,Y
Male,Yes,0,Not Graduate,No,33369,18574,328,360,1,Semiurban,Y
Female,Yes,2,Graduate,No,100786,40302,184,480,1,Semiurban,Y
Female,No,1,Graduate,No,95385,9095,215,240,1,Rural,Y
Male,Yes,3,Graduate,Yes,27378,15815,308,300,0,Urban,N
Male,Yes,1,Graduate,No,83842,50794,88,120,1,Rural,Y
Female,No,0,Graduate,No,54739,6614,284,120,1,Semiurban,Y
Male,Yes,1,Not Graduate,No,59948,39855,270,360,1,Semiurban,Y
Female,Yes,1,Graduate,No,60608,24107,63,360,1,Semiurban,Y
Female,Yes,2,Graduate,Yes,79363,23891,196,360,1,Semiurban,Y
Male,Yes,0,Not Graduate,No,30797,53018,81,480,0,Rural,N
Male,No,0,Graduate,Yes,20795,9998,144,180,0,Urban,N
Female,No,0,Graduate,No,115480,13219,119,300,1,Semiurban,Y
Female,Yes,0,Graduate,No,51345,3714,146,360,1,Rural,Y
Male,No,0,Graduate,No,49451,157,138,360,0,Semiurban,N
Female,Yes,2,Graduate,No,35072,52246,95,360,0,Urban,Y
Male,Yes,1,Graduate,Yes,15527,18501,294,360,1,Urban,Y
Male,No,0,Graduate,Yes,89901,1424,108,240,1,Rural,Y
Male,Yes,1,Graduate,Yes,40093,39375,271,360,0,Semiurban,N
Female,Yes,1,Graduate,Yes,112663,7634,127,120,1,Urban,Y
Male,Yes,3,Graduate,No,52018,36731,67,240,1,Semiurban,Y
Male,Yes,2,Graduate,No,36675,7668,343,180,1,Semiurban,Y
Male,Yes,0,Graduate,No,107297,53519,155,180,0,Urban,Y
Female,No,1,Graduate,No,105260,14417,85,480,1,Rural,Y
Male,Yes,3,Graduate,Yes,78345,51982,295,240,1,Rural,Y
Male,Yes,0,Graduate,No,44638,17854,184,360,1,Rural,Y
Male,Yes,1,Not Graduate,No,105789,32501,282,300,1,Urban,Y
Female,Yes,0,Graduate,No,27423,25845,63,360,1,Rural,Y
Male,Yes,3,Graduate,No,19191,20673,275,480,0,Rural,N
Female,No,0,Graduate,No,14976,223,226,360,1,Rural,Y
Female,Yes,1,Not Graduate,Yes,112383,16241,161,360,1,Semiurban,Y
Female,Yes,0,Graduate,No,20611,17979,74,360,1,Urban,Y
Female,Yes,0,Not Graduate,No,82060,51007,301,240,0,Semiurban,N
Male,Yes,2,Graduate,No,107972,341,345,300,1,Rural,Y
Female,No,2,Graduate,No,56258,12168,190,300,0,Urban,N
Male,No,3,Not Graduate,No,52739,8509,134,360,1,Semiurban,Y
Male,Yes,1,Graduate,No,95218,12616,124,480,1,Urban,Y
Male,Yes,1,Graduate,No,116800,17922,314,300,1,Semiurban,Y
Male,Yes,1,Graduate,Yes,41882,6923,284,300,0,Semiurban,N
Female,Yes,0,Graduate,No,79223,6778,106,360,1,Rural,Y
Female,Yes,1,Graduate,No,104149,24854,85,180,1,Urban,Y
Female,Yes,0,Graduate,No,23708,33842,135,300,1,Rural,Y
Female,Yes,1,Graduate,No,45843,11498,253,360,1,Semiurban,Y
Female,No,3,Not Graduate,No,77513,7406,95,480,0,Urban,N
Female,Yes,0,Not Graduate,No,58422,44208,260,360,1,Urban,Y
Male,No,0,Not Graduate,No,30044,2493,304,360,0,Rural,N
Female,No,1,Graduate,Yes,24974,10676,277,360,0,Urban,N
Male,Yes,2,Not Graduate,No,54577,54901,280,120,1,Urban,Y
Male,No,1,Graduate,No,59279,543,328,180,1,Rural,Y
Female,No,2,Not Graduate,No,118987,8645,178,360,1,Semiurban,Y
Female,No,0,Graduate,No,75833,9345,219,360,1,Rural,Y
Male,Yes,0,Not Graduate,No,92354,49076,248,300,1,Urban,Y
Male,No,2,Graduate,No,58363,13840,272,180,1,Semiurban,Y
Male,Yes,3,Graduate,No,106168,56645,84,360,1,Urban,Y
Female,Yes,2,Graduate,No,36133,15350,210,360,0,Semiurban,N
Male,No,1,Not Graduate,No,75755,11770,96,360,1,Urban,Y
Male,Yes,1,Not Graduate,Yes,101533,46668,195,360,1,Semiurban,Y
Male,No,0,Not Graduate,No,113998,9277,204,360,1,Rural,Y
Female,Yes,2,Graduate,No,44141,20537,229,360,1,Rural,Y
Male,Yes,1,Graduate,No,105446,23540,257,360,1,Semiurban,Y
Male,Yes,0,Not Graduate,No,95520,29907,291,180,1,Semiurban,Y
Male,No,2,Graduate,No,73439,614,317,360,1,Rural,Y
Male,Yes,1,Graduate,No,21970,19706,255,240,1,Semiurban,Y
Male,No,3,Graduate,No,71962,5951,205,240,1,Rural,Y
Female,Yes,2,Not Graduate,No,83646,56228,222,480,1,Semiurban,Y
Female,No,1,Not Graduate,No,72095,77,78,300,1,Urban,Y
Male,Yes,0,Not Graduate,No,110430,42585,334,360,1,Urban,Y
Male,Yes,1,Graduate,No,99273,26598,260,360,1,Semiurban,Y
Male,Yes,0,Graduate,No,72211,4140,259,300,1,Semiurban,Y
Male,No,2,Graduate,Yes,101504,12206,291,120,1,Semiurban,Y
Male,Yes,2,Graduate,No,81170,41386,312,360,1,Semiurban,Y
Female,No,3,Graduate,Yes,116929,13773,67,360,0,Semiurban,N
Female,Yes,1,Graduate,No,76449,47352,205,360,0,Rural,N
Male,Yes,0,Not Graduate,No,100237,56589,187,360,1,Semiurban,Y
Female,Yes,1,Graduate,No,78824,10496,307,180,0,Urban,N
Female,Yes,0,Not Graduate,Yes,52282,21878,117,360,1,Semiurban,Y
Male,Yes,3,Graduate,No,109411,25489,180,300,0,Urban,N
Female,Yes,0,Not Graduate,No,72482,49380,182,360,1,Urban,Y
Female,Yes,1,Graduate,Yes,72946,26195,295,300,1,Semiurban,Y
Male,Yes,1,Graduate,Yes,106387,52333,233,360,0,Urban,N
Female,Yes,0,Graduate,No,40455,16899,116,180,0,Semiurban,N
Male,No,2,Graduate,Yes,115091,13646,162,300,1,Urban,Y
Male,Yes,0,Graduate,No,112508,48060,77,120,1,Urban,Y
Male,Yes,3,Graduate,No,47009,12944,147,240,1,Semiurban,Y
Male,Yes,1,Graduate,No,28761,23596,299,360,1,Urban,Y
Female,Yes,0,Graduate,No,94090,24358,108,300,1,Semiurban,Y
Male,No,2,Graduate,No,104539,5841,207,300,0,Urban,N
Female,Yes,2,Not Graduate,No,99650,10311,272,240,1,Semiurban,Y
Female,Yes,3,Not Graduate,No,81378,23767,154,240,0,Semiurban,N
Male,Yes,1,Graduate,No,91585,30719,315,360,1,Urban,Y
Female,Yes,0,Graduate,No,88238,54019,265,480,1,Rural,Y
Male,Yes,0,Graduate,No,108526,42555,318,300,1,Urban,Y
Female,Yes,0,Graduate,Yes,51038,54318,340,360,1,Urban,Y
Female,No,0,Graduate,No,55902,3034,208,180,1,Urban,Y
Male,Yes,1,Graduate,No,69903,19330,155,360,0,Urban,Y
Female,Yes,3,Graduate,No,85778,22797,214,360,1,Urban,Y
Female,Yes,1,Graduate,No,19022,9805,96,120,1,Rural,Y
Female,No,1,Graduate,No,33986,5749,249,360,1,Semiurban,Y
Male,Yes,2,Graduate,No,47114,36980,159,360,1,Semiurban,Y
Male,No,1,Graduate,Yes,83921,8509,270,300,0,Urban,N
Female,Yes,3,Graduate,No,111018,29312,335,360,1,Urban,Y
Female,Yes,1,Graduate,No,75483,28229,79,360,1,Urban,Y
Male,Yes,3,Graduate,No,104701,43052,237,360,1,Urban,Y
Female,No,2,Graduate,No,87320,13687,203,240,1,Urban,Y
Male,Yes,2,Not Graduate,No,115072,58448,216,180,0,Urban,N
Female,Yes,0,Not Graduate,No,69999,35541,205,360,1,Semiurban,Y
Male,No,0,Not Graduate,No,91459,13425,256,360,1,Semiurban,Y
Female,Yes,0,Graduate,Yes,86796,42265,249,240,0,Rural,N
Male,Yes,0,Not Graduate,No,44916,34628,257,360,1,Urban,Y
Male,Yes,1,Not Graduate,No,20322,334,316,360,1,Rural,Y
Female,Yes,1,Graduate,No,117169,3840,158,300,1,Urban,Y
Female,No,1,Graduate,No,67840,1328,145,240,0,Urban,N
Male,No,2,Graduate,No,58025,9031,259,360,1,Semiurban,Y
Male,Yes,2,Graduate,No,41046,14080,160,300,0,Semiurban,N
Female,Yes,2,Graduate,No,12042,50228,63,240,1,Rural,Y
Male,No,0,Not Graduate,No,20988,3020,200,360,0,Urban,N
Male,No,1,Graduate,No,117961,1484,201,360,1,Urban,Y
Female,Yes,2,Graduate,No,27835,37721,98,360,1,Semiurban,Y
Female,Yes,0,Graduate,No,22066,31655,53,360,1,Semiurban,Y
Male,Yes,0,Graduate,No,85203,59452,237,120,0,Semiurban,N
Female,Yes,3,Graduate,No,21728,49965,149,240,1,Rural,Y
Male,Yes,3,Not Graduate,No,99257,3418,159,300,1,Rural,Y
Female,Yes,1,Graduate,No,70846,16704,326,120,1,Urban,Y
Male,No,2,Graduate,No,97153,3760,80,480,1,Rural,Y
Male,Yes,1,Graduate,Yes,84662,28286,74,360,1,Urban,Y
Male,Yes,0,Graduate,No,42149,57330,163,240,1,Urban,Y
Female,Yes,3,Graduate,No,40988,7538,195,360,1,Semiurban,Y
Male,No,3,Graduate,No,86805,12497,257,360,1,Urban,Y
Male,Yes,0,Graduate,Yes,40462,51944,266,120,1,Rural,Y
Male,No,3,Not Graduate,No,109930,13045,258,360,0,Semiurban,N
Female,No,0,Not Graduate,No,42944,4475,267,360,1,Semiurban,Y
Female,Yes,1,Graduate,No,109019,21785,306,120,0,Semiurban,N
Female,Yes,1,Graduate,No,93033,41790,329,480,1,Semiurban,Y
Female,Yes,1,Graduate,No,99183,40544,58,240,1,Rural,Y
Female,No,0,Not Graduate,No,94195,8743,197,300,1,Semiurban,Y
Female,Yes,0,Not Graduate,No,76929,9108,318,480,1,Semiurban,Y
Female,Yes,1,Graduate,No,13877,8831,248,180,0,Rural,N
Male,Yes,1,Graduate,No,64300,28533,54,360,1,Semiurban,Y
Female,No,1,Graduate,No,115035,11061,261,300,1,Urban,Y
Female,Yes,1,Graduate,No,17872,10363,82,360,0,Semiurban,N
Male,Yes,2,Graduate,Yes,35502,13308,224,240,0,Urban,N
Male,Yes,0,Not Graduate,No,52488,39334,249,360,1,Urban,Y
Male,Yes,0,Graduate,No,41840,21656,151,360,1,Urban,Y
Female,Yes,1,Graduate,No,93746,15069,197,360,1,Urban,Y
Male,Yes,0,Graduate,No,47503,16917,165,360,1,Urban,Y
Male,Yes,0,Not Graduate,No,75632,33554,163,240,0,Rural,N
Female,No,1,Not Graduate,No,51811,739,126,180,1,Rural,Y
Male,Yes,0,Graduate,No,101319,59061,314,180,1,Urban,Y
Male,No,1,Graduate,No,65529,5632,287,360,1,Rural,Y
Male,Yes,1,Graduate,No,113751,57078,227,360,1,Rural,Y
Female,Yes,3,Graduate,No,76748,53999,126,300,1,Urban,Y
Female,Yes,0,Not Graduate,No,101071,36510,145,360,1,Rural,Y
Female,Yes,0,Graduate,No,73830,10409,53,480,1,Semiurban,Y
Female,No,2,Graduate,No,76899,4902,214,360,0,Semiurban,N
Male,Yes,1,Graduate,No,119682,14099,249,360,1,Urban,Y
Male,Yes,0,Graduate,No,50736,46653,92,240,0,Urban,Y
Male,Yes,1,Graduate,No,30656,38723,245,480,1,Semiurban,Y
Female,No,0,Graduate,No,74760,1584,112,360,1,Urban,Y
Male,No,2,Not Graduate,No,68640,13795,289,120,1,Urban,Y
Male,No,0,Graduate,No,77055,5968,327,360,0,Semiurban,N
Male,No,1,Graduate,No,79074,6610,77,480,0,Rural,N
Male,Yes,1,Graduate,No,40488,29906,273,480,1,Urban,Y
Female,Yes,0,Not Graduate,No,32994,10969,145,240,1,Urban,Y
Male,No,1,Graduate,No,27421,5115,318,240,1,Semiurban,Y
Female,Yes,3,Graduate,No,40990,26390,247,300,0,Rural,N
Female,Yes,2,Graduate,No,30251,10620,331,360,1,Rural,Y
Male,Yes,2,Graduate,No,66439,56702,325,240,1,Urban,Y
Female,Yes,0,Not Graduate,No,37894,55737,55,480,1,Urban,Y
Female,Yes,2,Graduate,No,98524,26023,66,360,1,Rural,Y
Male,Yes,0,Not Graduate,No,56571,34147,191,360,0,Urban,N
Female,No,2,Graduate,No,46260,2970,110,120,1,Urban,Y
Male,Yes,2,Graduate,No,41559,51726,242,240,0,Urban,N
Female,No,1,Not Graduate,No,119514,9051,240,360,1,Urban,Y
Male,Yes,2,Not Graduate,No,65754,12676,251,300,1,Semiurban,Y
Female,Yes,1,Graduate,No,59301,51662,336,300,1,Rural,Y
Male,Yes,3,Graduate,No,113506,53347,334,120,1,Semiurban,Y
Female,Yes,2,Not Graduate,No,91666,39775,56,360,1,Semiurban,Y
Female,No,0,Graduate,No,25928,5477,207,360,1,Urban,Y
Male,Yes,0,Graduate,No,46281,38340,56,180,0,Semiurban,Y
Female,Yes,3,Not Graduate,No,44779,54101,285,360,1,Rural,Y
Male,Yes,3,Graduate,No,15507,24996,282,360,1,Semiurban,Y
Male,Yes,0,Graduate,No,27488,2952,142,360,1,Semiurban,Y
Male,Yes,0,Graduate,No,86174,28759,131,360,0,Semiurban,Y
Female,Yes,2,Graduate,No,101394,29093,150,240,0,Semiurban,Y
Male,Yes,0,Graduate,Yes,73150,44297,305,240,0,Semiurban,N
Female,Yes,3,Graduate,No,78635,36164,324,360,1,Semiurban,Y
Male,Yes,2,Graduate,No,38275,22725,306,300,0,Rural,N
Female,No,3,Not Graduate,No,65834,4486,189,360,1,Urban,Y
Male,Yes,2,Graduate,No,112298,57311,229,360,0,Rural,N
Female,Yes,2,Graduate,No,119382,38231,185,480,1,Urban,Y
Male,Yes,1,Graduate,No,16728,46982,116,240,1,Urban,Y
Female,Yes,1,Graduate,No,110046,34355,253,300,1,Semiurban,Y
Female,No,0,Not Graduate,No,84609,14203,66,360,1,Urban,Y
Male,Yes,0,Graduate,No,88067,12352,145,360,1,Semiurban,Y
Female,Yes,2,Graduate,No,118354,51170,64,300,1,Urban,Y
Female,Yes,0,Not Graduate,No,118272,46302,181,360,1,Urban,Y
Male,Yes,1,Not Graduate,No,88208,28303,155,240,1,Urban,Y
Female,Yes,0,Not Graduate,No,63654,56607,271,360,1,Rural,Y
Male,No,0,Not Graduate,No,46662,1826,221,360,1,Semiurban,Y
Female,No,0,Not Graduate,Yes,94350,8015,273,120,0,Urban,N
Female,Yes,0,Graduate,No,72487,31180,339,360,1,Urban,Y
Male,No,0,Graduate,No,54130,7326,240,240,0,Semiurban,N
Male,No,0,Not Graduate,No,111274,12591,143,300,1,Semiurban,Y
Female,No,1,Graduate,No,75030,1395,327,360,1,Urban,Y
Male,Yes,2,Not Graduate,No,86709,7195,115,240,1,Urban,Y
Female,No,0,Graduate,No,44566,8162,260,480,1,Urban,Y
Male,Yes,0,Graduate,No,65013,55379,236,180,1,Semiurban,Y
Male,Yes,3,Graduate,No,101224,42302,204,300,1,Semiurban,Y
Male,No,0,Graduate,No,72612,3490,271,480,1,Urban,Y
Male,No,3,Graduate,No,79380,946,55,240,0,Semiurban,Y
Male,No,2,Not Graduate,No,108909,1355,269,300,1,Semiurban,Y
Female,No,3,Not Graduate,No,98375,9380,211,480,1,Urban,Y
Male,No,0,Graduate,No,12665,13840,225,240,1,Rural,Y
Male,No,0,Not Graduate,No,29082,9945,255,300,1,Rural,Y
Male,No,1,Not Graduate,No,12421,4011,65,300,1,Urban,Y
Female,Yes,2,Graduate,No,72674,13662,133,120,1,Rural,Y
Female,Yes,1,Not Graduate,Yes,50300,8390,152,180,0,Urban,N
Male,No,2,Graduate,No,117873,14885,78,300,0,Rural,N
Male,Yes,3,Graduate,No,50970,34779,197,360,1,Semiurban,Y
Female,No,1,Graduate,No,118345,8608,126,240,1,Semiurban,Y
Female,Yes,2,Graduate,Yes,32553,31851,124,360,1,Semiurban,Y
Male,Yes,0,Graduate,No,24906,33059,225,240,1,Semiurban,Y
Female,No,2,Graduate,Yes,56361,9695,71,240,0,Urban,N
Female,No,3,Graduate,No,46314,12152,306,300,1,Rural,Y
Male,No,2,Graduate,No,108921,1886,216,360,1,Urban,Y
Female,Yes,2,Graduate,No,15507,29073,261,360,1,Rural,Y
Male,Yes,0,Graduate,No,78556,49586,118,360,1,Rural,Y
Female,Yes,2,Graduate,No,47587,24386,344,360,1,Rural,Y
Male,Yes,1,Graduate,No,88912,53230,177,300,1,Urban,Y
Female,Yes,0,Graduate,No,49251,35875,208,360,1,Semiurban,Y
Female,No,2,Graduate,No,37883,11104,338,300,1,Rural,Y
Male,Yes,1,Graduate,No,34119,50890,280,300,1,Semiurban,Y
Male,Yes,0,Graduate,No,32059,32166,125,360,1,Urban,Y
Male,No,2,Not Graduate,No,38471,4526,102,300,0,Rural,N
Male,Yes,3,Graduate,No,49983,23146,232,360,1,Rural,Y
Female,No,3,Graduate,No,98974,3517,154,300,0,Semiurban,Y
Female,Yes,0,Not Graduate,No,111434,509,204,480,1,Urban,Y
Female,No,0,Graduate,No,60569,14921,218,360,1,Rural,Y
Male,Yes,1,Graduate,No,84874,25147,73,360,1,Rural,Y
Male,Yes,1,Graduate,No,79849,33173,329,300,1,Rural,Y
Male,Yes,2,Graduate,No,24168,7079,239,360,1,Urban,Y
Female,Yes,1,Graduate,No,43111,46374,161,480,1,Semiurban,Y
Male,Yes,0,Graduate,No,85467,41699,279,360,0,Rural,N
Male,Yes,1,Graduate,No,70955,34061,100,360,1,Semiurban,Y
Female,Yes,3,Not Graduate,No,108881,517,328,240,1,Urban,Y
Female,Yes,2,Graduate,No,31516,47705,261,300,0,Urban,N
Male,No,2,Not Graduate,No,68897,6659,172,300,1,Urban,Y
Male,Yes,1,Graduate,No,47733,39936,340,240,1,Semiurban,Y
Male,Yes,3,Graduate,No,115962,37292,221,240,0,Urban,N
Female,Yes,2,Graduate,No,32001,41065,243,360,1,Urban,Y
Female,Yes,3,Graduate,No,117882,34036,82,480,1,Rural,Y
Male,No,1,Not Graduate,No,113202,10648,119,240,1,Urban,Y
Male,Yes,0,Graduate,No,47368,3488,248,360,1,Semiurban,Y
Female,No,2,Not Graduate,No,76981,8215,175,180,1,Urban,Y
Female,Yes,3,Graduate,No,98847,26174,240,360,1,Urban,Y
Male,Yes,1,Graduate,No,63851,41759,295,360,1,Urban,Y
Female,Yes,1,Graduate,No,60187,26940,104,240,1,Urban,Y
Female,No,0,Graduate,No,101784,8357,270,300,1,Urban,Y
Female,Yes,0,Graduate,No,86927,34582,227,360,1,Rural,Y
Female,Yes,0,Graduate,No,83739,20939,75,360,1,Rural,Y
Male,No,2,Graduate,No,67484,6729,154,240,1,Semiurban,Y
Male,No,0,Graduate,Yes,64718,664,308,360,1,Rural,Y
Male,Yes,0,Graduate,No,57819,30089,201,360,1,Urban,Y
Male,Yes,0,Graduate,No,92795,40660,269,180,1,Urban,Y
Female,No,1,Graduate,No,12817,10281,297,300,0,Semiurban,N
Male,Yes,1,Graduate,No,30341,7126,255,360,1,Urban,Y
Male,No,0,Not Graduate,No,32315,716,195,240,1,Semiurban,Y
Male,No,0,Graduate,No,17666,2875,163,240,1,Semiurban,Y
Female,Yes,0,Not Graduate,No,54711,21742,223,180,1,Urban,Y
Male,Yes,1,Not Graduate,No,30870,29798,210,180,1,Rural,Y
Female,Yes,0,Graduate,No,21963,50633,86,480,1,Semiurban,Y
Female,Yes,2,Graduate,No,43578,23919,146,360,1,Semiurban,Y
Male,Yes,3,Graduate,No,88383,45931,213,480,0,Semiurban,N
Female,No,3,Graduate,No,26191,11571,320,240,1,Urban,Y
Female,Yes,1,Graduate,No,55374,48445,106,360,1,Urban,Y
Male,No,2,Graduate,No,83352,8264,66,360,1,Semiurban,Y
Male,Yes,2,Graduate,No,66610,13309,171,120,1,Rural,Y
Female,Yes,2,Graduate,No,82812,58963,194,180,1,Urban,Y
Female,No,0,Graduate,Yes,72610,175,188,300,1,Urban,Y
Male,Yes,2,Not Graduate,No,94258,53723,339,360,1,Semiurban,Y
Female,Yes,0,Graduate,No,16824,23239,98,300,1,Rural,Y
Male,Yes,2,Not Graduate,No,106517,23795,92,360,1,Semiurban,Y
Male,No,0,Graduate,No,61255,4710,305,120,1,Rural,Y
Female,Yes,1,Graduate,No,58523,54266,126,480,1,Urban,Y
Female,Yes,2,Not Graduate,No,60322,439,345,240,1,Urban,Y
Female,Yes,2,Graduate,No,88148,43361,131,300,1,Rural,Y
Female,No,2,Graduate,No,79178,14102,60,360,1,Semiurban,Y
Male,Yes,0,Graduate,No,86943,228,334,180,1,Urban,Y
Male,No,1,Graduate,No,15161,5647,318,300,0,Rural,N
Male,Yes,2,Graduate,No,78390,8483,101,180,1,Semiurban,Y
Female,Yes,0,Graduate,No,53672,38969,235,300,1,Semiurban,Y
Male,Yes,1,Not Graduate,No,38824,24143,255,240,0,Rural,N
Female,No,2,Not Graduate,No,58098,735,74,300,1,Semiurban,Y
Female,No,2,Graduate,No,59593,8869,111,360,1,Semiurban,Y
Female,Yes,1,Not Graduate,No,91588,15647,241,360,1,Semiurban,Y
Female,Yes,0,Graduate,No,91221,37924,290,360,1,Urban,Y
Male,No,1,Graduate,No,45314,6976,345,180,1,Semiurban,Y
Male,Yes,3,Graduate,No,43322,44449,69,240,1,Rural,Y
Female,Yes,0,Graduate,No,79580,52287,294,300,1,Rural,Y
Male,Yes,0,Graduate,No,113653,35970,301,240,1,Urban,Y
Male,Yes,3,Graduate,No,60285,8009,281,240,0,Rural,N
Male,Yes,0,Graduate,No,55993,59353,54,360,1,Urban,Y
Female,Yes,2,Graduate,No,75223,45398,303,360,1,Semiurban,Y
Female,Yes,0,Graduate,No,51558,41991,213,240,1,Rural,Y
Male,Yes,0,Graduate,No,30444,58977,285,240,1,Semiurban,Y
Male,Yes,2,Graduate,No,66749,12219,181,240,1,Semiurban,Y
Female,No,2,Not Graduate,No,82399,5167,216,120,1,Urban,Y
Female,Yes,0,Not Graduate,Yes,51300,9562,299,360,1,Urban,Y
Male,Yes,2,Graduate,No,12183,6999,318,360,1,Rural,Y
Female,Yes,3,Graduate,No,32397,49981,350,240,1,Rural,Y
Male,Yes,2,Not Graduate,Yes,23685,21295,305,120,1,Semiurban,Y
Female,Yes,0,Not Graduate,No,102061,10575,246,240,0,Urban,N
Female,Yes,3,Graduate,No,28179,54429,168,300,1,Urban,Y
Male,Yes,0,Graduate,No,22926,49201,277,240,1,Urban,Y
Female,No,3,Not Graduate,No,45972,7737,75,360,1,Urban,Y
Male,No,1,Not Graduate,Yes,87771,12677,233,180,1,Urban,Y
Female,Yes,2,Graduate,Yes,34342,10843,199,360,1,Urban,Y
Female,Yes,3,Graduate,No,23258,34654,221,240,1,Semiurban,Y
Female,Yes,2,Graduate,No,90286,52436,84,300,1,Rural,Y
Female,Yes,1,Graduate,No,107292,31027,330,240,1,Urban,Y
Female,Yes,0,Not Graduate,No,96295,44929,102,360,1,Semiurban,Y
Female,Yes,0,Graduate,No,40363,53449,312,480,1,Urban,Y
Male,Yes,0,Graduate,No,12749,59360,111,360,0,Urban,Y
Female,Yes,0,Graduate,No,96751,19839,207,300,0,Semiurban,N
Female,Yes,1,Graduate,No,31251,30366,145,480,1,Urban,Y
Female,Yes,2,Not Graduate,No,66570,20458,189,360,1,Rural,Y
Female,Yes,0,Graduate,No,24465,6447,147,180,1,Urban,Y
Male,Yes,2,Graduate,No,42909,18993,143,360,0,Rural,N
Male,Yes,2,Graduate,No,34826,25759,294,360,1,Rural,Y
Male,Yes,0,Graduate,No,111296,57746,179,240,1,Semiurban,Y
Male,No,1,Graduate,No,93143,11988,151,360,1,Semiurban,Y
Female,Yes,3,Graduate,No,73573,19817,76,480,1,Rural,Y
Female,Yes,0,Graduate,No,35393,52002,199,360,1,Urban,Y
Male,Yes,3,Graduate,Yes,102167,44119,302,480,1,Rural,Y
Male,Yes,0,Graduate,No,69261,48820,322,360,1,Urban,Y
Female,No,3,Graduate,No,84208,5227,144,240,1,Rural,Y
Male,No,1,Graduate,No,37127,10987,135,360,1,Semiurban,Y
Male,Yes,3,Not Graduate,No,97290,57435,168,300,0,Rural,N
Male,Yes,1,Graduate,No,119560,5285,268,360,1,Semiurban,Y
Male,Yes,0,Graduate,Yes,12896,53418,290,480,0,Urban,N
Female,Yes,2,Graduate,No,50998,37115,194,360,1,Rural,Y
Female,Yes,0,Graduate,No,66342,8208,86,240,0,Rural,N
Female,Yes,2,Graduate,No,59054,18212,137,240,1,Urban,Y
Male,Yes,2,Graduate,Yes,54913,40129,84,300,1,Semiurban,Y
Female,Yes,2,Not Graduate,Yes,90204,26917,304,300,1,Urban,Y
Female,Yes,2,Graduate,Yes,55932,48101,65,240,1,Semiurban,Y
Male,Yes,0,Graduate,No,77841,51566,288,360,0,Rural,N
Male,No,2,Graduate,No,83433,1835,121,360,1,Rural,Y
Male,Yes,3,Graduate,No,110189,20981,121,480,1,Rural,Y
Female,No,3,Graduate,No,77279,14600,161,180,1,Rural,Y
Male,Yes,3,Not Graduate,No,78043,26394,132,480,1,Semiurban,Y
Female,No,1,Graduate,No,15506,3848,322,180,0,Urban,N
Female,Yes,3,Graduate,No,17836,8453,84,360,1,Semiurban,Y
Male,Yes,1,Graduate,No,67398,4107,267,360,1,Semiurban,Y
Male,Yes,0,Graduate,No,13408,13737,115,480,1,Semiurban,Y
Female,Yes,2,Graduate,Yes,17686,26958,234,180,1,Urban,Y
Female,Yes,0,Graduate,No,42724,22035,237,300,1,Semiurban,Y
Male,Yes,1,Not Graduate,Yes,101254,8382,168,360,1,Rural,Y
Female,Yes,0,Graduate,No,105162,34257,336,480,1,Semiurban,Y
Female,Yes,1,Graduate,No,20331,14269,306,300,1,Urban,Y
Male,Yes,0,Not Graduate,No,71830,42154,132,120,1,Urban,Y
Female,Yes,1,Graduate,No,65724,33410,93,360,1,Rural,Y
Male,Yes,1,Not Graduate,Yes,87856,43078,256,360,1,Urban,Y
Male,Yes,1,Graduate,No,37258,59452,341,180,0,Semiurban,N
Male,Yes,2,Graduate,No,52064,39383,147,360,1,Semiurban,Y
Female,Yes,3,Graduate,No,67112,58746,283,120,0,Semiurban,N
Male,No,0,Graduate,No,19231,11252,227,300,1,Semiurban,Y
Male,Yes,0,Not Graduate,No,71005,49731,314,360,1,Semiurban,Y
Male,Yes,3,Graduate,No,25874,49957,66,360,1,Urban,Y
Male,No,0,Not Graduate,No,111590,1114,113,360,1,Urban,Y
Female,Yes,1,Graduate,No,48633,6211,61,480,0,Semiurban,N
Female,Yes,1,Graduate,No,68807,8262,199,300,0,Semiurban,N
Female,Yes,1,Graduate,No,27397,32904,287,300,1,Urban,Y
Female,Yes,0,Graduate,No,115000,49461,64,300,1,Rural,Y
Female,No,1,Graduate,No,45602,9842,80,360,1,Urban,Y
Male,Yes,0,Graduate,No,109083,32781,343,180,1,Semiurban,Y
Female,Yes,0,Graduate,Yes,101140,12559,80,180,1,Rural,Y
Male,Yes,0,Graduate,No,61670,53450,240,180,1,Urban,Y
Female,Yes,3,Graduate,Yes,47550,15861,285,240,1,Urban,Y
Female,No,1,Graduate,No,114504,11285,219,240,1,Urban,Y
Male,Yes,0,Graduate,Yes,20711,7441,63,360,1,Urban,Y
Male,Yes,1,Graduate,Yes,16331,23624,115,240,0,Urban,N
Male,Yes,1,Not Graduate,No,44026,49038,237,360,1,Semiurban,Y
Female,No,0,Not Graduate,Yes,101839,5122,342,360,1,Semiurban,Y
Female,No,0,Graduate,No,53233,3434,274,360,0,Urban,N
Male,Yes,0,Graduate,No,81973,6977,188,360,1,Rural,Y
Female,No,0,Graduate,No,84765,6069,167,360,1,Semiurban,Y
Female,No,0,Graduate,No,117626,8123,211,120,1,Semiurban,Y
Male,Yes,3,Graduate,No,39763,23639,182,360,0,Rural,N
Female,Yes,2,Graduate,No,45175,18695,190,360,1,Semiurban,Y
Male,Yes,0,Graduate,No,62663,37244,322,360,0,Urban,N
Female,Yes,2,Graduate,No,117162,13624,304,300,1,Rural,Y
Female,No,3,Graduate,No,88390,1649,121,180,0,Urban,Y
Female,Yes,1,Not Graduate,No,37967,39521,272,120,1,Urban,Y
Male,Yes,1,Graduate,Yes,85880,9392,253,480,1,Rural,Y
Male,No,0,Graduate,No,19441,3565,117,300,1,Urban,Y
Female,Yes,1,Graduate,No,47053,10128,285,360,1,Semiurban,Y
Male,Yes,2,Graduate,No,86699,27141,184,300,1,Semiurban,Y
Female,No,1,Graduate,No,27201,2839,279,360,1,Semiurban,Y
Female,Yes,3,Not Graduate,No,25955,34674,167,180,1,Semiurban,Y
Male,Yes,1,Graduate,No,28953,31181,248,180,1,Rural,Y
Male,No,0,Graduate,No,63044,5510,237,180,1,Urban,Y
Male,No,3,Graduate,No,104713,14245,117,360,1,Urban,Y
Female,Yes,0,Graduate,No,80929,47065,119,300,0,Semiurban,Y
Female,No,0,Graduate,No,46733,3555,167,360,0,Semiurban,N
Male,No,1,Graduate,No,109803,9477,145,180,0,Urban,Y
Male,Yes,0,Graduate,No,45745,12694,178,480,1,Urban,Y
Female,No,3,Graduate,No,20950,5917,232,300,1,Urban,Y
Male,Yes,1,Graduate,No,41095,1987,340,480,1,Semiurban,Y
Male,Yes,2,Not Graduate,Yes,29062,40127,293,480,0,Urban,N
Male,No,1,Graduate,No,32959,11212,282,360,0,Semiurban,N
Male,Yes,1,Graduate,Yes,19706,30937,127,240,1,Semiurban,Y
Male,No,3,Graduate,No,110642,4575,227,240,1,Semiurban,Y
Female,Yes,2,Graduate,No,118543,21486,314,360,0,Urban,N
Female,Yes,1,Graduate,No,119354,36097,319,360,1,Rural,Y
Female,No,1,Graduate,No,108238,4582,112,480,0,Urban,N
Female,Yes,0,Graduate,No,56652,44746,327,300,0,Semiurban,N
Male,Yes,0,Graduate,No,35065,59064,177,300,1,Semiurban,Y
Male,Yes,1,Not Graduate,Yes,28363,18876,118,120,1,Rural,Y
Female,No,0,Graduate,No,45980,14854,255,180,1,Urban,Y
Male,No,1,Graduate,No,49556,1746,267,360,0,Semiurban,N
Female,Yes,3,Graduate,No,85366,44041,264,360,1,Rural,Y
Female,Yes,1,Graduate,No,23277,3578,252,360,0,Semiurban,N
Male,No,0,Graduate,No,42952,10700,346,300,1,Urban,Y
Female,Yes,0,Graduate,No,26354,28256,186,300,1,Semiurban,Y
Male,No,0,Graduate,No,83641,239,188,300,1,Semiurban,Y
Male,Yes,0,Graduate,No,63630,51535,346,240,1,Semiurban,Y
Male,No,2,Not Graduate,No,40911,10948,131,300,1,Urban,Y
Female,Yes,1,Not Graduate,No,21485,10112,177,120,1,Urban,Y
Female,No,0,Graduate,No,35806,5577,248,300,1,Semiurban,Y
Male,No,0,Graduate,No,65380,10704,73,360,1,Urban,Y
Female,Yes,3,Graduate,No,56351,42876,146,180,1,Semiurban,Y
Female,Yes,2,Not Graduate,No,106388,52605,275,360,1,Semiurban,Y
Male,Yes,0,Graduate,No,48437,51588,172,240,1,Rural,Y
Female,No,0,Not Graduate,No,52484,14610,195,240,1,Urban,Y
Female,Yes,3,Graduate,No,22398,59411,233,360,1,Rural,Y
Male,No,0,Graduate,No,68240,1997,318,180,1,Semiurban,Y
Female,Yes,0,Graduate,No,94282,4162,178,180,1,Semiurban,Y
Female,Yes,0,Graduate,No,22768,41483,132,180,1,Semiurban,Y
Male,Yes,1,Graduate,No,119767,8055,158,360,1,Semiurban,Y
Female,No,3,Graduate,No,67038,7428,297,180,0,Semiurban,N
Male,No,1,Graduate,No,50889,5171,263,360,0,Semiurban,N
Male,Yes,2,Graduate,No,64516,32214,280,360,1,Urban,Y
Female,No,1,Not Graduate,No,63648,767,337,300,1,Semiurban,Y
Female,No,0,Graduate,No,54028,3031,86,300,1,Semiurban,Y
Female,Yes,1,Graduate,No,73344,23631,203,360,1,Urban,Y
Male,Yes,1,Graduate,No,91603,11152,324,300,1,Semiurban,Y
Female,No,0,Graduate,No,30309,5001,262,360,1,Semiurban,Y
Male,Yes,3,Graduate,Yes,23660,35650,147,480,0,Urban,N
Male,No,0,Graduate,No,46451,10954,60,300,1,Semiurban,Y
Female,Yes,0,Graduate,No,32116,37323,251,180,1,Urban,Y
Female,No,0,Graduate,No,53599,1193,281,480,0,Urban,N
Female,No,0,Graduate,No,64090,6950,271,480,1,Rural,Y
Female,No,2,Graduate,No,72814,10704,323,480,1,Semiurban,Y
Male,Yes,1,Graduate,No,113569,53885,271,180,0,Rural,N
Female,Yes,1,Not Graduate,No,63555,52540,324,240,1,Rural,Y
Male,Yes,1,Graduate,No,107274,54949,74,180,0,Urban,Y
Female,No,1,Graduate,No,93284,5125,115,360,1,Rural,Y
Female,Yes,3,Graduate,No,59884,41742,88,360,1,Rural,Y
Female,Yes,0,Not Graduate,No,102259,11984,127,120,1,Semiurban,Y
Male,Yes,0,Graduate,No,16780,34204,129,240,1,Urban,Y
Female,Yes,1,Not Graduate,Yes,19032,42153,303,300,0,Semiurban,N
Female,Yes,0,Graduate,Yes,49104,34682,202,240,0,Urban,N
Female,Yes,2,Graduate,No,44342,12064,313,180,1,Rural,Y
Female,Yes,0,Graduate,No,38504,5638,62,480,1,Semiurban,Y
Male,Yes,0,Graduate,No,28936,49577,300,300,1,Semiurban,Y
Female,Yes,1,Graduate,Yes,58788,31183,165,300,1,Rural,Y
Female,Yes,0,Not Graduate,No,25861,22255,176,360,1,Semiurban,Y
Male,Yes,0,Graduate,No,21040,22658,80,480,1,Rural,Y
Male,Yes,1,Graduate,No,109105,35362,219,360,0,Rural,N
Female,Yes,2,Not Graduate,Yes,29248,39519,72,240,0,Semiurban,N
Male,Yes,1,Graduate,No,115220,23765,211,300,0,Rural,N
Male,Yes,2,Graduate,No,35235,2201,250,360,1,Urban,Y
Male,Yes,2,Not Graduate,No,44923,57445,160,300,1,Urban,Y
Male,No,1,Not Graduate,No,45145,2414,130,360,0,Semiurban,N
Male,Yes,0,Not Graduate,No,64163,47041,306,240,1,Semiurban,Y
Female,No,0,Graduate,Yes,40612,3086,326,360,1,Urban,Y
Male,No,2,Graduate,No,56840,8429,267,360,1,Semiurban,Y
Female,Yes,1,Graduate,No,84448,43127,208,480,1,Urban,Y
Female,No,1,Graduate,No,119484,6202,231,360,0,Semiurban,N
Female,No,2,Graduate,No,108317,3288,220,180,1,Urban,Y
Male,No,1,Graduate,No,77496,6486,341,360,1,Rural,Y
Female,No,1,Not Graduate,Yes,114975,10495,167,360,1,Urban,Y
Male,Yes,1,Graduate,No,30307,5785,54,360,1,Rural,Y
Female,Yes,0,Graduate,No,95086,24134,151,300,1,Semiurban,Y
Female,Yes,0,Graduate,No,40049,3762,144,360,1,Semiurban,Y
Male,No,0,Graduate,Yes,14115,10156,152,300,1,Urban,Y
Male,Yes,0,Graduate,Yes,105886,44152,206,360,0,Semiurban,N
Male,Yes,1,Graduate,No,55046,12985,77,480,1,Rural,Y
Female,No,1,Graduate,Yes,69449,8286,129,300,1,Rural,Y
Female,Yes,2,Graduate,No,119424,319,339,360,1,Semiurban,Y
Male,No,2,Not Graduate,Yes,54857,5495,346,240,1,Semiurban,Y
Female,No,1,Graduate,No,39618,13225,123,300,1,Urban,Y
Male,Yes,0,Not Graduate,No,82817,53741,134,300,1,Semiurban,Y
Female,Yes,2,Graduate,No,44952,57359,270,300,1,Urban,Y
Female,Yes,2,Graduate,Yes,61601,57022,312,300,1,Semiurban,Y
Female,No,1,Graduate,No,91176,14649,180,360,1,Semiurban,Y
Female,Yes,3,Graduate,No,116857,5680,167,360,1,Rural,Y
Male,Yes,0,Graduate,No,15625,7949,252,360,1,Semiurban,Y
Male,No,1,Not Graduate,No,76727,9870,176,360,1,Rural,Y
Male,No,3,Graduate,No,22063,6316,160,180,1,Urban,Y
Male,Yes,0,Graduate,No,21593,12769,174,360,1,Rural,Y
Male,Yes,0,Graduate,No,22426,11007,298,120,1,Semiurban,Y
Female,Yes,0,Graduate,No,91219,1190,175,180,1,Semiurban,Y
Female,Yes,1,Graduate,Yes,12747,45236,103,360,1,Rural,Y
Male,No,1,Graduate,No,39861,13448,139,480,0,Semiurban,N
Female,No,2,Graduate,No,26907,6106,87,300,1,Urban,Y
Male,Yes,3,Graduate,No,84410,29635,55,180,1,Rural,Y
Male,No,0,Graduate,No,108046,11779,316,120,0,Rural,N
Male,Yes,2,Graduate,No,38856,10992,107,300,1,Urban,Y
Male,Yes,2,Graduate,Yes,108472,49422,229,240,1,Urban,Y
Male,Yes,0,Graduate,No,24940,28616,289,360,1,Urban,Y
Male,Yes,1,Graduate,Yes,111281,5468,255,300,1,Rural,Y
Female,No,2,Graduate,Yes,90355,115,141,300,1,Semiurban,Y
Female,No,1,Graduate,Yes,34428,668,343,240,1,Rural,Y
Female,Yes,3,Graduate,No,59318,51900,151,180,1,Rural,Y
Male,Yes,0,Graduate,No,81155,17003,306,300,1,Semiurban,Y
Female,Yes,0,Graduate,No,71255,39975,301,120,1,Semiurban,Y
Male,No,2,Graduate,No,17287,5566,311,240,1,Rural,Y
Male,Yes,0,Graduate,No,70024,15884,120,360,1,Urban,Y
Male,Yes,1,Graduate,No,37333,16752,64,300,1,Urban,Y
Male,Yes,1,Graduate,Yes,51695,2716,255,300,1,Semiurban,Y
Female,No,1,Graduate,Yes,18425,10949,251,240,1,Rural,Y
Female,Yes,3,Graduate,No,94674,43080,95,240,0,Rural,N
Male,Yes,2,Graduate,No,83175,44875,91,480,1,Semiurban,Y
Male,Yes,3,Graduate,No,47962,53801,221,360,1,Semiurban,Y
Female,Yes,3,Graduate,No,47123,36994,254,360,1,Urban,Y
Male,No,1,Graduate,Yes,75330,14254,288,360,1,Rural,Y
Male,Yes,0,Not Graduate,No,52020,29629,308,360,1,Semiurban,Y
Female,No,2,Graduate,No,95376,9634,143,360,1,Semiurban,Y
Male,Yes,1,Graduate,No,34465,40592,147,240,1,Semiurban,Y
Male,Yes,3,Graduate,No,43808,37704,307,300,1,Semiurban,Y
Female,No,0,Graduate,Yes,71626,4070,349,360,1,Rural,Y
Female,Yes,0,Graduate,No,66566,43352,282,300,1,Urban,Y
Male,Yes,3,Graduate,No,52860,58651,51,480,1,Urban,Y
Male,Yes,0,Graduate,Yes,46315,45295,118,180,1,Urban,Y
Female,Yes,3,Graduate,No,81229,36477,264,240,1,Urban,Y
Male,Yes,0,Graduate,No,109019,59490,206,240,0,Rural,N
Male,Yes,1,Graduate,No,50407,37200,220,300,1,Rural,Y
Male,Yes,1,Graduate,No,112699,19677,243,240,1,Urban,Y
Male,Yes,0,Not Graduate,No,76371,42053,138,480,1,Urban,Y
Female,Yes,1,Graduate,No,93496,40522,320,360,1,Semiurban,Y
Male,Yes,3,Graduate,No,27627,17110,238,480,1,Rural,Y
Male,No,1,Graduate,No,42750,798,223,480,0,Semiurban,N
Female,Yes,0,Graduate,No,24031,9195,178,300,1,Rural,Y
Female,Yes,2,Not Graduate,No,52440,13473,74,480,1,Rural,Y
Female,Yes,1,Graduate,No,107078,1735,243,360,1,Semiurban,Y
Female,No,1,Not Graduate,Yes,116307,1046,315,480,1,Semiurban,Y
Male,Yes,0,Graduate,No,69379,5473,229,360,1,Rural,Y
Female,Yes,2,Graduate,No,12215,59622,180,360,1,Rural,Y
Male,Yes,2,Graduate,No,79035,14865,118,180,1,Semiurban,Y
Male,Yes,2,Graduate,Yes,16808,55736,286,360,1,Semiurban,Y
Female,Yes,0,Graduate,Yes,20840,18737,93,240,1,Urban,Y
Male,Yes,0,Graduate,No,81895,27730,84,360,1,Urban,Y
Female,No,2,Graduate,No,54423,10808,290,360,1,Rural,Y
Female,No,1,Graduate,No,56566,5150,305,300,1,Rural,Y
Male,Yes,1,Graduate,No,25068,2645,238,360,1,Semiurban,Y
Male,Yes,2,Not Graduate,No,19297,15491,224,480,1,Urban,Y
Male,Yes,2,Graduate,No,62209,27887,57,360,1,Urban,Y
Female,No,1,Not Graduate,No,22733,13061,137,180,1,Urban,Y
Female,Yes,0,Graduate,No,25603,34497,61,360,1,Urban,Y
Female,Yes,0,Not Graduate,No,54159,26560,241,240,1,Urban,Y
Male,Yes,1,Graduate,No,16989,53933,278,360,1,Semiurban,Y
Female,No,0,Not Graduate,No,45031,9177,230,360,1,Urban,Y
Male,Yes,0,Not Graduate,No,50068,27479,284,360,0,Urban,N
Female,No,2,Not Graduate,No,89199,12312,139,360,1,Rural,Y
Female,Yes,0,Not Graduate,No,45396,44475,349,480,1,Urban,Y
Male,No,2,Graduate,Yes,12120,964,336,240,1,Semiurban,Y
Male,No,0,Graduate,No,73575,14564,213,240,1,Urban,Y
Male,Yes,1,Graduate,No,55739,10552,195,300,1,Semiurban,Y
Male,Yes,0,Graduate,Yes,115625,16126,154,240,1,Urban,Y
Female,Yes,0,Graduate,No,62121,59109,228,480,0,Urban,N
Male,Yes,0,Graduate,No,20645,31520,93,360,0,Urban,N
Male,Yes,2,Not Graduate,No,78139,53425,241,240,1,Semiurban,Y
Male,Yes,2,Graduate,No,100733,1041,151,180,1,Semiurban,Y
Male,No,2,Graduate,No,66460,7954,261,300,1,Semiurban,Y
Male,No,0,Not Graduate,No,58803,5711,202,300,0,Urban,N
Male,Yes,2,Graduate,No,113124,48436,106,180,1,Urban,Y
Male,Yes,1,Graduate,Yes,93037,47945,119,240,1,Semiurban,Y
Male,Yes,2,Not Graduate,No,97829,34080,211,300,1,Semiurban,Y
Male,Yes,0,Graduate,No,13861,25264,275,240,1,Semiurban,Y
Male,No,0,Not Graduate,No,32602,1759,265,480,1,Urban,Y
Female,Yes,1,Not Graduate,No,71455,16334,77,240,1,Semiurban,Y
Female,No,3,Graduate,No,32667,3750,234,360,1,Semiurban,Y
Male,Yes,1,Graduate,No,112468,36656,93,360,0,Semiurban,Y
Female,No,1,Graduate,No,55753,10239,348,180,1,Semiurban,Y
Female,No,1,Not Graduate,No,68696,4119,214,180,0,Urban,N
Female,Yes,1,Graduate,No,108654,34492,242,300,1,Urban,Y
Male,No,1,Graduate,No,102111,5679,73,180,1,Urban,Y
Male,No,1,Not Graduate,No,30776,12431,225,480,1,Rural,Y
Male,Yes,2,Graduate,No,105203,2126,303,240,1,Semiurban,Y
Male,Yes,0,Graduate,Yes,75874,38496,115,360,1,Urban,Y
Female,Yes,0,Graduate,No,96881,11742,307,360,1,Urban,Y
Male,No,2,Graduate,No,56361,1479,231,360,1,Rural,Y
Male,Yes,2,Graduate,No,66510,44390,263,180,1,Semiurban,Y
Female,No,1,Graduate,No,62857,4110,258,360,1,Rural,Y
Female,Yes,1,Not Graduate,Yes,39138,38470,221,300,1,Urban,Y
Female,No,1,Graduate,No,20831,9723,115,180,1,Semiurban,Y
Female,No,3,Graduate,No,62834,9498,298,360,1,Semiurban,Y
Female,No,0,Graduate,No,57548,2654,303,360,1,Urban,Y
Male,Yes,0,Graduate,Yes,44825,8725,170,120,1,Semiurban,Y
Female,Yes,2,Graduate,No,38712,7072,96,360,1,Semiurban,Y
Female,No,2,Not Graduate,No,57337,3706,248,120,1,Urban,Y
Male,Yes,0,Graduate,No,58240,32134,282,300,1,Urban,Y
Female,No,0,Graduate,Yes,105052,578,161,360,1,Urban,Y
Male,No,0,Graduate,No,51925,14170,245,240,1,Urban,Y
Male,No,2,Graduate,No,102505,12333,127,120,1,Rural,Y
Male,Yes,1,Not Graduate,No,88374,21595,308,360,1,Urban,Y
Male,Yes,0,Graduate,No,20398,46541,102,180,0,Semiurban,N
Male,Yes,2,Graduate,No,95564,25644,267,300,1,Semiurban,Y
Female,Yes,1,Graduate,No,54777,38110,313,240,1,Urban,Y
Female,Yes,2,Graduate,No,16045,54565,165,300,1,Semiurban,Y
Male,Yes,0,Graduate,No,108946,22475,114,360,1,Semiurban,Y
Female,Yes,0,Graduate,Yes,117675,54285,177,180,1,Semiurban,Y
Male,Yes,0,Graduate,No,55222,9945,195,360,1,Rural,Y
Male,Yes,0,Graduate,No,43189,33271,307,360,0,Rural,N
Male,Yes,0,Graduate,No,47159,37640,95,240,1,Semiurban,Y
Female,Yes,2,Graduate,No,33826,8773,248,180,1,Urban,Y
Female,No,1,Not Graduate,No,29175,9219,206,360,1,Rural,Y
Male,Yes,2,Graduate,No,72033,31474,259,360,1,Rural,Y
Female,Yes,0,Not Graduate,No,16451,46336,348,360,1,Semiurban,Y
Female,No,1,Graduate,No,103352,10668,236,480,1,Rural,Y
Female,No,3,Graduate,No,32215,10438,285,120,1,Semiurban,Y
Female,Yes,1,Graduate,No,17451,28727,119,120,1,Rural,Y
Male,No,2,Graduate,No,20741,2587,55,360,1,Semiurban,Y
Female,Yes,0,Graduate,Yes,96786,29084,164,240,1,Urban,Y
Female,Yes,1,Graduate,Yes,94434,45647,51,300,1,Urban,Y
Female,No,2,Graduate,No,16452,5204,183,300,1,Semiurban,Y
Male,Yes,2,Graduate,No,56789,17730,267,360,1,Semiurban,Y
Male,No,0,Graduate,No,68197,8745,113,180,1,Urban,Y
Male,Yes,1,Graduate,No,66994,8374,211,240,1,Semiurban,Y
Male,Yes,1,Graduate,No,23878,51090,200,300,0,Semiurban,N
Female,No,0,Graduate,No,100017,910,67,300,1,Rural,Y
Female,Yes,3,Graduate,No,107481,32515,194,240,1,Semiurban,Y
Male,Yes,0,Graduate,No,53675,37698,243,300,1,Urban,Y
Male,No,1,Graduate,No,95545,4147,139,300,1,Urban,Y
Male,Yes,1,Graduate,No,87736,19254,135,360,1,Rural,Y
Female,Yes,1,Graduate,No,107511,44776,166,360,1,Semiurban,Y
Female,Yes,3,Graduate,No,94936,25378,134,360,1,Rural,Y
Male,No,2,Not Graduate,Yes,39846,9243,290,360,1,Urban,Y
Male,Yes,0,Graduate,No,102515,49560,341,360,1,Rural,Y
Female,No,0,Not Graduate,No,33868,14376,52,300,1,Urban,Y
Male,Yes,0,Graduate,No,22181,53261,290,360,1,Semiurban,Y
Female,Yes,1,Graduate,Yes,104319,51264,336,360,1,Urban,Y
Male,Yes,0,Not Graduate,No,53889,52679,274,240,1,Semiurban,Y
Male,Yes,2,Graduate,Yes,69397,32034,321,300,1,Semiurban,Y
Female,No,1,Not Graduate,No,56774,12298,288,180,0,Urban,N
Female,Yes,0,Graduate,No,52524,20732,167,300,1,Urban,Y
Female,No,0,Not Graduate,No,81709,2395,215,180,1,Rural,Y
Male,No,2,Graduate,Yes,25503,13417,107,300,1,Rural,Y
Male,Yes,0,Graduate,No,108472,27555,303,480,1,Urban,Y
Female,No,2,Graduate,No,83381,3314,308,360,0,Rural,N
Male,Yes,0,Graduate,No,53948,33367,269,180,0,Urban,N
Female,Yes,2,Not Graduate,No,87770,9878,175,300,0,Urban,N
Female,No,1,Graduate,No,56203,11836,290,360,0,Semiurban,N
Female,Yes,1,Not Graduate,No,33782,17651,124,300,1,Semiurban,Y
Female,No,2,Graduate,No,61523,9502,286,480,1,Semiurban,Y
Male,No,3,Graduate,Yes,101722,9117,226,360,1,Semiurban,Y
Female,No,2,Graduate,Yes,36800,2012,129,240,1,Urban,Y
Male,No,2,Graduate,No,12127,14205,250,240,1,Semiurban,Y
Male,No,1,Graduate,No,82668,10042,134,300,0,Rural,N
Male,Yes,2,Graduate,No,64735,14723,64,240,0,Semiurban,Y
Female,Yes,0,Graduate,No,52416,29279,346,360,1,Urban,Y
Female,Yes,2,Graduate,No,97753,9127,97,240,1,Rural,Y
Male,Yes,0,Graduate,No,53121,25292,199,480,1,Semiurban,Y
Male,Yes,1,Not Graduate,No,39643,1329,345,240,1,Semiurban,Y
Female,Yes,3,Graduate,No,22228,25993,153,240,0,Urban,N
Male,Yes,0,Graduate,No,79390,50429,57,240,1,Rural,Y
Female,Yes,1,Not Graduate,No,99489,32742,194,360,1,Semiurban,Y
Male,Yes,2,Graduate,No,16531,14990,98,180,0,Urban,N
Female,Yes,1,Graduate,No,30832,34351,190,300,1,Urban,Y
Male,Yes,0,Graduate,No,61592,9978,133,360,1,Rural,Y
Male,Yes,1,Graduate,Yes,62154,47914,262,360,1,Rural,Y
Male,No,3,Graduate,No,95511,1702,276,240,1,Urban,Y
Male,No,2,Not Graduate,Yes,52929,4545,87,480,1,Semiurban,Y
Female,Yes,1,Not Graduate,No,31333,59583,88,300,1,Urban,Y
Female,Yes,0,Graduate,No,46875,48662,180,360,1,Urban,Y
Male,Yes,0,Graduate,No,79608,24566,62,240,1,Urban,Y
Female,Yes,2,Not Graduate,No,24358,16553,326,300,0,Semiurban,N
Male,Yes,0,Graduate,No,58770,16742,83,240,0,Rural,N
Male,Yes,2,Graduate,Yes,114629,11790,309,480,0,Urban,N
Male,Yes,1,Not Graduate,No,26504,55361,275,360,1,Urban,Y
Male,Yes,1,Graduate,Yes,54940,49757,79,300,1,Semiurban,Y
Female,No,1,Graduate,No,43275,887,176,360,1,Urban,Y
Male,No,0,Graduate,No,31917,12915,172,360,1,Urban,Y
Male,No,3,Not Graduate,No,42404,7894,251,300,1,Semiurban,Y
Female,Yes,2,Not Graduate,No,14511,12522,165,480,1,Semiurban,Y
Male,Yes,1,Graduate,Yes,97046,3067,313,300,1,Rural,Y
Female,No,1,Graduate,Yes,88618,454,211,180,1,Urban,Y
Female,Yes,0,Graduate,No,45705,30836,343,360,1,Semiurban,Y
Female,Yes,3,Not Graduate,Yes,38268,46532,181,300,1,Rural,Y
Female,No,1,Graduate,No,110869,3409,295,240,1,Urban,Y
Female,No,1,Graduate,No,19608,12574,199,360,1,Urban,Y
Male,Yes,0,Graduate,No,89884,13808,306,360,1,Rural,Y
Female,Yes,0,Graduate,No,64711,1193,120,300,1,Urban,Y
Female,Yes,2,Graduate,No,85258,3363,161,360,1,Urban,Y
Female,Yes,1,Graduate,No,84545,4394,177,300,1,Rural,Y
Male,Yes,3,Graduate,No,40863,748,157,480,1,Urban,Y
Female,Yes,2,Not Graduate,Yes,97650,35212,227,240,1,Semiurban,Y
Female,No,0,Not Graduate,Yes,45286,10148,300,360,1,Rural,Y
Female,No,0,Not Graduate,No,72714,605,191,360,0,Urban,N
Female,Yes,0,Graduate,No,63034,56373,222,360,0,Urban,N
Female,Yes,3,Graduate,No,44875,1391,225,300,0,Semiurban,N
Male,No,1,Graduate,No,26353,11563,304,480,1,Semiurban,Y
Female,No,0,Not Graduate,No,117528,1705,307,360,1,Semiurban,Y
Male,Yes,1,Not Graduate,No,62751,20989,309,300,1,Urban,Y
Male,Yes,0,Not Graduate,No,84867,46784,264,300,0,Rural,N
Female,Yes,1,Graduate,No,84512,9409,350,360,1,Semiurban,Y
Female,No,0,Graduate,No,20386,10232,257,120,1,Urban,Y
Female,Yes,1,Graduate,No,72974,46744,166,180,1,Urban,Y
Female,Yes,1,Graduate,No,76752,1428,302,360,1,Semiurban,Y
Female,Yes,2,Not Graduate,No,52032,148,52,180,1,Urban,Y
Female,Yes,0,Graduate,No,28126,3336,266,300,1,Semiurban,Y
Female,Yes,1,Graduate,No,85638,32984,219,360,1,Semiurban,Y
Male,No,0,Graduate,No,119850,12138,126,360,1,Rural,Y
Female,Yes,2,Graduate,No,54166,18078,278,360,1,Rural,Y
Female,No,2,Not Graduate,No,43901,10925,297,480,0,Rural,N
Female,Yes,1,Graduate,No,105578,38672,78,360,1,Semiurban,Y
Male,Yes,0,Graduate,No,26000,31160,198,480,1,Urban,Y
Male,Yes,3,Graduate,No,38342,59007,100,300,1,Semiurban,Y
Female,Yes,2,Graduate,Yes,32414,57759,279,360,1,Semiurban,Y
Male,Yes,0,Not Graduate,Yes,116432,49877,201,240,1,Urban,Y
Male,Yes,0,Graduate,Yes,106278,26686,286,300,0,Urban,N
Female,Yes,2,Graduate,No,63939,41965,168,360,1,Urban,Y
Female,Yes,1,Graduate,Yes,49061,25162,289,480,1,Rural,Y
Male,Yes,1,Graduate,No,26090,20989,229,120,0,Urban,N
Male,Yes,0,Graduate,No,41679,6133,119,240,1,Urban,Y
Female,Yes,1,Not Graduate,No,12557,21254,169,360,1,Urban,Y
Male,Yes,1,Graduate,No,41316,45958,135,480,1,Semiurban,Y
Male,Yes,2,Graduate,No,43425,34032,66,480,1,Urban,Y
Male,Yes,2,Not Graduate,No,97657,36706,247,240,1,Urban,Y
Female,Yes,0,Graduate,No,57584,43620,237,480,1,Rural,Y
Male,Yes,1,Graduate,No,116574,17493,198,180,1,Urban,Y
Female,Yes,3,Graduate,No,31722,57295,254,240,1,Urban,Y
Male,Yes,0,Graduate,No,111793,38494,278,360,1,Rural,Y
Male,Yes,1,Graduate,No,34630,29775,151,240,0,Rural,N
Female,Yes,0,Graduate,No,67457,45070,131,180,0,Semiurban,Y
Male,Yes,2,Graduate,Yes,103738,52725,270,360,1,Rural,Y
Male,No,2,Not Graduate,No,17128,12148,311,180,0,Urban,N
Male,Yes,2,Graduate,No,47713,2854,334,360,0,Urban,N
Female,No,3,Graduate,No,96919,11917,111,360,0,Semiurban,Y
Female,No,1,Graduate,Yes,14374,5302,313,360,1,Rural,Y
Female,No,3,Graduate,No,47097,263,148,240,1,Urban,Y
Male,Yes,2,Graduate,No,56446,24684,163,300,1,Semiurban,Y
Female,No,1,Graduate,No,25849,12745,170,480,1,Semiurban,Y
Female,Yes,3,Not Graduate,Yes,50091,59357,270,480,0,Rural,N
Male,Yes,0,Graduate,No,86184,34320,147,300,1,Semiurban,Y
Female,Yes,2,Not Graduate,No,102471,47473,214,360,0,Urban,N
Male,Yes,0,Graduate,No,68719,24211,263,480,1,Semiurban,Y
Male,No,1,Graduate,No,79146,10350,99,240,1,Semiurban,Y
Female,No,0,Not Graduate,No,110802,6489,198,360,1,Urban,Y
Female,Yes,2,Not Graduate,No,36907,52055,116,360,0,Urban,N
Male,No,3,Not Graduate,No,76120,6316,180,180,1,Urban,Y
Male,Yes,1,Not Graduate,No,59584,32113,178,300,1,Semiurban,Y
Male,Yes,3,Graduate,No,16736,33952,162,300,1,Rural,Y
Male,Yes,1,Graduate,No,78839,8190,138,120,1,Urban,Y
Male,Yes,2,Graduate,No,72094,28546,133,180,1,Urban,Y
Male,Yes,0,Graduate,No,92350,48465,226,480,1,Semiurban,Y
Male,Yes,3,Not Graduate,No,29590,58590,313,120,0,Semiurban,N
Male,Yes,1,Graduate,No,29500,49079,247,360,1,Urban,Y
Male,No,2,Graduate,No,96218,4618,176,360,1,Urban,Y
Male,No,0,Graduate,No,110096,6995,289,360,1,Rural,Y
Female,Yes,3,Graduate,No,95197,8896,76,360,1,Semiurban,Y
Male,Yes,1,Graduate,No,73377,55455,335,240,1,Urban,Y
Female,Yes,1,Graduate,No,41057,12346,194,180,1,Semiurban,Y
Male,Yes,0,Not Graduate,No,71115,50460,142,300,1,Semiurban,Y
Female,Yes,3,Graduate,No,57124,12235,97,180,0,Semiurban,N
Female,No,0,Graduate,No,88341,13551,252,360,1,Semiurban,Y
Female,Yes,2,Not Graduate,No,49402,30285,219,480,1,Rural,Y
Male,Yes,1,Graduate,No,74233,3668,246,360,0,Rural,N
Male,Yes,0,Graduate,Yes,53580,20348,258,180,1,Semiurban,Y
Female,Yes,0,Graduate,No,71278,34428,84,360,1,Semiurban,Y
Female,Yes,1,Not Graduate,No,87260,21336,198,360,1,Rural,Y
Male,No,0,Graduate,No,69439,2833,167,480,1,Semiurban,Y
Male,Yes,1,Graduate,No,30040,26281,150,360,1,Urban,Y
Female,Yes,3,Not Graduate,No,100993,30458,341,180,1,Semiurban,Y
Male,No,2,Graduate,No,96515,2020,61,360,1,Urban,Y
Female,Yes,1,Graduate,No,54180,32010,215,360,1,Rural,Y
Male,Yes,1,Graduate,No,99908,52728,57,360,1,Semiurban,Y
Female,Yes,1,Graduate,No,34871,31704,200,360,1,Semiurban,Y
Female,Yes,2,Graduate,No,79669,13000,72,480,1,Semiurban,Y
Female,Yes,0,Graduate,No,45556,13478,170,300,0,Semiurban,N
Female,Yes,1,Graduate,No,115155,53790,116,300,0,Urban,Y
Female,Yes,0,Graduate,No,96810,38685,274,360,1,Semiurban,Y
Female,Yes,3,Graduate,No,15911,51674,261,180,1,Semiurban,Y
Male,Yes,0,Graduate,No,66041,39599,304,360,1,Urban,Y
Male,Yes,2,Graduate,No,60267,25562,266,360,0,Rural,N
Male,Yes,0,Graduate,No,87080,24360,123,360,1,Semiurban,Y
Female,Yes,0,Graduate,No,111519,6135,78,360,1,Semiurban,Y
Female,No,2,Graduate,No,110194,11115,86,240,1,Urban,Y
Male,Yes,2,Graduate,No,63755,11537,275,300,1,Urban,Y
Male,Yes,0,Graduate,No,64546,14267,58,180,1,Urban,Y
Male,No,0,Graduate,No,19403,7296,311,300,1,Rural,Y
Male,No,2,Graduate,Yes,109110,10715,236,360,0,Urban,N
Female,No,3,Graduate,No,59826,2622,297,480,0,Rural,N
Female,Yes,1,Graduate,No,20020,21930,234,240,1,Semiurban,Y
Male,Yes,3,Graduate,No,62355,39910,99,300,1,Urban,Y
Female,Yes,2,Graduate,No,103149,54091,103,240,1,Semiurban,Y
Male,Yes,0,Graduate,Yes,68958,49666,329,360,1,Urban,Y
Female,Yes,0,Graduate,Yes,46853,11323,241,180,1,Rural,Y
Male,Yes,2,Not Graduate,No,90647,10257,129,240,1,Rural,Y
Female,Yes,2,Not Graduate,No,37553,376,127,360,1,Rural,Y
Male,Yes,0,Graduate,No,83194,55958,274,360,1,Urban,Y
Male,Yes,3,Graduate,No,32532,26905,319,360,0,Semiurban,N
Female,Yes,1,Graduate,No,80147,16081,102,360,0,Urban,Y
Female,No,0,Graduate,No,74938,5178,256,360,0,Rural,N
Male,No,0,Graduate,Yes,81439,172,105,120,0,Semiurban,N
Female,Yes,1,Not Graduate,No,69048,5202,158,300,0,Semiurban,N
Female,Yes,2,Not Graduate,No,111980,21659,174,480,1,Rural,Y
Female,Yes,1,Not Graduate,No,74850,37824,125,240,0,Semiurban,N
Male,Yes,1,Graduate,Yes,40649,31779,198,240,0,Semiurban,N
Female,No,0,Not Graduate,Yes,49983,142,213,480,1,Semiurban,Y
Female,Yes,1,Not Graduate,No,33475,39005,88,240,0,Semiurban,N
Male,No,1,Graduate,No,109187,5195,347,180,1,Semiurban,Y
Female,Yes,2,Graduate,No,92477,28915,320,360,1,Rural,Y
Female,No,3,Graduate,No,116829,10350,324,240,1,Rural,Y
Female,Yes,1,Not Graduate,No,56426,31384,178,300,1,Urban,Y
Male,Yes,0,Graduate,No,60390,25132,87,360,0,Urban,Y
Female,Yes,1,Not Graduate,No,40959,8312,145,360,1,Rural,Y
Male,Yes,0,Graduate,No,69429,15080,244,300,1,Urban,Y
Male,Yes,0,Not Graduate,No,28473,56343,290,180,1,Semiurban,Y
Male,No,3,Not Graduate,No,56070,3878,153,300,1,Rural,Y
Female,Yes,1,Not Graduate,No,99889,35500,60,360,0,Urban,N
Male,No,0,Graduate,Yes,76236,9177,300,360,1,Semiurban,Y
Male,No,2,Not Graduate,No,67695,4055,74,360,1,Urban,Y
Male,No,2,Graduate,No,98159,9328,305,360,1,Urban,Y
Male,No,2,Graduate,No,59683,10842,73,300,1,Urban,Y
Male,Yes,0,Graduate,No,35850,45202,125,300,1,Semiurban,Y
Female,Yes,0,Graduate,No,22277,48354,229,300,1,Semiurban,Y
Female,Yes,1,Not Graduate,No,115341,28986,134,240,1,Semiurban,Y
Female,Yes,3,Graduate,No,76860,21583,211,360,1,Rural,Y
Female,Yes,1,Graduate,No,69328,34181,161,360,0,Urban,Y
Female,No,3,Graduate,No,17956,6696,262,300,1,Urban,Y
Male,Yes,1,Graduate,No,36007,31686,316,480,1,Semiurban,Y
Male,Yes,3,Graduate,No,23071,14594,292,180,1,Rural,Y
Female,Yes,1,Not Graduate,No,81559,14139,67,300,1,Rural,Y
Male,No,1,Not Graduate,No,28203,6936,276,240,1,Semiurban,Y
Female,Yes,1,Graduate,No,57861,36970,232,300,1,Rural,Y
Female,Yes,2,Graduate,No,95729,43849,276,300,1,Urban,Y
Male,Yes,0,Graduate,No,81886,42663,307,360,1,Semiurban,Y
Female,No,1,Graduate,No,78040,4783,234,360,1,Urban,Y
Male,Yes,3,Graduate,No,60476,3884,289,360,0,Urban,N
Male,Yes,1,Graduate,Yes,112470,44599,108,180,1,Semiurban,Y
Female,Yes,1,Graduate,No,98974,42887,232,120,1,Rural,Y
Female,Yes,0,Graduate,No,29055,41038,294,120,0,Semiurban,N
Male,No,1,Graduate,No,43718,5440,273,360,1,Rural,Y
Male,No,0,Graduate,No,40512,6610,199,300,0,Urban,N
Female,No,3,Graduate,Yes,107623,3619,170,300,1,Rural,Y
Male,Yes,1,Not Graduate,No,105086,26671,255,360,1,Urban,Y
Male,No,0,Graduate,No,105068,8991,59,240,0,Rural,N
Female,Yes,0,Graduate,No,102102,37706,242,180,1,Semiurban,Y
Female,Yes,1,Graduate,No,27165,58165,253,480,0,Rural,N
Male,Yes,0,Not Graduate,No,61771,39501,105,360,1,Urban,Y
Male,Yes,0,Not Graduate,No,32114,24228,274,240,1,Urban,Y
Female,Yes,1,Graduate,No,34572,50480,132,360,0,Semiurban,Y
Female,No,1,Not Graduate,No,59691,608,334,180,1,Semiurban,Y
Female,Yes,3,Graduate,Yes,56151,50725,303,180,1,Rural,Y
Male,Yes,3,Graduate,No,112925,16546,279,180,1,Urban,Y
Female,Yes,0,Graduate,No,57220,44707,306,360,1,Rural,Y
Female,No,0,Not Graduate,No,98489,11029,343,360,1,Urban,Y
Female,Yes,0,Graduate,No,29699,1370,146,360,0,Semiurban,N
Female,No,2,Graduate,No,74288,10979,263,120,0,Urban,N
Male,Yes,0,Not Graduate,No,116432,11164,272,360,1,Urban,Y
Male,Yes,0,Graduate,No,119119,28196,128,360,1,Urban,Y
Male,No,1,Graduate,Yes,99426,5760,189,480,0,Semiurban,N
Male,No,0,Graduate,No,77970,10463,81,360,1,Rural,Y
Male,Yes,1,Graduate,No,36660,13469,207,120,1,Semiurban,Y
Male,Yes,3,Graduate,No,65308,30792,131,300,1,Rural,Y
Male,Yes,3,Graduate,No,92531,22003,309,360,0,Semiurban,N
Female,No,1,Graduate,No,110639,4820,348,360,0,Urban,N
Male,No,0,Graduate,No,76868,2572,256,300,1,Rural,Y
Male,No,0,Graduate,No,69558,10586,306,240,1,Urban,Y
Female,Yes,2,Not Graduate,No,75394,29503,57,300,1,Rural,Y
Male,Yes,0,Graduate,No,107431,6280,312,120,1,Urban,Y
Male,Yes,1,Graduate,No,90248,14554,306,360,1,Rural,Y
Female,No,0,Graduate,No,99575,14648,173,360,1,Urban,Y
Female,Yes,2,Not Graduate,No,23070,1408,243,360,1,Semiurban,Y
Male,Yes,1,Graduate,No,30500,26895,139,360,1,Rural,Y
Male,Yes,3,Graduate,No,84123,45633,124,360,0,Rural,N
Male,No,2,Graduate,No,28432,1065,80,360,1,Urban,Y
Female,No,3,Graduate,No,63731,2227,318,180,1,Semiurban,Y
Female,Yes,3,Graduate,No,61043,3251,323,240,1,Rural,Y
Male,Yes,0,Not Graduate,No,37685,3533,319,360,1,Rural,Y
Male,Yes,0,Graduate,No,32323,1714,76,300,1,Semiurban,Y
Male,Yes,0,Graduate,No,97455,18647,302,240,0,Rural,N
Female,Yes,2,Not Graduate,No,20272,15141,136,300,1,Rural,Y
Male,Yes,2,Graduate,Yes,71442,43949,139,480,1,Urban,Y
Female,Yes,3,Graduate,No,50763,32066,238,240,1,Semiurban,Y
Female,No,1,Graduate,No,19527,7791,343,240,0,Rural,N
Male,Yes,3,Not Graduate,No,57925,23558,237,360,1,Rural,Y
Male,Yes,1,Graduate,No,109999,30459,66,360,1,Urban,Y
Female,No,0,Not Graduate,No,112386,5940,350,360,1,Urban,Y
Male,Yes,2,Graduate,No,46687,1204,109,120,1,Urban,Y
Male,No,3,Graduate,Yes,68987,2725,139,360,1,Semiurban,Y
Male,Yes,1,Graduate,No,64246,54911,166,240,1,Urban,Y
Male,Yes,0,Graduate,No,27869,39456,348,240,1,Semiurban,Y
Male,Yes,0,Graduate,No,15780,36312,87,360,1,Urban,Y
Female,Yes,1,Not Graduate,No,32617,52597,263,480,1,Urban,Y
Female,No,0,Graduate,Yes,97479,460,126,360,0,Rural,N
Female,Yes,0,Graduate,No,67499,1422,136,240,1,Urban,Y
Female,Yes,0,Graduate,No,60130,30855,93,300,1,Urban,Y
Female,No,1,Graduate,No,102976,12982,228,240,0,Urban,N
Female,No,1,Graduate,No,80695,9744,109,300,1,Rural,Y
Male,Yes,0,Not Graduate,Yes,20741,16912,133,360,1,Urban,Y
Female,No,3,Not Graduate,No,21746,14996,154,300,0,Semiurban,N
Female,Yes,3,Graduate,No,90264,21048,208,480,1,Urban,Y
Female,Yes,2,Graduate,Yes,28023,42567,96,480,1,Rural,Y
Female,Yes,0,Graduate,Yes,25569,44046,114,300,1,Rural,Y
Male,Yes,0,Graduate,No,88956,24948,233,480,1,Urban,Y
Male,Yes,2,Not Graduate,No,53575,19055,116,360,1,Semiurban,Y
Female,Yes,3,Not Graduate,Yes,67200,57020,193,240,1,Urban,Y
Male,No,0,Not Graduate,No,50226,10795,252,480,1,Rural,Y
Male,Yes,3,Graduate,No,50515,8276,87,360,1,Semiurban,Y
Female,Yes,1,Not Graduate,No,57574,6409,223,360,1,Rural,Y
Female,Yes,0,Not Graduate,No,67664,16850,216,240,0,Urban,N
Female,No,0,Not Graduate,Yes,16421,12765,215,360,1,Urban,Y
Male,Yes,3,Graduate,No,96129,44190,198,360,1,Rural,Y
Male,No,0,Graduate,No,101645,745,297,360,1,Semiurban,Y
Female,Yes,1,Graduate,No,81060,14904,57,240,1,Urban,Y
Female,Yes,1,Not Graduate,No,47057,46015,164,300,1,Semiurban,Y
Female,Yes,2,Graduate,Yes,67911,32896,234,240,0,Rural,N
Male,Yes,2,Graduate,No,18393,16653,52,360,1,Urban,Y
Male,Yes,1,Graduate,No,47214,42222,59,360,1,Semiurban,Y
Female,No,2,Graduate,No,75319,9347,128,360,1,Semiurban,Y
Male,Yes,1,Graduate,No,91474,39688,138,240,1,Semiurban,Y
Male,Yes,3,Graduate,No,106853,58893,245,240,1,Semiurban,Y
Male,Yes,1,Graduate,No,63609,32918,153,180,1,Rural,Y
Male,Yes,1,Graduate,No,31466,51020,132,240,0,Urban,Y
Female,Yes,0,Graduate,No,40074,34019,226,480,0,Urban,N
Male,Yes,2,Not Graduate,No,36835,18302,139,300,1,Urban,Y
Male,Yes,1,Graduate,No,35579,59519,101,360,1,Urban,Y
Female,Yes,1,Graduate,No,26671,24223,310,300,1,Semiurban,Y
Male,Yes,3,Graduate,No,29818,43456,218,240,0,Semiurban,N
Male,No,1,Graduate,No,101636,8968,301,300,0,Semiurban,N
Male,Yes,2,Graduate,No,88673,22821,282,180,1,Semiurban,Y
Female,No,2,Graduate,No,23149,3921,214,180,1,Semiurban,Y
Male,Yes,0,Graduate,No,60884,50131,72,240,1,Rural,Y
Female,No,2,Not Graduate,No,25577,2793,158,180,1,Urban,Y
Male,No,1,Not Graduate,No,54172,14524,292,180,1,Rural,Y
Female,Yes,2,Graduate,No,81047,23151,337,360,0,Urban,N
Male,Yes,3,Graduate,No,109072,36299,145,180,1,Semiurban,Y
Male,Yes,1,Graduate,Yes,70869,55210,328,300,1,Semiurban,Y
Male,Yes,0,Graduate,No,69366,58189,168,360,1,Rural,Y
Female,Yes,0,Graduate,No,60004,20523,207,120,0,Rural,N
Male,Yes,3,Not Graduate,No,78545,33999,116,360,0,Semiurban,N
Male,Yes,2,Graduate,No,35487,37004,168,360,1,Rural,Y
Male,No,1,Graduate,No,84526,12513,134,480,1,Semiurban,Y
Male,Yes,3,Graduate,No,54090,57950,170,240,1,Rural,Y
Female,Yes,2,Graduate,No,98835,45750,255,240,0,Urban,N
Male,No,2,Not Graduate,No,89369,5445,222,360,1,Urban,Y
Male,No,2,Graduate,Yes,75919,8075,89,480,1,Rural,Y
Female,Yes,2,Graduate,Yes,82576,38057,120,360,0,Urban,N
Female,Yes,0,Graduate,Yes,35922,54272,188,300,1,Urban,Y
Female,Yes,3,Graduate,No,115460,21054,81,360,0,Rural,N
Male,Yes,3,Graduate,No,69823,40912,111,180,0,Rural,N
Male,Yes,1,Not Graduate,No,14974,55515,169,300,0,Urban,N
Male,Yes,2,Not Graduate,No,82727,56341,184,240,1,Rural,Y
Female,No,2,Graduate,No,107570,7327,184,240,1,Rural,Y
Female,Yes,3,Graduate,Yes,60484,45253,216,300,1,Urban,Y
Male,Yes,2,Graduate,No,90829,48255,174,120,0,Urban,Y
Female,No,0,Not Graduate,No,94463,8828,76,300,1,Semiurban,Y
Female,No,0,Graduate,No,45735,91,75,120,0,Urban,N
Female,No,0,Graduate,No,62468,8657,158,240,0,Rural,N
Female,Yes,1,Graduate,No,88147,39650,122,360,1,Urban,Y
Female,Yes,0,Graduate,Yes,73671,39481,219,360,1,Semiurban,Y
Male,Yes,0,Not Graduate,No,101294,43114,240,180,1,Urban,Y
Female,Yes,0,Graduate,No,69565,56886,86,360,1,Semiurban,Y
Female,Yes,2,Not Graduate,No,98678,25380,146,360,0,Urban,N
Male,Yes,3,Not Graduate,No,44440,7971,348,300,1,Urban,Y
Female,No,0,Graduate,No,48446,6221,264,240,1,Semiurban,Y
Male,Yes,0,Not Graduate,No,36277,33324,84,360,0,Rural,N
Female,Yes,0,Graduate,No,112587,32316,130,360,1,Semiurban,Y
Male,No,0,Not Graduate,No,87399,5009,60,360,1,Urban,Y
Female,No,3,Graduate,No,116275,9503,129,360,1,Semiurban,Y
Female,Yes,1,Graduate,No,64074,43652,294,300,1,Semiurban,Y
Male,Yes,0,Graduate,No,57955,7308,338,180,1,Urban,Y
Male,No,1,Graduate,No,71995,7086,267,360,1,Urban,Y
Male,Yes,1,Not Graduate,No,45176,8269,225,360,1,Urban,Y
Female,Yes,1,Not Graduate,No,81592,52006,231,300,0,Urban,N
Male,Yes,1,Graduate,No,39860,52199,262,300,1,Rural,Y
Female,Yes,1,Not Graduate,Yes,16462,23293,280,360,1,Rural,N
Male,No,3,Graduate,No,59182,6037,194,240,1,Semiurban,Y
Female,Yes,0,Graduate,No,40373,32152,182,480,1,Semiurban,Y
Female,Yes,2,Graduate,No,63167,54620,259,240,0,Semiurban,N
Male,Yes,3,Graduate,No,56756,14143,55,360,1,Rural,Y
Female,Yes,1,Graduate,Yes,62996,37472,217,360,0,Semiurban,N
Female,No,3,Graduate,No,67886,13384,256,120,1,Semiurban,Y
Male,No,0,Graduate,No,52138,4328,326,240,0,Semiurban,N
Female,Yes,1,Graduate,No,64180,52557,102,300,1,Semiurban,Y
Female,Yes,0,Graduate,Yes,49739,36978,83,360,1,Rural,Y
Female,Yes,0,Not Graduate,No,34754,22485,140,300,1,Semiurban,Y
Female,Yes,1,Graduate,No,30602,13641,77,300,1,Semiurban,Y
Male,Yes,2,Graduate,No,14409,9268,156,480,1,Urban,Y
Female,Yes,2,Not Graduate,No,48884,6400,332,120,1,Semiurban,Y
Female,No,1,Graduate,No,87020,13878,203,300,1,Urban,Y
Male,Yes,1,Not Graduate,No,46493,28484,232,360,1,Urban,Y
Male,Yes,0,Graduate,No,110218,3903,238,360,1,Semiurban,Y
Female,Yes,0,Graduate,No,50021,54204,146,360,1,Semiurban,Y
Female,No,1,Graduate,No,106307,7853,173,300,1,Rural,Y
Male,No,0,Not Graduate,No,70792,7780,119,360,1,Semiurban,Y
Male,No,1,Graduate,No,55254,5775,151,240,1,Semiurban,Y
Female,No,2,Graduate,No,78981,4031,288,180,0,Semiurban,N
Female,Yes,0,Graduate,No,86631,54533,187,360,1,Urban,Y
Female,Yes,1,Graduate,No,82565,25136,92,180,1,Urban,Y
Male,Yes,3,Not Graduate,No,35939,54712,194,180,1,Urban,Y
Male,Yes,0,Graduate,No,13042,30159,102,360,1,Rural,Y
Female,Yes,2,Graduate,No,35597,27678,236,300,0,Urban,N
Female,Yes,1,Graduate,No,60500,13698,82,360,1,Urban,Y
Female,Yes,1,Graduate,No,24009,53255,162,300,1,Semiurban,Y
Male,No,2,Graduate,No,71114,5889,262,480,0,Rural,N
Male,Yes,0,Not Graduate,No,70366,13966,282,240,0,Semiurban,N
Male,Yes,3,Graduate,No,49935,37072,137,300,1,Rural,Y
Male,No,0,Graduate,No,14038,1,262,180,1,Urban,Y
Female,No,0,Not Graduate,No,23142,4437,177,300,1,Rural,Y
Female,Yes,2,Graduate,Yes,115045,2132,205,300,1,Urban,Y
Male,No,2,Graduate,No,118522,10275,258,180,0,Semiurban,N
Male,No,2,Graduate,No,111168,8100,298,360,1,Rural,Y
Female,No,2,Graduate,Yes,73891,5733,54,360,1,Urban,Y
Female,No,1,Not Graduate,No,102734,8195,262,360,1,Rural,Y
Female,No,3,Graduate,No,113865,8175,105,360,1,Semiurban,Y
Male,Yes,1,Graduate,No,86386,32716,219,300,1,Semiurban,Y
Female,Yes,1,Not Graduate,No,18112,17213,188,360,1,Urban,Y
Female,No,1,Not Graduate,No,110136,6625,302,360,1,Semiurban,Y
Female,No,0,Not Graduate,No,99697,8385,262,480,0,Semiurban,N
Female,No,3,Graduate,No,45395,1028,260,360,1,Urban,Y
Male,No,3,Graduate,No,82644,1287,274,360,1,Semiurban,Y
Female,Yes,1,Graduate,No,41573,39057,289,300,1,Semiurban,Y
Female,Yes,3,Not Graduate,No,15839,52201,303,300,1,Rural,Y
Female,Yes,3,Graduate,No,12782,356,279,480,1,Urban,Y
Female,No,1,Graduate,No,68084,7916,296,360,1,Semiurban,Y
Male,Yes,0,Not Graduate,No,42481,19621,350,360,1,Urban,Y
Male,Yes,0,Not Graduate,No,93547,31803,323,240,1,Rural,Y
Female,No,0,Graduate,No,34357,11255,73,300,1,Urban,Y
Female,Yes,1,Not Graduate,No,81914,56398,326,120,1,Rural,Y
Female,No,2,Graduate,No,24587,12173,57,360,1,Urban,Y
Female,No,0,Graduate,No,97056,2759,74,360,1,Urban,Y
Male,Yes,1,Graduate,No,93624,6921,212,180,1,Urban,Y
Male,Yes,1,Not Graduate,No,117538,22755,327,360,0,Semiurban,N
Female,No,0,Not Graduate,No,61245,8412,299,240,1,Urban,Y
Male,Yes,3,Graduate,No,14571,25376,187,120,1,Rural,Y
Female,No,2,Not Graduate,No,77276,14931,99,360,1,Urban,Y
Female,No,2,Not Graduate,No,69280,6381,215,360,1,Rural,Y
Male,No,2,Not Graduate,No,15580,12393,52,240,1,Semiurban,Y
Female,No,2,Graduate,No,103267,13968,304,360,1,Semiurban,Y
Male,Yes,1,Graduate,No,92032,3338,211,360,0,Urban,N
Female,Yes,1,Graduate,Yes,71696,27882,184,300,0,Urban,N
Male,Yes,1,Graduate,No,93681,35744,217,480,1,Semiurban,Y
Male,Yes,0,Graduate,No,78915,10787,306,300,1,Urban,Y
Female,Yes,0,Graduate,No,59281,4781,213,360,0,Urban,N
Female,Yes,1,Graduate,No,78865,31062,226,120,1,Urban,Y
Male,No,1,Graduate,Yes,110128,1516,198,180,1,Semiurban,Y
Male,Yes,1,Graduate,No,60979,4439,219,300,1,Rural,Y
Male,No,0,Graduate,No,114838,12686,245,360,0,Semiurban,N
Female,Yes,1,Graduate,Yes,31772,44196,239,240,1,Urban,Y
Male,Yes,0,Not Graduate,No,31491,19770,113,240,1,Rural,Y
Male,Yes,0,Not Graduate,Yes,41075,58562,270,300,1,Urban,Y
Female,Yes,1,Graduate,No,98217,20069,211,360,1,Rural,Y
Female,No,1,Graduate,Yes,83178,9562,213,480,0,Urban,N
Male,No,3,Graduate,No,84167,9485,295,360,1,Urban,Y
Male,Yes,0,Graduate,No,43545,53276,163,360,1,Rural,Y
Male,Yes,1,Not Graduate,No,92030,47597,128,300,1,Urban,Y
Female,Yes,2,Not Graduate,No,68195,33757,205,300,0,Semiurban,N
Female,Yes,0,Graduate,No,91426,27424,268,240,1,Urban,Y
Female,Yes,0,Graduate,No,31298,13188,147,360,1,Semiurban,Y
Male,Yes,3,Graduate,No,77534,3301,288,300,1,Rural,Y
Male,Yes,1,Graduate,No,98001,54360,261,360,1,Semiurban,Y
Male,Yes,2,Not Graduate,No,87232,25376,55,120,1,Rural,Y
Male,No,0,Graduate,No,33421,6053,137,360,1,Urban,Y
Male,Yes,2,Graduate,No,32549,41372,196,180,1,Rural,Y
Female,Yes,0,Graduate,No,46655,36619,52,360,0,Urban,Y
Female,Yes,1,Graduate,No,119469,52319,189,360,1,Urban,Y
Female,No,0,Graduate,No,108499,10394,119,300,1,Urban,Y
Male,Yes,1,Graduate,No,53966,41940,345,300,1,Urban,Y
Male,Yes,2,Graduate,No,70344,34343,138,480,1,Urban,Y
Male,Yes,0,Graduate,No,81140,32538,61,240,0,Urban,Y
Female,Yes,3,Graduate,No,69620,13125,89,240,1,Rural,Y
Female,Yes,1,Graduate,No,90943,18058,179,240,0,Semiurban,Y
Male,Yes,2,Graduate,No,92826,31299,259,300,1,Urban,Y
Male,No,1,Graduate,No,45169,14694,56,360,1,Semiurban,Y
Female,No,0,Graduate,No,78977,10849,212,360,1,Urban,Y
Female,Yes,0,Graduate,No,67300,26338,282,240,1,Semiurban,Y
Female,Yes,3,Graduate,No,17724,28406,62,180,0,Urban,N
Male,Yes,1,Not Graduate,No,65366,43969,325,360,0,Semiurban,N
Male,No,2,Graduate,No,32333,5867,179,300,1,Semiurban,Y
Female,No,3,Graduate,No,60880,8146,187,360,1,Rural,Y
Male,Yes,3,Graduate,No,87972,10546,260,180,1,Urban,Y
Female,Yes,2,Graduate,No,49403,56056,249,360,1,Rural,Y
Male,Yes,2,Graduate,No,12832,3077,104,300,1,Semiurban,Y
Female,Yes,3,Not Graduate,No,19166,6297,292,360,0,Rural,N
Male,Yes,3,Graduate,No,97303,45277,130,360,1,Semiurban,Y
Male,No,0,Graduate,No,78380,14629,284,360,0,Urban,N
Male,Yes,1,Graduate,No,64410,37326,104,120,1,Semiurban,Y
Female,No,0,Graduate,No,39970,10960,179,120,1,Urban,Y
Male,Yes,0,Not Graduate,No,115423,16858,175,300,1,Urban,Y
Female,Yes,3,Graduate,No,19978,55533,213,480,1,Rural,Y
Female,Yes,3,Graduate,No,103897,37553,230,240,0,Rural,N
Female,Yes,1,Not Graduate,No,53474,36947,145,180,1,Semiurban,Y
Female,Yes,2,Graduate,No,33586,49984,166,120,0,Urban,Y
Female,No,0,Graduate,No,29550,9881,303,300,1,Semiurban,Y
Female,Yes,2,Not Graduate,No,52512,22613,283,360,0,Rural,N
Female,No,0,Not Graduate,No,71561,2121,184,360,1,Semiurban,Y
Female,Yes,3,Graduate,No,98703,50695,201,180,1,Semiurban,Y
Male,Yes,1,Graduate,No,34772,40213,310,240,1,Urban,Y
Female,Yes,0,Graduate,No,57698,39612,290,480,1,Rural,Y
Male,Yes,1,Graduate,No,73547,36946,343,360,1,Rural,Y
Female,Yes,2,Graduate,No,27332,42641,125,480,1,Urban,Y
Female,Yes,2,Graduate,Yes,113210,1317,262,360,1,Rural,Y
Male,Yes,1,Graduate,No,70956,35381,187,360,1,Semiurban,Y
Male,No,2,Graduate,No,21610,10439,101,360,1,Urban,Y
Male,Yes,2,Graduate,No,112685,32491,333,360,1,Semiurban,Y
Female,Yes,0,Not Graduate,No,93489,24315,60,360,0,Urban,N
Male,Yes,1,Not Graduate,No,112005,57501,153,180,1,Urban,Y
Female,Yes,0,Graduate,Yes,79295,40731,173,300,0,Semiurban,N
Female,Yes,3,Graduate,No,68971,54775,149,300,0,Rural,N
Female,Yes,0,Not Graduate,No,83479,44146,164,480,0,Semiurban,N
Male,Yes,1,Graduate,No,25186,27486,230,180,1,Semiurban,Y
Male,Yes,0,Not Graduate,No,109122,32383,100,300,1,Urban,Y
Male,Yes,1,Graduate,No,21336,51968,159,360,0,Urban,Y
Female,No,1,Graduate,Yes,72921,6217,234,360,1,Rural,Y
Male,No,0,Graduate,No,92059,12633,338,300,0,Semiurban,N
Female,Yes,0,Graduate,Yes,54675,14896,312,360,1,Semiurban,Y
Female,Yes,1,Graduate,No,77004,54701,246,480,1,Semiurban,Y
Female,Yes,3,Graduate,No,77265,18807,247,360,1,Rural,Y
Female,Yes,0,Graduate,No,99599,17049,155,360,1,Semiurban,Y
Female,Yes,1,Graduate,No,97328,19646,178,360,1,Rural,Y
Male,Yes,1,Graduate,No,100936,37662,246,240,1,Urban,Y
Female,Yes,1,Not Graduate,No,112521,32319,278,480,1,Urban,Y
Male,Yes,1,Graduate,No,19705,21003,106,360,1,Urban,Y
Male,No,3,Graduate,No,71366,2139,59,300,1,Urban,Y
Female,Yes,3,Graduate,No,64746,47723,285,360,1,Rural,Y
Female,Yes,0,Graduate,Yes,22639,66,144,300,1,Semiurban,Y
Female,Yes,1,Graduate,No,63748,23773,284,360,1,Semiurban,Y
Female,Yes,0,Not Graduate,No,68783,34055,216,360,1,Rural,Y
Male,Yes,0,Not Graduate,No,67866,49856,145,180,1,Semiurban,Y
Female,No,2,Not Graduate,No,72667,3600,56,300,1,Rural,Y
Male,Yes,0,Graduate,No,95223,58390,263,180,1,Rural,Y
Female,Yes,3,Graduate,No,18616,28300,253,180,1,Urban,Y
Female,Yes,1,Graduate,Yes,98103,55040,343,360,1,Semiurban,Y
Female,Yes,0,Graduate,No,70086,2115,340,480,1,Urban,Y
Female,Yes,1,Graduate,Yes,91309,56545,311,240,1,Rural,Y
Female,No,1,Graduate,No,78157,2508,181,360,1,Semiurban,Y
Female,Yes,1,Graduate,No,77827,12281,169,120,1,Urban,Y
Female,Yes,0,Graduate,No,58521,1045,109,360,1,Rural,Y
Male,Yes,3,Graduate,Yes,54929,25025,278,360,1,Urban,Y
Male,Yes,3,Graduate,No,65177,20223,110,360,1,Semiurban,Y
Female,Yes,0,Graduate,No,114579,14196,104,300,1,Semiurban,Y
Female,No,0,Graduate,No,92118,1027,236,180,1,Semiurban,Y
Female,No,2,Graduate,No,89875,789,205,300,1,Semiurban,Y
Male,No,2,Graduate,No,91278,12461,164,360,0,Semiurban,Y
Male,No,2,Not Graduate,No,101873,2630,272,360,1,Urban,Y
Female,No,0,Graduate,No,21517,14623,199,300,1,Rural,Y
Female,No,1,Graduate,No,101762,2492,192,240,1,Rural,Y
Female,Yes,3,Graduate,No,57172,36331,128,240,1,Urban,Y
Female,Yes,2,Not Graduate,No,75460,11576,195,480,1,Urban,Y
Male,Yes,2,Graduate,No,70631,22776,335,360,1,Urban,Y
Female,Yes,1,Graduate,No,25178,39978,188,360,0,Rural,N
Male,Yes,1,Graduate,Yes,13313,8931,256,240,1,Semiurban,Y
Male,No,1,Not Graduate,No,74059,898,322,300,1,Semiurban,Y
Female,Yes,0,Graduate,No,60592,17296,151,360,1,Rural,Y
Male,Yes,1,Graduate,No,56416,31279,257,360,1,Semiurban,Y
Female,No,0,Graduate,No,59513,6036,177,240,0,Semiurban,N
Male,Yes,0,Graduate,Yes,53892,58800,135,360,1,Rural,Y
Male,Yes,0,Graduate,Yes,38806,37285,228,360,1,Semiurban,Y
Female,Yes,1,Graduate,No,41188,24496,59,120,1,Rural,Y
Female,No,2,Graduate,No,114488,8495,137,360,1,Semiurban,Y
Male,Yes,0,Graduate,No,110107,11776,345,240,1,Semiurban,Y
Female,No,0,Graduate,No,72690,11861,161,300,1,Urban,Y
Male,No,0,Graduate,No,104632,10885,92,480,0,Urban,N
Male,Yes,1,Not Graduate,No,70882,48972,62,480,1,Urban,Y
Male,No,3,Not Graduate,No,56232,12404,244,360,1,Semiurban,Y
Female,Yes,1,Graduate,No,89347,38525,325,300,1,Rural,Y
Female,Yes,0,Not Graduate,No,21863,52303,140,360,1,Rural,Y
Female,No,0,Graduate,No,37592,12443,299,360,1,Rural,Y
Female,Yes,1,Not Graduate,No,34155,10039,56,360,0,Urban,N
Female,No,2,Graduate,No,29237,9635,339,360,1,Urban,Y
Male,Yes,1,Not Graduate,No,107537,28345,341,360,1,Semiurban,Y
Female,Yes,0,Graduate,No,38172,33993,127,360,1,Urban,Y
Female,Yes,2,Graduate,No,76928,52100,104,360,1,Semiurban,Y
Male,Yes,1,Graduate,No,66416,59828,140,300,1,Semiurban,Y
Female,Yes,0,Graduate,No,92537,38170,50,360,0,Rural,N
Female,No,1,Graduate,No,72344,1629,194,360,1,Rural,Y
Female,Yes,2,Graduate,Yes,97216,21868,335,360,1,Rural,Y
Female,Yes,2,Graduate,Yes,38005,11389,270,360,1,Semiurban,Y
Female,No,0,Graduate,No,113682,1190,350,180,0,Urban,N
Female,Yes,3,Graduate,Yes,89499,30734,341,480,1,Rural,Y
Female,Yes,1,Graduate,No,20612,53132,319,360,1,Semiurban,Y
Male,No,2,Graduate,Yes,62652,5845,275,300,1,Urban,Y
Male,Yes,0,Graduate,No,110460,1111,207,240,1,Urban,Y
Female,Yes,1,Not Graduate,No,92089,53209,135,120,1,Rural,Y
Male,Yes,0,Graduate,No,23721,36256,340,180,1,Urban,Y
Male,Yes,3,Graduate,No,35707,49659,215,180,1,Semiurban,Y
Male,Yes,2,Graduate,No,16192,11575,65,360,1,Semiurban,Y
Male,No,0,Graduate,No,48339,6359,248,180,1,Rural,Y
Male,No,1,Not Graduate,No,94938,12173,194,300,1,Semiurban,Y
Male,Yes,2,Graduate,No,57984,14987,173,480,1,Urban,Y
Female,No,1,Graduate,Yes,52934,13813,345,240,0,Semiurban,N
Male,No,1,Graduate,No,56292,1646,155,240,1,Semiurban,Y
Female,Yes,3,Not Graduate,No,115925,9819,200,480,1,Urban,Y
Male,Yes,1,Graduate,No,42998,36927,75,240,1,Semiurban,Y
Female,Yes,0,Graduate,No,78108,1273,55,120,1,Urban,Y
Male,Yes,1,Graduate,No,68429,34046,173,360,1,Urban,Y
Male,Yes,0,Graduate,No,59284,33480,198,300,1,Semiurban,Y
Male,Yes,0,Graduate,No,30408,13999,136,120,1,Urban,Y
Male,Yes,0,Graduate,No,112353,22875,66,300,1,Rural,Y
Male,Yes,3,Graduate,No,14739,18387,255,180,1,Urban,Y
Male,Yes,3,Graduate,No,37726,48062,270,300,1,Semiurban,Y
Female,No,0,Graduate,Yes,84837,7965,91,360,0,Urban,N
Female,Yes,1,Not Graduate,Yes,50203,51458,123,360,1,Semiurban,Y
Male,Yes,1,Graduate,No,40558,4222,201,300,1,Urban,Y
Male,Yes,1,Not Graduate,No,106227,38190,229,300,1,Urban,Y
Female,Yes,1,Graduate,No,66110,41234,97,120,1,Urban,Y
Male,Yes,0,Graduate,No,68440,43582,202,300,1,Urban,Y
Male,Yes,0,Graduate,No,33942,11367,235,240,1,Rural,Y
Male,Yes,2,Graduate,No,36472,35781,64,480,1,Rural,Y
Female,Yes,2,Graduate,No,70868,40242,68,300,1,Semiurban,Y
Male,Yes,1,Graduate,No,109372,26614,102,120,0,Rural,N
Male,No,1,Graduate,No,26298,2238,81,360,0,Urban,N
Female,No,2,Not Graduate,No,72756,9093,232,300,1,Urban,Y
Female,No,0,Graduate,No,52069,4060,343,360,1,Semiurban,Y
Male,No,1,Graduate,No,13085,2363,316,300,1,Rural,Y
Female,Yes,2,Graduate,No,30475,734,176,240,0,Rural,N
Female,Yes,1,Graduate,No,85767,51881,320,120,1,Semiurban,Y
Male,No,2,Not Graduate,No,56415,3190,57,480,1,Rural,Y
Male,No,0,Not Graduate,No,25710,12085,270,360,1,Semiurban,Y
Male,Yes,3,Graduate,No,108266,1138,218,120,1,Urban,Y
Female,Yes,1,Graduate,No,111551,20089,228,480,1,Rural,Y
Male,No,0,Graduate,No,39165,9048,206,240,1,Rural,Y
Female,No,1,Graduate,No,90572,14986,286,360,1,Urban,Y
Female,Yes,2,Graduate,No,41931,32048,71,240,0,Semiurban,Y
Male,Yes,1,Graduate,No,26314,17403,82,360,1,Urban,Y
Female,Yes,2,Graduate,No,114258,33227,277,300,1,Urban,Y
Female,Yes,1,Graduate,Yes,25536,30853,53,240,1,Rural,Y
Female,No,1,Graduate,No,44687,8750,73,180,0,Semiurban,N
Female,Yes,0,Graduate,No,105814,7819,273,360,1,Urban,Y
Male,No,0,Graduate,No,15299,7294,154,240,1,Rural,Y
Male,No,0,Graduate,No,57742,13000,263,360,1,Rural,Y
Male,Yes,0,Graduate,No,89654,11542,257,300,1,Semiurban,Y
Male,Yes,1,Not Graduate,No,83934,12736,73,180,1,Urban,Y
Male,Yes,3,Graduate,No,18191,58329,185,360,1,Semiurban,Y
Male,Yes,3,Not Graduate,No,81056,51232,137,300,1,Urban,Y
Female,Yes,3,Graduate,No,117953,28438,153,180,1,Semiurban,Y
Male,Yes,3,Not Graduate,No,38400,34085,53,300,1,Urban,Y
Male,Yes,0,Graduate,No,66056,16716,347,240,1,Semiurban,Y
Female,Yes,0,Not Graduate,No,74267,42531,117,360,1,Semiurban,Y
Male,Yes,1,Not Graduate,No,36301,23923,307,360,1,Urban,Y
Male,Yes,0,Graduate,No,78015,20375,87,480,1,Semiurban,Y
Female,Yes,1,Graduate,No,73876,10476,261,480,1,Semiurban,Y
Male,Yes,2,Graduate,Yes,75015,35194,88,240,1,Urban,Y
Male,Yes,1,Not Graduate,No,111199,3792,334,360,0,Rural,N
Female,Yes,1,Graduate,No,44758,38899,212,240,1,Semiurban,Y
Male,Yes,3,Graduate,No,94881,19694,311,300,0,Urban,N
Female,No,2,Not Graduate,No,42303,851,249,300,1,Semiurban,Y
Female,Yes,0,Graduate,No,22152,55624,127,360,0,Urban,Y
Female,Yes,3,Not Graduate,Yes,85641,13208,264,180,1,Urban,Y
Female,Yes,0,Graduate,No,84896,27900,85,300,1,Rural,Y
Female,Yes,1,Graduate,No,36672,40056,219,360,1,Semiurban,Y
Male,Yes,2,Graduate,No,89812,35964,178,360,0,Semiurban,Y
Male,Yes,1,Not Graduate,No,114374,5611,309,240,1,Semiurban,Y
Female,No,3,Graduate,Yes,91873,4531,223,360,1,Semiurban,Y
Male,Yes,0,Not Graduate,No,36917,49714,243,120,1,Urban,Y
Male,Yes,2,Graduate,No,32369,7899,295,360,1,Urban,Y
Male,No,2,Graduate,No,69430,11809,260,240,1,Urban,Y
Male,No,1,Not Graduate,No,51848,3504,301,240,1,Semiurban,Y
Male,Yes,1,Graduate,Yes,80682,27079,102,360,1,Rural,Y
Male,No,2,Graduate,No,115639,3385,90,240,1,Urban,Y
Female,No,1,Graduate,No,20645,14538,256,300,1,Urban,Y
Female,Yes,0,Graduate,Yes,13409,44924,303,360,1,Rural,Y
Female,Yes,3,Not Graduate,No,80599,46994,195,180,1,Urban,Y
Male,No,3,Not Graduate,No,117392,11043,84,360,1,Urban,Y
Female,Yes,2,Graduate,No,61089,24681,287,360,1,Urban,Y
Male,Yes,2,Not Graduate,No,93238,29592,218,300,0,Urban,N
Female,No,1,Graduate,No,35679,6847,60,300,1,Semiurban,Y
Male,No,0,Graduate,No,89120,6557,243,360,1,Rural,Y
Male,Yes,2,Graduate,Yes,26153,18948,60,240,0,Rural,N
Female,Yes,0,Not Graduate,No,85892,57660,173,360,1,Rural,Y
Male,Yes,3,Graduate,Yes,96746,45078,199,240,0,Urban,N
Male,Yes,0,Not Graduate,No,55300,54486,275,360,1,Rural,Y
Female,Yes,1,Not Graduate,No,85009,31792,117,480,1,Semiurban,Y
Female,Yes,3,Not Graduate,No,21660,42424,239,180,1,Urban,Y
Male,Yes,1,Not Graduate,No,91456,23676,346,360,1,Semiurban,Y
Male,Yes,1,Graduate,No,89247,27634,291,300,1,Semiurban,Y
Male,No,0,Graduate,No,99820,391,133,360,1,Semiurban,Y
Female,Yes,3,Graduate,No,89071,29286,256,360,0,Urban,N
Female,Yes,0,Graduate,No,78349,39605,348,300,0,Semiurban,N
Female,Yes,0,Not Graduate,No,50930,8008,326,360,1,Urban,Y
Female,Yes,2,Not Graduate,No,48547,12206,284,180,1,Urban,Y
Female,No,1,Graduate,Yes,55784,4137,285,360,1,Semiurban,Y
Male,Yes,3,Not Graduate,No,28240,16551,245,360,1,Semiurban,Y
Male,Yes,1,Not Graduate,No,27092,44300,59,360,1,Semiurban,Y
Female,Yes,3,Graduate,Yes,37085,37730,160,360,1,Urban,Y
Female,Yes,3,Not Graduate,No,74671,45325,205,360,0,Rural,N
Male,No,1,Graduate,No,35762,6657,258,360,1,Rural,Y
Female,Yes,3,Not Graduate,No,63423,13607,323,180,1,Urban,Y
Female,Yes,2,Graduate,No,15568,39979,179,300,1,Rural,Y
Female,Yes,2,Graduate,No,117232,16282,181,480,1,Urban,Y
Male,Yes,1,Graduate,No,97478,2058,89,360,0,Semiurban,Y
Female,No,0,Graduate,Yes,100356,9653,133,360,1,Rural,Y
Female,Yes,1,Graduate,No,66888,39234,70,120,1,Urban,Y
Male,Yes,2,Graduate,No,13911,17850,112,480,1,Urban,Y
Female,Yes,0,Graduate,No,24215,42706,139,300,0,Semiurban,N
Male,No,0,Not Graduate,No,92681,5090,129,120,1,Urban,Y
Female,Yes,3,Graduate,No,106016,43809,139,360,0,Rural,N
Female,Yes,1,Graduate,No,82075,20114,82,360,0,Rural,N
Male,Yes,1,Graduate,Yes,45506,41585,269,300,0,Urban,N
Female,No,0,Graduate,Yes,111725,12440,327,240,0,Semiurban,N
Male,Yes,0,Graduate,No,119753,49392,312,360,1,Semiurban,Y
Male,No,2,Not Graduate,No,56518,14360,184,360,1,Semiurban,Y
Female,Yes,3,Graduate,No,110034,42370,51,300,0,Urban,Y
Male,No,3,Graduate,No,116213,5457,87,240,1,Rural,Y
Female,Yes,1,Graduate,No,14419,24530,324,360,1,Urban,Y
Female,Yes,0,Graduate,No,22234,8594,80,300,1,Semiurban,Y
Female,Yes,1,Not Graduate,No,89577,29775,161,360,1,Urban,Y
Male,Yes,0,Graduate,No,112115,39055,178,240,0,Urban,Y
Male,Yes,0,Graduate,No,33614,51093,157,180,1,Rural,Y
Female,Yes,0,Not Graduate,No,36765,38130,63,360,1,Urban,Y
Male,No,2,Graduate,No,15290,14640,219,360,1,Urban,Y
Female,No,2,Graduate,Yes,78190,4940,304,300,1,Semiurban,Y
Female,Yes,0,Not Graduate,No,43843,39476,347,360,1,Urban,Y
Female,Yes,1,Graduate,No,83689,28828,321,480,1,Semiurban,Y
Male,Yes,1,Graduate,No,78812,15876,278,360,1,Rural,Y
Female,No,1,Graduate,No,80502,4790,256,360,1,Semiurban,Y
Female,No,0,Graduate,No,100986,12229,243,360,1,Urban,Y
Male,Yes,3,Not Graduate,No,58750,34105,281,360,1,Semiurban,Y
Male,Yes,0,Graduate,No,28629,2991,179,300,0,Rural,N
Female,No,0,Graduate,No,46039,8732,178,300,1,Semiurban,Y
Male,Yes,1,Graduate,No,47247,853,294,240,1,Semiurban,Y
Male,Yes,0,Not Graduate,No,76002,59623,142,360,0,Urban,N
Female,Yes,1,Not Graduate,No,22820,41852,250,300,1,Semiurban,Y
Male,Yes,1,Graduate,No,67089,24030,119,480,1,Semiurban,Y
Male,No,3,Not Graduate,No,97382,84,88,360,1,Rural,Y
Male,Yes,0,Not Graduate,No,19787,54992,302,240,0,Urban,N
Female,No,0,Not Graduate,No,15172,13153,201,180,0,Urban,N
Female,Yes,0,Not Graduate,No,108925,16523,193,300,1,Urban,Y
Female,Yes,1,Graduate,No,71392,34626,322,360,1,Urban,Y
Male,Yes,1,Not Graduate,Yes,98599,16856,291,360,0,Semiurban,N
Male,No,2,Graduate,No,112584,6401,188,300,0,Semiurban,N
Female,Yes,1,Not Graduate,No,14790,58091,165,360,1,Semiurban,Y
Female,Yes,2,Not Graduate,No,91063,5447,60,360,1,Semiurban,Y
Male,No,3,Graduate,No,64719,5152,133,240,1,Urban,Y
Female,No,0,Not Graduate,Yes,92198,13399,328,240,1,Rural,Y
Male,Yes,1,Not Graduate,No,46326,29273,227,240,1,Semiurban,Y
Female,No,0,Graduate,No,56760,1321,103,300,0,Rural,N
Male,Yes,2,Graduate,No,74219,52527,139,480,0,Semiurban,N
Male,Yes,3,Not Graduate,No,45847,36266,56,360,1,Semiurban,Y
Male,Yes,2,Graduate,No,104024,57654,168,180,0,Semiurban,Y
Female,No,0,Graduate,No,104060,6630,314,180,1,Rural,Y
Female,No,3,Not Graduate,No,28868,1396,220,240,1,Urban,Y
Female,Yes,0,Not Graduate,No,82009,26896,319,360,1,Rural,Y
Female,Yes,1,Graduate,No,52745,28031,331,360,1,Semiurban,Y
Male,Yes,0,Graduate,No,88407,54696,341,360,1,Semiurban,Y
Male,Yes,1,Graduate,No,62560,2228,164,360,0,Semiurban,N
Female,No,0,Graduate,No,92613,5782,81,360,1,Rural,Y
Female,Yes,2,Graduate,No,107472,43740,163,180,1,Urban,Y
Female,Yes,2,Graduate,No,59369,41853,226,360,1,Urban,Y
Female,Yes,0,Not Graduate,No,87977,44792,58,300,1,Rural,Y
Male,Yes,2,Graduate,Yes,115752,59544,148,120,0,Semiurban,N
Female,No,1,Graduate,No,47928,13364,340,240,1,Semiurban,Y
Male,Yes,3,Graduate,No,111249,16307,195,300,1,Semiurban,Y
Male,No,1,Graduate,No,76326,12209,198,240,1,Urban,Y
Female,Yes,1,Graduate,No,107599,19781,317,300,1,Rural,Y
Male,Yes,0,Graduate,No,105003,38615,70,360,1,Semiurban,Y
Male,Yes,1,Not Graduate,No,36542,22126,316,180,1,Rural,Y
Female,Yes,1,Graduate,No,25668,40820,276,480,1,Urban,Y
Female,Yes,2,Not Graduate,Yes,64551,55365,255,360,1,Rural,Y
Female,Yes,0,Graduate,No,44445,24350,123,360,1,Urban,Y
Female,Yes,1,Graduate,No,58458,52794,275,240,1,Semiurban,Y
Male,Yes,1,Graduate,No,27077,14800,329,360,1,Semiurban,Y
Male,Yes,2,Graduate,No,82865,11564,115,480,1,Urban,Y
Male,Yes,0,Graduate,No,44547,20264,105,300,1,Urban,Y
Female,Yes,0,Graduate,No,97955,7157,66,360,1,Rural,Y
Male,Yes,2,Not Graduate,No,87625,33190,170,480,1,Urban,Y
Male,Yes,0,Graduate,Yes,69991,32102,103,480,1,Semiurban,Y
Female,Yes,2,Graduate,No,101279,29549,194,240,1,Rural,Y
Male,No,0,Graduate,No,111180,8812,131,240,1,Rural,Y
Female,No,1,Not Graduate,No,110153,4840,66,240,1,Semiurban,Y
Female,Yes,2,Graduate,No,28973,34385,57,480,1,Rural,Y
Female,Yes,3,Graduate,Yes,13068,23924,346,360,1,Urban,Y
Male,Yes,0,Graduate,No,71777,35263,128,360,1,Semiurban,Y
Female,Yes,2,Graduate,No,18699,59529,147,120,1,Rural,Y
Male,No,1,Graduate,No,38878,14304,289,300,1,Urban,Y
Female,Yes,0,Not Graduate,Yes,87816,36785,80,300,0,Semiurban,N
Male,Yes,0,Graduate,No,103034,38951,207,360,0,Semiurban,N
Female,Yes,1,Not Graduate,No,33953,46103,249,240,1,Rural,Y
Female,Yes,0,Graduate,No,18948,39936,122,360,1,Rural,Y
Female,Yes,1,Graduate,No,31465,58473,313,360,1,Semiurban,Y
Male,No,0,Graduate,No,84756,7999,237,240,1,Urban,Y
Female,Yes,2,Graduate,No,115480,57360,202,180,1,Urban,Y
Male,Yes,0,Graduate,No,92627,44710,99,240,0,Rural,N
Male,No,1,Graduate,Yes,94094,2649,312,240,1,Urban,Y
Female,Yes,0,Not Graduate,No,34847,27583,144,360,1,Rural,Y
Female,No,2,Not Graduate,No,36300,350,78,360,1,Urban,Y
Male,Yes,3,Graduate,No,111967,43096,214,300,1,Semiurban,Y
Male,Yes,3,Not Graduate,No,95402,27634,306,120,1,Urban,Y
Male,Yes,0,Graduate,Yes,114288,13832,244,360,1,Urban,Y
Female,No,2,Graduate,No,57213,1902,342,360,1,Semiurban,Y
Male,Yes,0,Graduate,No,59125,53006,292,360,0,Rural,N
Female,Yes,1,Graduate,No,19125,44970,322,240,1,Semiurban,Y
Male,No,0,Not Graduate,Yes,105862,11317,263,240,1,Urban,Y
Male,Yes,2,Not Graduate,Yes,100861,10091,130,240,1,Rural,Y
Female,No,1,Graduate,No,68717,9097,145,480,0,Urban,N
Female,Yes,1,Graduate,No,85065,21218,246,360,1,Semiurban,Y
Female,No,0,Not Graduate,No,33994,10778,255,300,0,Semiurban,N
Male,Yes,0,Graduate,No,96026,17368,224,360,1,Semiurban,Y
Female,Yes,0,Graduate,No,49726,29826,53,240,1,Semiurban,Y
Female,Yes,2,Graduate,No,75226,2645,268,360,1,Urban,Y
Male,Yes,1,Graduate,No,96533,28893,236,360,1,Semiurban,Y
Male,Yes,1,Graduate,No,96893,9945,197,180,1,Semiurban,Y
Female,No,0,Graduate,Yes,102904,6183,276,360,1,Rural,Y
Male,Yes,2,Graduate,No,89742,34063,219,360,1,Rural,Y
Male,Yes,1,Graduate,No,91227,13467,206,360,1,Rural,Y
Male,No,1,Graduate,No,103830,8625,296,360,1,Rural,Y
Female,Yes,0,Graduate,Yes,93043,27148,212,240,1,Semiurban,Y
Male,Yes,0,Graduate,No,29585,27519,60,300,1,Semiurban,Y
Male,Yes,1,Not Graduate,No,51582,22020,238,360,0,Semiurban,N
Female,Yes,3,Graduate,No,79613,5928,166,120,1,Semiurban,Y
Male,Yes,1,Graduate,No,52245,7150,137,360,1,Rural,Y
Female,Yes,0,Graduate,No,79676,3656,142,240,1,Semiurban,Y
Male,No,3,Not Graduate,No,113117,3402,220,180,1,Semiurban,Y
Female,Yes,1,Graduate,No,72905,16805,67,180,1,Urban,Y
Female,Yes,1,Graduate,No,50895,17943,156,240,1,Urban,Y
Female,No,0,Graduate,No,21677,11638,256,360,1,Semiurban,Y
Female,Yes,0,Graduate,No,106641,57399,95,240,1,Semiurban,Y
Female,No,0,Graduate,No,61981,8312,237,120,1,Rural,Y
Female,Yes,0,Graduate,No,30574,53867,175,300,1,Urban,Y
Male,Yes,3,Not Graduate,No,117220,53298,171,120,1,Urban,Y
Male,No,1,Graduate,No,81576,14954,119,300,0,Urban,Y
Female,Yes,1,Not Graduate,No,116164,59151,165,240,1,Urban,Y
Male,Yes,1,Graduate,No,84947,17080,157,360,1,Urban,Y
Female,Yes,0,Not Graduate,No,76006,46624,156,360,0,Rural,N
Male,Yes,3,Not Graduate,No,62897,63,345,360,1,Urban,Y
Female,Yes,1,Graduate,No,101051,54969,250,300,1,Semiurban,Y
Male,Yes,0,Not Graduate,No,77121,56711,118,240,1,Urban,Y
Female,Yes,0,Graduate,Yes,25767,56846,69,360,0,Semiurban,N
Male,No,0,Not Graduate,No,22293,12480,96,360,0,Urban,N
Male,No,0,Graduate,Yes,30928,3543,130,360,1,Rural,Y
Male,Yes,2,Graduate,No,55238,19526,119,180,1,Urban,Y
Female,Yes,0,Graduate,No,19304,988,63,180,1,Semiurban,Y
Male,Yes,2,Graduate,No,20044,41988,350,360,1,Semiurban,Y
Male,Yes,2,Graduate,No,27279,41695,298,480,1,Urban,Y
Female,Yes,1,Graduate,Yes,112613,35216,282,300,0,Urban,N
Male,No,0,Graduate,No,17209,9788,77,300,0,Urban,N
Male,Yes,3,Not Graduate,No,55825,27726,290,360,1,Urban,Y
Male,Yes,1,Graduate,No,99623,35730,342,300,1,Semiurban,Y
Male,Yes,0,Graduate,Yes,68646,10890,131,240,0,Rural,N
Male,Yes,2,Graduate,No,54654,11573,133,240,1,Urban,Y
Male,Yes,0,Graduate,No,119242,55802,71,360,1,Rural,Y
Female,Yes,0,Not Graduate,No,32295,16491,239,300,1,Semiurban,Y
Male,Yes,0,Not Graduate,No,16535,18320,262,480,1,Semiurban,Y
Male,Yes,3,Graduate,No,37788,56299,225,360,0,Rural,N
Male,Yes,1,Graduate,No,59868,51626,90,360,0,Semiurban,Y
Female,Yes,0,Graduate,No,85582,31602,235,360,1,Semiurban,Y
Male,Yes,3,Graduate,No,103506,44623,147,120,1,Semiurban,Y
Male,Yes,1,Graduate,No,63618,44647,283,240,1,Rural,Y
Male,No,0,Graduate,No,96714,6239,235,120,1,Urban,Y
Male,Yes,0,Not Graduate,No,98584,44,138,300,1,Semiurban,Y
Female,No,0,Graduate,No,110360,14323,238,300,1,Semiurban,Y
Male,Yes,2,Graduate,No,78505,1715,341,360,0,Semiurban,N
Female,Yes,0,Graduate,No,34351,55139,197,360,1,Urban,Y
Male,Yes,0,Not Graduate,No,30380,26737,84,240,1,Rural,Y
Male,Yes,0,Not Graduate,No,36912,52093,111,120,1,Semiurban,Y
Female,Yes,2,Graduate,No,108620,23930,173,360,0,Semiurban,Y
Male,Yes,1,Graduate,No,48128,38434,277,240,1,Urban,Y
Female,Yes,2,Graduate,No,66208,41107,169,120,0,Semiurban,Y
Female,Yes,2,Graduate,No,26304,8860,200,480,0,Semiurban,N
Male,Yes,1,Graduate,Yes,26741,48423,310,300,1,Semiurban,Y
Male,Yes,1,Not Graduate,No,114140,47388,81,300,1,Semiurban,Y
Female,No,0,Graduate,No,39263,266,262,240,0,Urban,N
Male,Yes,0,Not Graduate,No,39124,4917,64,360,1,Urban,Y
Male,Yes,1,Graduate,No,62729,27214,57,360,1,Rural,Y
Male,Yes,0,Graduate,No,55533,26420,60,360,1,Semiurban,Y
Female,Yes,2,Graduate,No,82763,25446,108,180,1,Urban,Y
Female,Yes,2,Not Graduate,No,110488,24234,148,240,1,Urban,Y
Female,No,0,Graduate,No,77392,3060,212,300,1,Semiurban,Y
Female,Yes,3,Graduate,Yes,31009,21096,66,360,0,Urban,N
Male,Yes,0,Graduate,No,16519,48476,269,360,1,Rural,Y
Male,No,1,Graduate,Yes,88325,12048,344,240,1,Rural,Y
Male,No,2,Graduate,Yes,118343,9749,308,180,0,Rural,N
Female,No,0,Not Graduate,Yes,103855,13849,144,360,1,Rural,Y
Male,Yes,1,Not Graduate,No,116926,23327,185,360,1,Urban,Y
Male,Yes,1,Graduate,No,81801,46519,271,360,0,Rural,N
Female,Yes,3,Graduate,Yes,112392,11210,339,360,1,Rural,Y
Male,No,0,Graduate,No,77232,10117,314,240,1,Semiurban,Y
Male,Yes,0,Graduate,Yes,19052,32985,164,360,1,Semiurban,Y
Male,Yes,2,Not Graduate,No,35385,3588,337,240,1,Semiurban,Y
Male,No,1,Graduate,Yes,31795,9660,216,360,1,Urban,Y
Female,Yes,2,Not Graduate,No,88864,27739,106,480,0,Urban,N
Female,Yes,0,Graduate,No,98283,42939,294,300,1,Rural,Y
Male,No,1,Not Graduate,No,118984,9555,227,120,1,Semiurban,Y
Female,Yes,2,Graduate,Yes,96618,1737,68,300,0,Semiurban,N
Male,Yes,0,Graduate,No,18285,45340,308,360,1,Rural,Y
Female,No,3,Graduate,Yes,87223,12268,197,360,0,Urban,N
Female,Yes,0,Graduate,No,95321,49256,349,360,1,Urban,Y
Male,No,1,Graduate,No,92124,14374,324,240,1,Urban,Y
Male,Yes,2,Graduate,No,85857,54625,97,480,1,Semiurban,Y
Female,Yes,3,Not Graduate,No,48579,12338,302,300,0,Semiurban,N
Male,Yes,1,Graduate,No,29337,58532,140,360,1,Semiurban,Y
Female,Yes,0,Graduate,No,76972,19079,334,300,0,Rural,N
Female,No,3,Not Graduate,No,21831,14558,211,240,1,Rural,Y
Female,Yes,1,Graduate,Yes,25717,11192,79,300,1,Rural,Y
Male,Yes,1,Not Graduate,Yes,44647,41550,123,360,1,Urban,Y
Male,Yes,0,Not Graduate,Yes,101831,40273,62,360,1,Semiurban,Y
Female,Yes,1,Graduate,Yes,63936,17087,209,240,1,Urban,Y
Female,No,2,Not Graduate,No,68907,10598,122,180,1,Semiurban,Y
Female,Yes,0,Graduate,No,115757,56177,69,240,1,Semiurban,Y
Male,Yes,0,Not Graduate,No,55396,38320,122,480,1,Semiurban,Y
Female,Yes,2,Not Graduate,No,93888,37757,161,360,1,Semiurban,Y
Female,Yes,3,Not Graduate,No,35098,15288,327,240,1,Urban,Y
Female,Yes,0,Graduate,No,100585,50348,275,480,1,Semiurban,Y
Male,Yes,2,Graduate,No,41192,50981,289,360,1,Rural,Y
Male,Yes,0,Graduate,No,14102,853,131,240,1,Semiurban,Y
Female,Yes,0,Graduate,No,22278,20797,85,360,0,Urban,N
Female,Yes,2,Not Graduate,No,65595,2898,95,120,0,Semiurban,N
Female,Yes,1,Graduate,No,52689,8482,239,360,1,Urban,Y
Male,Yes,0,Graduate,No,94307,43190,203,360,1,Urban,Y
Male,No,1,Graduate,No,38016,12230,179,300,0,Urban,N
Male,Yes,3,Graduate,No,17708,9007,257,360,0,Urban,N
Male,No,0,Not Graduate,Yes,14182,7639,103,360,1,Semiurban,Y
Female,Yes,3,Graduate,Yes,105164,50144,165,480,1,Rural,Y
Female,Yes,1,Graduate,No,109500,16480,227,240,1,Urban,Y
Female,Yes,0,Graduate,No,104862,20156,124,360,1,Rural,Y
Female,Yes,2,Graduate,No,58602,54137,80,360,0,Semiurban,Y
Female,Yes,3,Graduate,Yes,54054,12459,213,300,0,Semiurban,N
Female,No,2,Graduate,No,40478,6374,84,240,0,Semiurban,N
Male,No,2,Graduate,No,41346,2454,211,300,1,Semiurban,Y
Male,No,0,Graduate,No,56829,1231,277,360,1,Semiurban,Y
Female,Yes,0,Graduate,No,63251,1932,90,300,1,Urban,Y
Female,Yes,3,Graduate,No,89092,10163,217,300,1,Urban,Y
Female,No,2,Graduate,Yes,80194,4086,335,300,1,Urban,Y
Male,Yes,0,Not Graduate,No,49109,22580,108,360,1,Semiurban,Y
Male,No,1,Not Graduate,No,58671,13068,270,480,1,Urban,Y
Female,Yes,1,Graduate,No,56702,44185,182,120,1,Semiurban,Y
Male,Yes,1,Graduate,No,98075,19555,136,240,1,Semiurban,Y
Female,Yes,0,Graduate,No,58930,33051,152,360,0,Semiurban,Y
Male,Yes,1,Graduate,No,102601,57265,134,360,1,Rural,Y
Female,No,0,Not Graduate,No,58292,12604,315,240,1,Semiurban,Y
Female,Yes,0,Graduate,No,73099,58889,172,360,1,Rural,Y
Male,No,0,Graduate,No,46017,13437,324,360,1,Semiurban,Y
Female,No,3,Graduate,No,95397,10187,73,360,1,Urban,Y
Female,No,0,Graduate,No,72994,1697,107,300,1,Urban,Y
Male,Yes,1,Not Graduate,No,20516,48532,300,240,0,Rural,N
Male,No,2,Graduate,No,103579,10482,160,480,1,Rural,Y
Female,Yes,3,Graduate,No,52726,48937,253,360,1,Semiurban,Y
Female,Yes,3,Graduate,No,77825,9084,142,300,1,Semiurban,Y
Male,Yes,1,Graduate,No,84357,27761,275,120,1,Urban,Y
Female,Yes,0,Graduate,No,91912,9236,220,300,1,Urban,Y
Female,No,1,Graduate,No,114910,10161,146,240,1,Rural,Y
Male,Yes,0,Not Graduate,No,119254,49552,99,480,1,Urban,Y
Male,No,3,Graduate,No,55679,1380,277,180,1,Urban,Y
Male,Yes,1,Graduate,No,37876,54179,109,240,1,Urban,Y
Female,Yes,1,Graduate,No,33148,22857,215,480,0,Rural,N
Male,Yes,3,Graduate,No,118869,48022,95,120,1,Rural,Y
Female,Yes,2,Graduate,No,89170,43812,233,360,1,Rural,Y
Female,Yes,0,Not Graduate,Yes,68176,34921,114,300,1,Urban,Y
Female,No,0,Graduate,No,37293,12871,252,360,1,Semiurban,Y
Male,Yes,1,Graduate,No,51360,43847,209,360,0,Semiurban,N
Male,Yes,1,Not Graduate,No,114758,27034,279,360,1,Semiurban,Y
Female,No,2,Graduate,No,88095,4825,125,360,0,Rural,N
Male,Yes,0,Graduate,No,96187,49886,224,180,1,Semiurban,Y
Male,Yes,1,Graduate,No,27553,6186,120,480,1,Urban,Y
Male,Yes,2,Graduate,No,17365,6871,238,360,1,Rural,Y
Female,Yes,3,Graduate,No,68960,36622,81,360,0,Semiurban,Y
Male,Yes,2,Not Graduate,Yes,54825,44705,188,360,1,Urban,Y
Male,Yes,3,Graduate,No,66563,63,233,300,1,Urban,Y
Male,Yes,3,Graduate,No,94753,48440,116,360,1,Semiurban,Y
Male,Yes,2,Not Graduate,No,98238,3092,84,240,1,Semiurban,Y
Female,Yes,2,Graduate,No,60315,37614,204,360,1,Urban,Y
Male,No,3,Graduate,No,26079,12391,92,300,0,Semiurban,N
Female,Yes,1,Graduate,No,94793,55353,150,360,0,Semiurban,Y
Male,Yes,3,Graduate,No,60708,12874,221,240,1,Rural,Y
Male,Yes,0,Not Graduate,No,109651,11323,207,360,0,Semiurban,N
Male,No,0,Graduate,Yes,65975,4526,332,360,1,Urban,Y
Male,Yes,1,Graduate,No,16140,55272,220,360,1,Semiurban,Y
Female,Yes,3,Graduate,No,86292,6432,50,240,1,Semiurban,Y
Female,No,1,Graduate,Yes,100880,5902,129,180,1,Rural,Y
Female,Yes,2,Graduate,No,91443,17067,123,360,1,Rural,Y
Male,Yes,3,Graduate,No,75447,33680,152,360,0,Semiurban,Y
Male,Yes,0,Graduate,No,32107,3391,238,480,1,Semiurban,Y
Female,Yes,0,Graduate,No,72129,36124,89,360,1,Urban,Y
Female,Yes,0,Graduate,No,109468,4711,333,180,1,Semiurban,Y
Male,Yes,0,Graduate,No,119446,23449,205,360,1,Rural,Y
Male,Yes,2,Graduate,Yes,107044,38185,195,360,1,Urban,Y
Male,Yes,1,Graduate,No,22265,17797,187,180,1,Rural,Y
Female,Yes,3,Graduate,No,28934,7940,220,180,1,Semiurban,Y
Female,Yes,0,Not Graduate,No,42694,10325,178,360,1,Semiurban,Y
Female,No,0,Graduate,No,29264,2022,248,360,1,Semiurban,Y
Female,Yes,3,Not Graduate,Yes,22094,4212,134,360,1,Semiurban,Y
Male,Yes,1,Graduate,No,94004,25571,287,480,1,Semiurban,Y
Male,Yes,0,Graduate,No,63521,58387,136,240,1,Semiurban,Y
Female,Yes,1,Graduate,No,100333,56336,342,360,1,Semiurban,Y
Female,Yes,2,Not Graduate,No,33208,34387,85,300,1,Urban,Y
Female,Yes,0,Graduate,No,73192,18788,112,480,0,Urban,N
Male,No,3,Graduate,No,87047,8338,93,300,1,Semiurban,Y
Female,No,2,Graduate,No,44350,10271,212,180,1,Urban,Y
Female,Yes,2,Graduate,No,34488,37127,323,180,1,Rural,Y
Male,Yes,1,Graduate,No,25941,42845,174,360,1,Urban,Y
Female,No,1,Graduate,No,25984,4767,235,480,0,Urban,N
Female,Yes,0,Not Graduate,No,20564,14392,58,120,1,Urban,Y
Female,Yes,0,Graduate,No,96173,31334,307,360,1,Rural,Y
Female,Yes,3,Graduate,Yes,74707,31080,62,480,1,Urban,Y
Female,Yes,1,Not Graduate,No,88507,48236,315,480,1,Urban,Y
Female,Yes,0,Graduate,No,70698,45284,272,360,1,Urban,Y
Male,No,2,Graduate,No,78326,430,70,300,0,Semiurban,Y
Female,Yes,0,Not Graduate,No,36119,8397,73,180,1,Rural,Y
Female,No,3,Graduate,Yes,103710,6051,341,360,1,Semiurban,Y
Male,Yes,1,Not Graduate,No,26641,26626,88,300,1,Rural,Y
Female,Yes,0,Not Graduate,No,17199,31964,108,180,0,Rural,N
Female,No,2,Graduate,No,71461,2103,172,360,0,Semiurban,Y
Female,Yes,3,Graduate,Yes,64735,19754,116,240,0,Semiurban,N
Female,Yes,1,Graduate,No,61325,48546,347,360,1,Rural,Y
Female,Yes,1,Not Graduate,No,15022,23394,285,360,1,Rural,Y
Female,Yes,1,Graduate,Yes,108114,31938,183,360,1,Urban,Y
Female,No,1,Not Graduate,No,68068,854,196,300,1,Rural,Y
Female,Yes,1,Graduate,Yes,34124,48485,300,360,1,Urban,Y
Female,Yes,1,Graduate,No,50231,24569,114,300,1,Rural,Y
Male,Yes,2,Not Graduate,Yes,66446,32473,217,360,1,Urban,Y
Female,Yes,2,Graduate,No,69433,39136,283,360,1,Semiurban,Y
Male,Yes,1,Graduate,No,95872,24463,222,480,1,Urban,Y
Female,Yes,2,Graduate,No,34555,23032,350,240,1,Semiurban,Y
Female,Yes,2,Graduate,No,56817,51650,133,300,0,Semiurban,Y
Female,Yes,1,Graduate,No,64894,20187,129,360,1,Urban,Y
Female,Yes,2,Not Graduate,Yes,28670,3361,190,180,1,Rural,Y
Female,Yes,0,Graduate,No,101989,7002,192,360,1,Semiurban,Y
Female,No,1,Graduate,Yes,43276,2634,110,360,1,Semiurban,Y
Male,No,0,Graduate,No,57531,682,253,360,1,Semiurban,Y
Female,No,1,Graduate,No,40497,6503,178,360,1,Urban,Y
Male,No,2,Graduate,Yes,86675,6148,301,300,1,Urban,Y
Female,Yes,3,Graduate,No,103295,54414,288,300,1,Semiurban,Y
Male,No,1,Graduate,No,42717,1320,188,360,1,Rural,Y
Male,Yes,2,Not Graduate,No,115550,44880,73,480,1,Urban,Y
Female,Yes,3,Graduate,No,78409,37120,148,360,1,Urban,Y
Female,Yes,1,Graduate,No,96036,30878,321,300,1,Semiurban,Y
Male,Yes,0,Graduate,No,34560,45025,347,240,1,Urban,Y
Male,Yes,1,Graduate,No,116288,34359,65,300,1,Urban,Y
Female,Yes,1,Graduate,No,48535,55327,106,480,1,Semiurban,Y
Female,No,1,Graduate,Yes,88748,4057,150,360,1,Urban,Y
Male,No,0,Graduate,No,92302,13586,67,300,1,Urban,Y
Male,No,3,Graduate,No,60069,4317,200,180,1,Rural,Y
Female,Yes,1,Graduate,No,66321,30041,66,300,1,Semiurban,Y
Male,Yes,1,Graduate,No,64034,43748,187,360,0,Rural,N
Male,Yes,2,Not Graduate,No,23144,38348,66,480,1,Urban,Y
Male,Yes,0,Graduate,No,111681,7560,89,360,1,Urban,Y
Female,Yes,0,Graduate,No,88247,5057,257,360,0,Rural,N
Male,No,1,Not Graduate,No,45717,1158,332,300,1,Semiurban,Y
Female,Yes,1,Graduate,No,99803,16931,236,360,0,Semiurban,N
Male,Yes,0,Graduate,No,98886,18522,74,360,1,Rural,Y
Female,Yes,1,Graduate,No,95167,37768,143,360,1,Semiurban,Y
Male,Yes,0,Graduate,No,43271,3332,62,120,0,Semiurban,N
Female,Yes,0,Graduate,No,48819,30824,52,360,1,Urban,Y
Male,Yes,0,Graduate,Yes,117444,30950,197,300,1,Rural,Y
Male,Yes,1,Graduate,No,104193,32984,192,360,1,Urban,Y
Female,No,0,Graduate,No,44315,6475,343,360,1,Urban,Y
Female,Yes,1,Not Graduate,No,114495,40439,226,360,1,Rural,Y
Female,No,2,Graduate,No,119329,12307,65,360,1,Urban,Y
Male,Yes,0,Graduate,No,47217,50967,204,300,1,Semiurban,Y
Female,Yes,1,Not Graduate,No,105175,46272,297,240,0,Urban,N
Female,No,0,Graduate,No,63426,10133,346,240,0,Semiurban,N
Female,Yes,0,Graduate,No,118799,46026,85,300,1,Urban,Y
Female,No,2,Not Graduate,No,88160,6967,268,360,1,Semiurban,Y
Female,No,0,Graduate,No,63788,12187,206,480,1,Rural,Y
Male,Yes,0,Not Graduate,No,71437,10160,148,360,1,Semiurban,Y
Female,No,0,Graduate,Yes,65843,3560,271,360,1,Semiurban,Y
Male,No,1,Graduate,No,59273,5819,347,180,0,Urban,N
Female,Yes,1,Graduate,Yes,61576,18005,206,360,1,Rural,Y
Male,No,0,Graduate,No,37834,14538,178,480,1,Urban,Y
Female,Yes,0,Graduate,No,47596,46412,189,180,1,Rural,Y
Female,Yes,1,Not Graduate,No,74858,12569,312,180,1,Rural,Y
Male,No,0,Graduate,No,25229,512,140,360,1,Urban,Y
Female,Yes,2,Graduate,No,15197,19557,210,240,0,Urban,N
Male,Yes,1,Graduate,No,50634,14756,83,360,0,Semiurban,N
Male,No,1,Not Graduate,No,57644,4279,278,360,1,Rural,Y
Male,Yes,1,Graduate,No,54421,19837,105,300,1,Semiurban,Y
Male,Yes,0,Graduate,No,86660,42268,180,300,1,Urban,Y
Female,Yes,0,Graduate,No,102005,6552,338,360,1,Urban,Y
Male,Yes,0,Graduate,Yes,51641,21118,177,360,1,Urban,Y
Female,Yes,0,Graduate,No,62597,5356,270,180,0,Urban,N
Male,Yes,2,Graduate,No,103007,54475,171,300,1,Semiurban,Y
Female,Yes,1,Not Graduate,No,43370,52729,89,240,1,Semiurban,Y
Female,No,2,Graduate,No,30406,9733,268,300,1,Urban,Y
Male,Yes,0,Graduate,No,25856,42261,243,360,1,Rural,Y
Female,Yes,2,Graduate,No,76408,16940,57,360,0,Semiurban,Y
Male,Yes,0,Not Graduate,No,55892,21378,50,240,0,Semiurban,N
Female,No,1,Graduate,No,18404,3714,288,180,1,Urban,Y
Female,Yes,2,Graduate,No,23667,16908,116,300,1,Urban,Y
Female,Yes,1,Graduate,No,55265,42357,214,240,1,Urban,Y
Male,No,0,Graduate,No,79075,3541,208,240,1,Semiurban,Y
Female,Yes,0,Graduate,No,73097,26823,176,360,1,Urban,Y
Male,Yes,2,Graduate,No,75928,45371,258,240,1,Semiurban,Y
Male,Yes,2,Not Graduate,No,39811,41741,225,360,1,Rural,Y
Female,No,2,Graduate,No,92653,5519,307,360,1,Urban,Y
Female,Yes,2,Graduate,No,104258,9861,316,300,1,Urban,Y
Female,Yes,2,Not Graduate,No,40749,5580,209,360,1,Urban,Y
Male,Yes,0,Not Graduate,No,87994,26304,286,360,1,Rural,Y
Female,Yes,0,Graduate,No,32825,48797,298,360,1,Rural,Y
Male,Yes,0,Graduate,No,118627,52420,168,120,1,Rural,Y
Female,Yes,1,Graduate,No,12060,38192,64,300,1,Rural,Y
Male,Yes,0,Graduate,No,41945,18382,258,180,1,Urban,Y
Male,Yes,1,Graduate,Yes,89009,9406,212,180,1,Semiurban,Y
Male,Yes,2,Graduate,No,24277,19913,275,240,1,Rural,Y
Male,Yes,0,Graduate,No,28586,15770,296,360,1,Urban,Y
Female,Yes,2,Graduate,No,83327,18559,195,180,1,Urban,Y
Male,No,3,Graduate,No,107722,14196,262,300,1,Urban,Y
Female,Yes,2,Graduate,No,39322,2696,110,300,1,Semiurban,Y
Female,Yes,2,Not Graduate,Yes,59990,41865,339,240,0,Rural,N
Male,No,2,Graduate,No,37487,3340,195,360,1,Rural,Y
Male,No,2,Not Graduate,No,83702,11791,127,360,1,Rural,Y
Male,Yes,1,Graduate,No,36687,37288,134,480,1,Rural,Y
Female,No,2,Graduate,Yes,117589,13501,63,360,0,Urban,N
Male,No,1,Not Graduate,No,101119,7858,53,360,1,Rural,Y
Female,Yes,3,Graduate,No,52581,17723,82,480,1,Semiurban,Y
Female,Yes,2,Graduate,No,44638,38786,339,360,1,Rural,Y
Male,Yes,2,Not Graduate,Yes,41553,4608,293,360,1,Urban,Y
Male,Yes,1,Graduate,No,100458,23934,295,180,0,Semiurban,N
Female,Yes,3,Not Graduate,No,23748,1609,246,360,1,Urban,Y
Male,Yes,3,Graduate,No,111748,19365,326,360,0,Semiurban,N
Female,Yes,1,Graduate,No,85051,23736,330,300,1,Urban,Y
Male,Yes,3,Not Graduate,No,102779,53206,236,360,1,Urban,Y
Female,Yes,0,Graduate,Yes,25742,52332,331,360,1,Rural,Y
Male,Yes,2,Graduate,No,92254,3581,118,300,1,Rural,Y
Male,Yes,0,Not Graduate,No,102588,17976,104,360,1,Semiurban,Y
Male,Yes,0,Not Graduate,No,34586,39022,224,360,1,Rural,Y
Male,Yes,0,Graduate,Yes,111959,39796,268,360,0,Semiurban,N
Male,No,2,Graduate,Yes,62741,7035,273,360,1,Urban,Y
Male,Yes,1,Graduate,No,51701,23882,345,360,1,Urban,Y
Female,No,3,Graduate,Yes,34426,9796,216,360,1,Rural,Y
Female,No,0,Graduate,No,39268,12468,274,300,1,Semiurban,Y
Male,Yes,1,Graduate,No,83224,28076,209,480,1,Semiurban,Y
Female,Yes,1,Graduate,Yes,65324,56463,237,480,1,Semiurban,Y
Female,No,3,Graduate,No,96038,85,210,360,0,Rural,N
Female,Yes,0,Not Graduate,No,61532,40000,305,360,1,Semiurban,Y
Male,No,0,Graduate,No,102783,10290,249,240,1,Rural,Y
Male,Yes,0,Graduate,No,112011,30453,219,120,1,Semiurban,Y
Male,Yes,0,Graduate,Yes,112395,50817,164,360,1,Rural,Y
Female,Yes,2,Not Graduate,No,29618,58853,302,300,1,Semiurban,Y
Female,Yes,0,Not Graduate,No,53302,43933,99,180,1,Urban,Y
Female,No,1,Graduate,No,53044,3663,166,300,0,Urban,N
Male,Yes,0,Not Graduate,No,96558,42450,223,180,1,Semiurban,Y
Female,Yes,3,Graduate,Yes,83854,5886,304,360,1,Semiurban,Y
Male,Yes,0,Graduate,No,67526,55745,63,360,1,Urban,Y
Male,Yes,0,Graduate,No,91320,49277,249,360,1,Semiurban,Y
Female,Yes,2,Graduate,No,113782,34067,156,240,1,Urban,Y
Female,Yes,0,Graduate,Yes,78705,59299,200,360,0,Urban,N
Female,Yes,1,Not Graduate,No,34815,21261,218,120,1,Urban,Y
Male,Yes,1,Graduate,No,111500,30531,51,480,0,Rural,N
Female,Yes,0,Not Graduate,No,99873,27771,350,240,1,Urban,Y
Male,Yes,1,Not Graduate,No,61791,55563,210,480,1,Semiurban,Y
Female,Yes,0,Graduate,Yes,65638,38209,117,360,1,Rural,Y
Male,No,1,Graduate,No,90385,468,272,360,0,Semiurban,N
Female,Yes,0,Graduate,No,118726,5043,120,120,1,Rural,Y
Female,No,2,Graduate,Yes,114382,7689,155,360,1,Rural,Y
Female,No,2,Graduate,No,86329,14198,312,360,1,Semiurban,Y
Male,No,2,Not Graduate,No,12356,1851,337,360,1,Semiurban,Y
Male,Yes,0,Not Graduate,No,99621,10475,156,240,1,Urban,Y
Male,Yes,1,Graduate,No,111883,6441,124,300,1,Semiurban,Y
Male,Yes,1,Not Graduate,No,17365,55160,312,360,1,Rural,Y
Male,No,2,Not Graduate,No,19101,5001,194,360,1,Semiurban,Y
Female,Yes,1,Not Graduate,No,24857,27222,180,360,1,Rural,Y
Male,No,3,Graduate,No,93547,9686,58,120,1,Semiurban,Y
Female,Yes,0,Graduate,Yes,28305,35335,164,360,1,Urban,Y
Female,Yes,0,Graduate,No,19769,55025,224,360,1,Urban,Y
Male,Yes,0,Not Graduate,No,42492,26771,306,240,1,Urban,Y
Female,No,1,Not Graduate,No,66847,9060,238,480,1,Urban,Y
Female,No,0,Graduate,No,79391,2243,104,360,1,Semiurban,Y
Female,Yes,2,Graduate,No,39929,25485,128,360,1,Rural,Y
Male,No,0,Graduate,Yes,43433,4437,181,480,1,Rural,Y
Female,Yes,0,Graduate,No,81027,18697,310,480,0,Urban,N
Female,Yes,2,Graduate,No,30454,23055,200,300,1,Rural,Y
Male,Yes,0,Not Graduate,No,100983,7062,279,360,1,Semiurban,Y
Male,No,2,Graduate,No,51460,4236,206,300,0,Semiurban,N
Male,No,2,Graduate,Yes,79058,12389,311,360,1,Urban,Y
Female,No,3,Graduate,No,44768,3903,92,300,1,Urban,Y
Male,No,0,Not Graduate,No,92930,8179,224,240,1,Urban,Y
Female,Yes,3,Graduate,No,108706,7994,235,240,1,Urban,Y
Male,No,3,Not Graduate,Yes,38681,13956,319,360,1,Urban,Y
Female,Yes,0,Not Graduate,No,31167,2855,277,240,1,Semiurban,Y
Male,No,0,Graduate,No,42960,2641,170,360,0,Semiurban,N
Female,No,0,Not Graduate,No,12084,8699,224,480,1,Semiurban,Y
Female,Yes,3,Not Graduate,No,66402,14835,131,480,1,Urban,Y
Female,No,2,Graduate,No,78505,9239,346,360,1,Urban,Y
Male,No,2,Graduate,No,85578,1967,304,360,1,Urban,Y
Male,No,0,Graduate,No,89100,12209,213,300,0,Urban,N
Female,Yes,1,Graduate,No,28727,40989,56,240,0,Rural,N
Male,Yes,0,Not Graduate,No,113207,54811,66,360,1,Urban,Y
Female,Yes,1,Graduate,No,41807,249,314,360,1,Rural,Y
Male,Yes,1,Graduate,No,15722,31846,110,360,1,Rural,Y
Female,Yes,2,Not Graduate,No,90660,5119,75,180,0,Semiurban,N
Male,Yes,0,Graduate,No,59179,11565,69,300,1,Semiurban,Y
Male,Yes,2,Graduate,Yes,113479,37058,287,300,1,Urban,Y
Female,Yes,3,Not Graduate,No,18332,3449,240,240,0,Rural,N
Female,Yes,0,Graduate,Yes,24753,25491,120,300,1,Urban,Y
Male,Yes,1,Graduate,No,73797,56422,209,240,1,Rural,Y
Male,Yes,3,Graduate,No,116092,5968,329,240,0,Semiurban,N
Female,Yes,0,Graduate,No,117504,5097,324,240,1,Rural,Y
Female,No,0,Graduate,Yes,99001,8540,66,360,1,Rural,Y
Male,Yes,1,Graduate,Yes,16857,25139,282,360,1,Rural,Y
Female,Yes,3,Graduate,No,117056,25776,222,480,1,Semiurban,Y
Female,Yes,2,Graduate,Yes,60573,23193,77,240,1,Urban,Y
Female,Yes,3,Graduate,No,45506,28638,267,300,1,Rural,Y
Male,Yes,2,Graduate,No,96412,28849,56,240,1,Rural,Y
Male,No,0,Not Graduate,No,59188,9787,268,240,0,Urban,N
Female,Yes,1,Graduate,Yes,97852,26093,70,360,1,Rural,Y
Female,No,0,Graduate,Yes,57610,6227,225,240,0,Semiurban,N
Male,No,0,Graduate,No,101371,5209,193,360,1,Urban,Y
Male,Yes,0,Not Graduate,No,115409,3984,318,300,1,Semiurban,Y
Male,Yes,2,Graduate,No,77884,42263,164,300,1,Semiurban,Y
Female,Yes,1,Graduate,No,105233,31661,183,180,1,Rural,Y
Male,No,2,Graduate,No,116498,7822,217,300,1,Rural,Y
Female,Yes,2,Not Graduate,No,96000,57278,270,480,1,Urban,Y
Female,Yes,2,Graduate,No,83215,56264,256,480,1,Rural,Y
Female,Yes,0,Not Graduate,No,41156,44520,131,360,1,Urban,Y
Male,Yes,0,Graduate,Yes,13106,47438,125,360,1,Rural,Y
Female,Yes,0,Not Graduate,No,57988,29648,78,300,0,Urban,N
Male,Yes,0,Graduate,Yes,52863,52887,258,240,0,Semiurban,N
Female,Yes,1,Not Graduate,No,98215,3758,158,300,1,Rural,Y
Female,Yes,2,Graduate,No,113340,47388,318,360,1,Urban,Y
Male,Yes,2,Not Graduate,No,104655,31754,64,360,1,Urban,Y
Female,Yes,1,Graduate,No,74363,14165,104,480,0,Rural,N
Female,Yes,0,Graduate,No,23054,2826,58,480,1,Rural,Y
Female,Yes,0,Graduate,No,20256,33661,160,180,1,Semiurban,Y
Female,Yes,3,Graduate,No,12423,34514,223,360,0,Urban,N
Female,Yes,0,Graduate,Yes,30411,8677,109,240,1,Rural,Y
Male,Yes,2,Graduate,No,22047,49897,329,480,1,Semiurban,Y
Female,No,0,Not Graduate,No,69195,10092,315,480,0,Urban,N
Male,Yes,0,Graduate,No,113837,27888,167,360,1,Semiurban,Y
Female,Yes,1,Not Graduate,No,89342,21584,309,360,1,Semiurban,Y
Male,Yes,3,Graduate,No,118527,21414,179,360,1,Semiurban,Y
Female,Yes,3,Graduate,No,32536,59051,92,360,1,Rural,Y
Female,No,0,Graduate,No,73158,5657,218,120,0,Urban,N
Female,Yes,0,Graduate,No,35519,14886,109,360,1,Urban,Y
Female,Yes,0,Graduate,No,12312,10129,58,300,1,Semiurban,Y
Male,Yes,0,Graduate,No,107949,51501,286,240,1,Urban,Y
Female,Yes,1,Graduate,Yes,51227,40117,271,240,1,Rural,Y
Female,Yes,1,Not Graduate,No,61590,2073,130,480,1,Rural,Y
Female,No,1,Not Graduate,No,45687,12976,302,180,1,Rural,Y
Female,No,3,Not Graduate,No,46693,12007,205,480,1,Semiurban,Y
Male,Yes,2,Graduate,Yes,37889,16689,135,300,1,Urban,Y
Male,Yes,2,Not Graduate,Yes,114628,50911,138,360,1,Semiurban,Y
Female,Yes,2,Graduate,Yes,51992,50363,198,480,1,Urban,Y
Female,Yes,0,Graduate,No,32358,42152,101,360,1,Semiurban,Y
Female,Yes,3,Graduate,No,40190,8942,177,300,0,Semiurban,N
Male,Yes,1,Not Graduate,No,113474,49897,318,360,1,Semiurban,Y
Female,No,2,Graduate,No,31498,10887,52,480,0,Rural,N
Male,Yes,0,Graduate,No,21597,51926,89,480,1,Semiurban,Y
Male,Yes,0,Graduate,No,58679,49066,320,180,1,Urban,Y
Male,Yes,1,Graduate,Yes,58948,35740,286,360,0,Urban,N
Male,Yes,3,Graduate,No,14972,24190,274,360,1,Rural,Y
Male,Yes,2,Graduate,No,91114,36481,97,180,1,Rural,Y
Female,Yes,0,Graduate,No,110305,926,242,300,1,Urban,Y
Female,Yes,1,Not Graduate,No,62154,56590,151,480,0,Rural,N
Female,No,2,Graduate,No,22375,12232,81,300,1,Semiurban,Y
Female,No,0,Graduate,No,36372,7075,199,180,1,Rural,Y
Female,No,3,Graduate,No,108167,3305,309,360,1,Semiurban,Y
Male,Yes,2,Not Graduate,No,18699,23315,322,240,1,Urban,Y
Female,Yes,0,Not Graduate,No,75481,52502,132,360,1,Semiurban,Y
Male,Yes,2,Graduate,No,15457,47715,193,240,1,Urban,Y
Female,Yes,2,Not Graduate,No,54168,52442,193,300,1,Rural,Y
Male,No,1,Graduate,No,28784,12190,270,360,0,Urban,N
Female,No,3,Graduate,Yes,109787,11004,115,360,1,Rural,Y
Female,No,0,Graduate,No,39019,7445,299,360,1,Urban,Y
Female,Yes,1,Graduate,No,16187,8061,163,480,1,Urban,Y
Female,Yes,1,Graduate,No,37705,26952,122,360,0,Semiurban,N
Male,Yes,0,Graduate,No,84508,32471,330,300,1,Urban,Y
Female,No,3,Graduate,No,99693,8413,349,180,1,Urban,Y
Female,Yes,2,Not Graduate,No,32846,47289,297,240,1,Urban,Y
Male,No,1,Not Graduate,Yes,90573,10098,122,480,1,Semiurban,Y
Female,Yes,0,Graduate,No,25487,20610,163,300,1,Urban,Y
Female,No,2,Graduate,No,61217,10091,103,360,1,Rural,Y
Female,No,2,Graduate,No,48082,4772,90,300,0,Urban,N
Male,No,0,Graduate,No,104735,8878,212,300,1,Urban,Y
Male,Yes,0,Graduate,No,13282,46908,175,360,1,Urban,Y
Female,No,1,Not Graduate,Yes,98399,1457,268,360,1,Urban,Y
Male,No,2,Graduate,No,69381,1286,198,360,1,Rural,Y
Female,No,0,Graduate,No,114572,5520,280,360,1,Urban,Y
Female,No,2,Graduate,No,25143,8215,157,180,1,Rural,Y
Female,Yes,2,Not Graduate,No,37801,2605,220,300,1,Semiurban,Y
Female,Yes,0,Not Graduate,No,56113,1522,283,360,1,Semiurban,Y
Female,Yes,2,Graduate,No,105301,9698,268,180,1,Semiurban,Y
Female,Yes,3,Graduate,Yes,112039,16688,304,240,1,Semiurban,Y
Male,Yes,0,Graduate,No,37623,37277,273,360,1,Urban,Y
Female,Yes,0,Graduate,No,32366,506,312,300,1,Urban,Y
Male,Yes,2,Graduate,No,74489,5323,339,180,1,Rural,Y
Male,No,1,Not Graduate,Yes,66174,5447,51,180,1,Urban,Y
Female,Yes,2,Graduate,Yes,80147,28248,275,360,1,Urban,Y
Female,Yes,1,Graduate,Yes,79938,40283,165,240,1,Rural,Y
Female,No,0,Graduate,No,76125,3291,89,240,0,Rural,N
Female,No,1,Graduate,No,105479,12994,300,360,1,Urban,Y
Female,Yes,0,Graduate,No,20206,6083,315,360,1,Rural,Y
Female,Yes,0,Graduate,No,71737,11108,290,180,1,Semiurban,Y
Male,Yes,1,Not Graduate,No,37588,18830,112,240,1,Urban,Y
Female,Yes,2,Graduate,No,95191,33096,275,300,1,Semiurban,Y
Female,Yes,0,Graduate,Yes,79539,55531,300,240,0,Semiurban,N
Male,No,3,Not Graduate,No,76173,7718,193,360,0,Urban,N
Male,No,0,Graduate,No,61708,6118,77,360,1,Urban,Y
Female,Yes,3,Graduate,No,76276,51721,186,240,0,Urban,N
Female,Yes,0,Graduate,No,103237,59086,177,240,0,Urban,Y
Female,No,2,Graduate,No,93365,7299,265,360,1,Rural,Y
Male,No,2,Graduate,No,91545,3819,159,480,1,Semiurban,Y
Female,Yes,2,Graduate,No,101613,36613,178,240,1,Urban,Y
Male,Yes,3,Graduate,Yes,99984,59938,190,120,1,Urban,Y
Male,Yes,2,Not Graduate,No,102109,47834,119,360,0,Urban,N
Male,Yes,1,Not Graduate,No,24641,55217,306,480,1,Rural,Y
Female,No,1,Graduate,No,51919,5728,306,360,1,Semiurban,Y
Female,Yes,1,Graduate,No,90484,5675,284,480,1,Urban,Y
Male,Yes,1,Not Graduate,No,35189,52423,165,360,1,Urban,Y
Male,Yes,1,Not Graduate,No,38767,8709,302,360,0,Urban,N
Female,Yes,2,Graduate,No,31149,1162,60,240,0,Rural,N
Female,Yes,0,Graduate,No,30325,17139,98,180,1,Urban,Y
Female,No,1,Graduate,No,40311,5526,141,360,1,Urban,Y
Female,Yes,2,Graduate,No,102354,4630,65,360,1,Rural,Y
Male,No,1,Graduate,No,39001,8544,267,360,1,Urban,Y
Female,Yes,1,Graduate,No,37711,21972,203,360,1,Urban,Y
Female,No,3,Graduate,No,99181,8390,147,360,1,Rural,Y
Female,Yes,3,Graduate,No,18622,2089,316,360,1,Urban,Y
Male,No,0,Graduate,Yes,100789,7391,66,240,1,Urban,Y
Male,No,2,Graduate,No,119118,10379,126,300,1,Semiurban,Y
Male,No,1,Graduate,No,33292,13845,88,360,1,Semiurban,Y
Female,No,3,Graduate,No,16595,13363,103,300,1,Urban,Y
Male,Yes,0,Graduate,No,56182,1296,301,360,1,Urban,Y
Male,Yes,0,Not Graduate,No,88910,25525,91,360,1,Semiurban,Y
Female,Yes,1,Graduate,Yes,57993,31734,76,480,1,Semiurban,Y
Female,No,1,Not Graduate,No,40072,7236,311,300,1,Semiurban,Y
Female,Yes,0,Graduate,No,102978,42974,94,300,1,Semiurban,Y
Female,Yes,0,Graduate,No,67560,50781,132,360,1,Urban,Y
Female,No,0,Not Graduate,No,83447,8142,306,360,1,Rural,Y
Female,Yes,3,Not Graduate,No,90224,5746,326,300,1,Rural,Y
Female,Yes,1,Graduate,No,37350,45795,141,120,1,Urban,Y
Female,Yes,3,Graduate,Yes,101790,13567,290,300,0,Semiurban,N
Female,Yes,2,Graduate,No,102918,58786,247,360,1,Semiurban,Y
Female,No,1,Graduate,No,26630,3645,116,240,1,Semiurban,Y
Male,Yes,0,Graduate,No,43264,45364,241,360,1,Urban,Y
Female,Yes,2,Graduate,No,49548,50468,341,240,0,Semiurban,N
Male,No,0,Graduate,Yes,84801,2493,307,180,0,Urban,N
Male,Yes,1,Not Graduate,No,111338,28087,189,180,1,Semiurban,Y
Female,Yes,1,Graduate,No,115405,41920,164,360,1,Urban,Y
Male,No,1,Not Graduate,No,39558,9039,254,360,1,Urban,Y
Male,No,0,Not Graduate,No,82585,1679,243,300,1,Urban,Y
Male,Yes,2,Graduate,No,92700,15442,295,360,1,Semiurban,Y
Female,Yes,1,Graduate,No,79687,16754,256,120,1,Urban,Y
Female,Yes,3,Not Graduate,No,19538,35466,252,300,0,Urban,N
Female,Yes,0,Graduate,No,71887,48562,277,360,1,Semiurban,Y
Female,Yes,0,Graduate,Yes,20861,39898,73,300,1,Urban,Y
Female,Yes,2,Not Graduate,No,16325,23694,160,360,1,Semiurban,Y
Male,No,0,Graduate,No,43668,2480,193,480,1,Semiurban,Y
Female,Yes,1,Graduate,No,92492,35161,259,360,1,Urban,Y
Female,Yes,0,Graduate,No,46656,30612,256,360,1,Urban,Y
Male,No,2,Graduate,Yes,72958,2291,333,480,1,Rural,Y
Female,Yes,3,Graduate,No,118403,38587,311,300,0,Rural,N
Male,No,3,Graduate,No,53027,11306,58,480,1,Urban,Y
Male,Yes,2,Graduate,No,91607,31966,241,240,0,Rural,N
Female,Yes,1,Graduate,No,25150,46911,81,300,1,Semiurban,Y
Female,Yes,0,Graduate,No,61658,47871,93,360,1,Urban,Y
Male,Yes,1,Graduate,No,109275,3924,293,360,0,Rural,N
Female,No,2,Graduate,No,82454,11335,69,360,1,Urban,Y
Female,Yes,2,Graduate,No,21223,10154,69,300,0,Urban,N
Female,Yes,2,Graduate,Yes,57610,23982,321,360,1,Semiurban,Y
Male,No,3,Graduate,No,69164,5549,143,240,1,Urban,Y
Female,Yes,0,Graduate,No,87313,24485,93,480,1,Semiurban,Y
Male,No,0,Graduate,No,54879,9621,71,300,1,Semiurban,Y
Female,Yes,2,Graduate,No,119117,13675,260,480,1,Urban,Y
Male,Yes,1,Graduate,No,96951,7410,82,300,1,Urban,Y
Female,Yes,1,Not Graduate,Yes,48096,20576,117,360,0,Rural,N
Female,Yes,1,Not Graduate,Yes,96115,12261,332,240,1,Urban,Y
Female,Yes,1,Graduate,No,109523,7001,342,180,1,Urban,Y
Female,No,1,Graduate,No,84302,1113,330,480,1,Urban,Y
Male,Yes,3,Graduate,No,72169,4547,145,480,1,Rural,Y
Female,Yes,1,Graduate,Yes,64312,24940,128,240,0,Rural,N
Male,No,1,Graduate,No,52466,4459,250,360,1,Rural,Y
Male,No,3,Graduate,No,55847,862,263,300,1,Urban,Y
Male,No,2,Graduate,No,14728,13671,311,360,1,Semiurban,Y
Female,Yes,1,Graduate,No,74429,37547,177,360,0,Urban,Y
Female,Yes,0,Graduate,No,104398,12497,216,360,1,Rural,Y
Female,No,0,Graduate,Yes,67389,14852,189,300,0,Rural,N
Female,Yes,2,Graduate,Yes,21734,53307,347,120,1,Semiurban,Y
Male,Yes,1,Not Graduate,No,26295,51300,162,480,1,Urban,Y
Male,Yes,0,Not Graduate,No,81993,50348,56,240,1,Rural,Y
Male,Yes,0,Graduate,No,53928,26437,332,300,1,Urban,Y
Female,No,0,Graduate,No,84897,9433,229,480,1,Urban,Y
Male,Yes,2,Not Graduate,Yes,24128,55917,210,240,1,Rural,Y
Female,Yes,0,Graduate,No,71519,40697,190,360,1,Urban,Y
Female,No,3,Not Graduate,Yes,99779,12414,108,480,1,Semiurban,Y
Female,Yes,1,Graduate,No,65303,23818,262,360,0,Urban,N
Female,Yes,2,Graduate,No,95072,44890,254,240,0,Semiurban,N
Female,Yes,1,Graduate,No,34109,43431,167,240,0,Rural,N
Male,No,1,Not Graduate,No,61964,7029,187,360,1,Semiurban,Y
Female,Yes,1,Graduate,No,64939,14281,221,360,1,Urban,Y
Male,Yes,2,Graduate,No,100808,12908,226,300,0,Rural,N
Male,Yes,1,Graduate,No,71800,54423,345,360,1,Semiurban,Y
Male,No,3,Graduate,No,61841,1247,258,360,0,Urban,N
Female,Yes,1,Not Graduate,No,98707,12912,111,240,1,Urban,Y
Female,Yes,1,Graduate,No,71195,12799,294,240,1,Urban,Y
Female,Yes,0,Graduate,No,19283,25222,113,360,1,Urban,Y
Male,Yes,0,Graduate,No,55744,20527,89,360,0,Urban,Y
Male,Yes,0,Not Graduate,No,83716,16456,53,180,1,Rural,Y
Female,Yes,2,Graduate,No,27375,19941,206,300,0,Semiurban,N
Female,No,0,Not Graduate,No,24534,4523,272,480,1,Semiurban,Y
Female,No,1,Graduate,No,67765,14673,315,240,1,Urban,Y
Female,Yes,1,Graduate,No,75827,7292,343,300,1,Semiurban,Y
Female,No,0,Graduate,Yes,88338,14043,233,300,1,Semiurban,Y
Male,Yes,0,Not Graduate,No,63648,27940,89,360,1,Semiurban,Y
Male,No,1,Graduate,No,52754,8674,121,360,1,Rural,Y
Male,No,1,Graduate,Yes,52859,11853,247,240,1,Urban,Y
Male,Yes,0,Graduate,No,100352,39990,74,360,0,Semiurban,Y
Male,Yes,0,Graduate,No,105650,9090,283,240,1,Semiurban,Y
Female,Yes,0,Graduate,No,97064,25286,72,300,1,Semiurban,Y
Female,Yes,2,Graduate,No,98101,59695,237,240,1,Rural,Y
Female,No,3,Graduate,No,112776,5000,239,180,1,Urban,Y
Female,Yes,1,Graduate,No,105718,1671,337,360,1,Semiurban,Y
Male,No,0,Graduate,No,62692,4767,96,360,1,Rural,Y
Male,Yes,1,Graduate,No,111772,10249,234,480,0,Urban,N
Male,Yes,0,Not Graduate,No,36006,10961,146,360,1,Rural,Y
Male,Yes,1,Not Graduate,No,85700,37043,135,240,1,Semiurban,Y
Female,Yes,1,Graduate,No,64186,24000,211,180,1,Rural,Y
Female,No,0,Graduate,No,67498,5686,282,180,1,Urban,Y
Male,Yes,0,Graduate,No,103727,33805,302,300,1,Rural,Y
Female,Yes,0,Graduate,No,115908,22006,197,360,1,Rural,Y
Female,Yes,1,Graduate,No,67698,58036,316,480,1,Urban,Y
Male,Yes,0,Graduate,No,56773,45170,177,480,1,Rural,Y
Female,Yes,0,Not Graduate,No,67047,55694,60,480,1,Semiurban,Y
Male,No,0,Graduate,No,114172,5257,262,360,1,Urban,Y
Male,Yes,0,Graduate,No,25447,46906,121,240,1,Urban,Y
Male,Yes,2,Graduate,No,37038,10046,334,300,1,Urban,Y
Male,No,1,Graduate,Yes,109494,12231,115,180,1,Urban,Y
Female,Yes,1,Graduate,Yes,92985,25740,300,360,1,Semiurban,Y
Male,No,3,Graduate,No,111818,9920,101,240,1,Urban,Y
Male,No,2,Graduate,No,115952,4402,262,360,1,Urban,Y
Female,No,1,Graduate,Yes,56725,7281,92,360,1,Urban,Y
Male,Yes,0,Graduate,No,85293,47813,290,300,1,Semiurban,Y
Male,No,3,Graduate,No,100592,9556,169,120,1,Semiurban,Y
Female,Yes,3,Graduate,No,75137,45604,337,300,0,Rural,N
Male,Yes,3,Not Graduate,No,28165,58124,340,240,0,Rural,N
Female,Yes,0,Graduate,No,90462,45608,54,120,1,Urban,Y
Male,Yes,3,Graduate,No,40540,58893,281,240,1,Urban,Y
Female,Yes,1,Not Graduate,No,65529,28474,306,300,0,Semiurban,N
Female,Yes,0,Graduate,Yes,105374,43990,257,300,0,Urban,N
Female,No,0,Graduate,No,59665,11213,198,360,1,Urban,Y
Female,Yes,2,Not Graduate,No,98659,50629,123,300,1,Urban,Y
Female,Yes,1,Graduate,No,80341,19621,154,240,1,Urban,Y
Female,No,0,Graduate,No,83855,7098,73,300,1,Rural,Y
Male,Yes,2,Graduate,No,106445,47766,349,180,1,Rural,Y
Male,Yes,1,Graduate,No,99193,5190,173,360,1,Urban,Y
Male,No,2,Not Graduate,No,45378,1182,143,240,1,Semiurban,Y
Female,Yes,2,Graduate,No,35370,18702,224,240,0,Urban,N
Female,Yes,0,Not Graduate,No,104777,41228,191,180,1,Rural,Y
Female,Yes,0,Graduate,No,118568,28344,307,360,1,Urban,Y
Male,Yes,0,Not Graduate,No,28112,17017,131,360,1,Semiurban,Y
Female,Yes,0,Not Graduate,No,104528,1003,272,360,1,Rural,Y
Female,Yes,0,Graduate,No,27374,28826,78,180,0,Rural,N
Male,Yes,1,Graduate,Yes,96825,15444,289,360,0,Semiurban,N
Male,No,0,Graduate,Yes,101738,1881,215,240,1,Urban,Y
Male,Yes,1,Not Graduate,No,70332,50036,178,480,1,Rural,Y
Male,Yes,0,Graduate,No,41727,39989,198,480,1,Semiurban,Y
Male,Yes,2,Graduate,No,39822,1154,65,480,1,Semiurban,Y
Female,Yes,0,Graduate,No,95963,22453,150,360,1,Semiurban,Y
Male,Yes,0,Not Graduate,No,55083,5470,204,300,1,Rural,Y
Male,Yes,3,Graduate,No,79045,43250,214,360,0,Semiurban,N
Male,No,1,Graduate,No,71778,5165,331,240,1,Urban,Y
Male,Yes,1,Not Graduate,No,12854,28391,197,180,1,Semiurban,Y
Male,Yes,0,Graduate,No,77934,13393,54,360,1,Urban,Y
Male,Yes,0,Graduate,No,97293,17651,342,180,1,Urban,Y
Female,Yes,3,Graduate,No,66186,19502,135,300,1,Urban,Y
Female,No,0,Graduate,No,62792,7969,264,360,0,Semiurban,N
Female,Yes,0,Graduate,No,36368,25323,313,300,1,Rural,Y
Male,Yes,0,Graduate,No,85523,48277,331,480,0,Rural,N
Male,Yes,3,Graduate,No,91039,37137,247,180,0,Urban,N
Male,No,1,Graduate,No,67373,2018,262,360,1,Semiurban,Y
Female,No,0,Graduate,No,36107,13773,130,480,1,Urban,Y
Female,Yes,2,Not Graduate,No,61854,25069,85,360,1,Urban,Y
Male,Yes,0,Not Graduate,No,18025,59709,330,360,1,Urban,Y
Male,Yes,2,Not Graduate,No,108458,49049,297,360,0,Rural,N
Male,Yes,0,Graduate,Yes,97193,9107,169,360,1,Rural,Y
Female,No,2,Graduate,Yes,94067,2524,68,300,1,Urban,Y
Male,Yes,2,Graduate,No,82902,40454,233,180,1,Rural,Y
Female,No,1,Not Graduate,No,98691,7499,130,300,0,Urban,N
Female,No,2,Graduate,Yes,84267,11702,200,240,1,Urban,Y
Female,Yes,0,Graduate,No,61388,22204,285,240,1,Semiurban,Y
Male,Yes,0,Graduate,No,85018,41678,202,360,1,Urban,Y
Female,Yes,0,Graduate,Yes,39326,661,52,360,1,Semiurban,Y
Male,No,3,Graduate,No,110932,1236,274,360,1,Urban,Y
Female,No,3,Not Graduate,No,56533,865,194,240,0,Urban,N
Male,No,1,Graduate,No,12782,2327,316,240,0,Urban,N
Male,No,1,Graduate,No,101634,6692,141,240,1,Semiurban,Y
Female,No,0,Not Graduate,No,42493,2174,173,360,1,Urban,Y
Female,Yes,2,Graduate,No,65860,10402,139,300,1,Semiurban,Y
Male,No,0,Not Graduate,No,39569,8624,229,180,1,Urban,Y
Male,No,0,Graduate,No,105658,7106,260,360,1,Semiurban,Y
Male,Yes,3,Graduate,No,113718,3856,141,360,1,Rural,Y
Female,Yes,2,Graduate,No,27825,54174,77,180,1,Urban,Y
Female,Yes,0,Not Graduate,No,78764,10682,311,360,1,Urban,Y
Male,Yes,2,Graduate,No,41858,53223,91,300,0,Urban,Y
Male,Yes,1,Graduate,No,94955,36356,334,240,1,Rural,Y
Female,No,1,Not Graduate,No,81702,3760,207,300,0,Semiurban,N
Female,No,0,Not Graduate,No,45490,7771,169,480,0,Semiurban,N
Male,No,0,Graduate,Yes,22305,11423,202,360,1,Semiurban,Y
Male,No,0,Graduate,No,50740,5064,245,360,1,Semiurban,Y
Male,No,1,Graduate,No,110388,257,60,480,1,Semiurban,Y
Male,Yes,1,Graduate,Yes,59714,5851,94,240,1,Urban,Y
Female,No,0,Graduate,No,25928,6352,255,360,1,Semiurban,Y
Male,No,3,Not Graduate,No,28577,8698,208,360,0,Rural,N
Male,Yes,1,Graduate,No,48803,16673,181,180,1,Urban,Y
Female,Yes,1,Graduate,No,86803,26864,150,360,1,Urban,Y
Male,Yes,3,Not Graduate,No,50606,7177,294,360,1,Urban,Y
Male,Yes,0,Not Graduate,No,119980,34539,242,240,1,Urban,Y
Female,No,1,Not Graduate,No,44793,11905,76,360,1,Urban,Y
Female,Yes,0,Not Graduate,No,66594,20816,248,480,1,Rural,Y
Female,Yes,1,Graduate,No,24468,21965,284,360,0,Rural,N
Male,Yes,3,Graduate,No,98132,1159,222,360,1,Urban,Y
Female,Yes,1,Graduate,No,65645,11955,235,360,1,Urban,Y
Female,Yes,0,Graduate,No,43148,12290,227,360,1,Semiurban,Y
Female,Yes,2,Graduate,No,100119,49807,314,360,1,Urban,Y
Female,Yes,3,Graduate,No,99220,55110,303,360,1,Rural,Y
Male,Yes,0,Graduate,No,88407,35660,339,360,1,Urban,Y
Male,Yes,1,Not Graduate,No,84632,20268,340,360,1,Rural,Y
Male,No,1,Graduate,Yes,58130,7374,330,300,1,Rural,Y
Male,Yes,1,Graduate,No,108397,39443,338,120,1,Urban,Y
Male,No,2,Not Graduate,No,37284,12588,317,300,1,Rural,Y
Male,Yes,1,Not Graduate,No,66134,45906,149,300,1,Rural,Y
Male,Yes,2,Graduate,No,105828,44635,342,360,0,Rural,N
Female,Yes,1,Graduate,No,92493,30286,326,360,1,Semiurban,Y
Male,Yes,0,Not Graduate,No,110598,53908,291,120,1,Semiurban,Y
Female,Yes,0,Graduate,No,50704,55220,323,180,1,Rural,Y
Female,Yes,3,Graduate,No,25293,14793,343,180,1,Semiurban,Y
Male,Yes,0,Graduate,No,34051,1438,101,240,0,Rural,N
Female,Yes,3,Graduate,No,112173,4925,209,120,1,Urban,Y
Female,Yes,0,Graduate,No,110642,12121,160,300,1,Rural,Y
Male,Yes,2,Graduate,No,113786,19445,208,300,1,Rural,Y
Male,No,0,Graduate,No,17504,14176,214,240,1,Semiurban,Y
Male,Yes,2,Graduate,Yes,73899,37111,51,360,1,Rural,Y
Female,Yes,1,Graduate,No,60788,7739,97,360,1,Rural,Y
Female,No,0,Graduate,No,21038,929,67,180,1,Semiurban,Y
Female,Yes,0,Graduate,No,47937,4829,226,300,0,Rural,N
Male,Yes,3,Graduate,No,77126,24442,272,240,0,Rural,N
Male,Yes,1,Graduate,No,85578,13901,338,360,1,Semiurban,Y
Male,No,1,Graduate,No,15784,10896,283,240,1,Urban,Y
Female,Yes,1,Not Graduate,Yes,96941,30507,296,480,1,Semiurban,Y
Female,No,1,Graduate,No,36410,4543,109,480,1,Urban,Y
Female,Yes,1,Graduate,No,16621,58163,299,300,1,Semiurban,Y
Female,Yes,0,Graduate,No,83977,24360,251,360,1,Rural,Y
Male,Yes,1,Graduate,No,101315,8351,336,480,1,Urban,Y
Male,Yes,1,Not Graduate,No,23335,36095,289,300,1,Urban,Y
Male,Yes,1,Graduate,No,51397,29159,258,360,1,Semiurban,Y
Male,No,3,Graduate,No,69519,13968,141,300,0,Rural,N
Male,No,2,Graduate,No,62071,7177,194,360,1,Urban,Y
Male,Yes,2,Graduate,No,64879,11497,123,360,1,Urban,Y
Female,Yes,1,Graduate,No,26848,22684,169,180,1,Rural,Y
Male,No,0,Graduate,No,75476,10215,74,360,0,Semiurban,Y
Female,Yes,0,Graduate,No,65721,52938,77,360,1,Urban,Y
Female,Yes,1,Graduate,Yes,118801,45070,221,300,0,Urban,N
Female,Yes,0,Not Graduate,No,61028,21944,128,360,0,Semiurban,N
Female,Yes,3,Not Graduate,No,53571,7519,244,360,1,Rural,Y
Male,Yes,3,Graduate,Yes,97525,5290,306,180,1,Semiurban,Y
Male,Yes,2,Graduate,No,101885,20646,220,300,1,Urban,Y
Male,Yes,0,Not Graduate,Yes,28697,43413,83,360,0,Urban,N
Female,Yes,2,Graduate,No,58966,38510,312,360,1,Urban,Y
Female,Yes,1,Not Graduate,No,78908,17883,221,300,1,Rural,Y
Male,Yes,1,Graduate,No,91973,34420,191,300,1,Semiurban,Y
Male,Yes,1,Not Graduate,Yes,50917,30629,318,240,1,Semiurban,Y
Female,Yes,2,Graduate,No,86212,38682,333,300,0,Urban,N
Female,Yes,3,Graduate,Yes,81458,44847,193,360,1,Urban,Y
Male,Yes,1,Graduate,No,89187,33795,97,360,1,Urban,Y
Male,Yes,0,Graduate,No,58393,5129,157,300,1,Urban,Y
Male,No,2,Graduate,No,13029,20,325,360,1,Semiurban,Y
Male,Yes,2,Graduate,No,107076,28240,63,300,1,Rural,Y
Female,Yes,1,Not Graduate,No,52576,27670,189,480,1,Rural,Y
Male,Yes,3,Graduate,No,58397,53149,181,240,1,Rural,Y
Female,Yes,2,Graduate,No,22113,40695,266,360,1,Urban,Y
Female,Yes,0,Graduate,No,101174,43601,90,180,0,Urban,Y
Male,No,0,Graduate,No,27661,4378,106,180,1,Urban,Y
Male,Yes,1,Graduate,No,93235,46102,145,360,1,Rural,Y
Female,Yes,2,Graduate,No,69423,4548,102,240,1,Rural,Y
Female,No,2,Graduate,No,29107,4890,130,300,1,Semiurban,Y
Female,No,1,Graduate,No,49580,6081,312,240,1,Urban,Y
Male,Yes,0,Graduate,No,74420,8863,243,240,1,Rural,Y
Female,Yes,0,Graduate,No,62969,20034,144,180,1,Urban,Y
Female,No,3,Graduate,No,16064,8005,177,300,1,Semiurban,Y
Female,Yes,1,Graduate,No,53011,37932,51,360,1,Urban,Y
Female,Yes,2,Graduate,No,105221,15707,226,300,1,Urban,Y
Male,Yes,3,Not Graduate,No,78686,30906,52,360,0,Urban,N
Male,Yes,3,Graduate,Yes,33864,2786,327,360,1,Urban,Y
Male,Yes,1,Graduate,No,70587,7637,57,360,1,Rural,Y
Male,Yes,1,Graduate,No,106502,6528,112,480,1,Urban,Y
Female,Yes,0,Graduate,No,107375,32942,236,300,1,Urban,Y
Female,No,0,Graduate,No,57663,871,128,360,0,Urban,N
Female,No,3,Graduate,No,19969,11318,228,240,0,Rural,N
Female,Yes,0,Not Graduate,No,68527,58807,203,300,1,Semiurban,Y
Female,Yes,3,Graduate,No,78194,19989,54,120,0,Rural,N
Male,Yes,3,Graduate,No,78922,17774,300,360,1,Semiurban,Y
Male,Yes,0,Graduate,No,98903,44899,327,360,1,Semiurban,Y
Male,Yes,0,Not Graduate,No,47202,21594,72,180,1,Semiurban,Y
Female,Yes,1,Graduate,No,22290,2772,75,120,0,Semiurban,N
Male,Yes,1,Graduate,No,91742,49293,172,360,1,Urban,Y
Female,Yes,1,Graduate,Yes,89180,42083,249,480,0,Urban,N
Female,No,0,Graduate,No,96999,309,307,300,1,Urban,Y
Female,Yes,2,Graduate,No,41277,48195,332,180,1,Urban,Y
Female,Yes,1,Not Graduate,No,25815,43753,151,360,1,Semiurban,Y
Female,No,1,Graduate,No,33081,6601,193,480,1,Urban,Y
Female,Yes,2,Graduate,Yes,18189,27671,235,240,1,Urban,Y
Female,Yes,1,Graduate,No,81992,10210,248,240,1,Semiurban,Y
Female,No,3,Graduate,No,110240,4,272,360,1,Semiurban,Y
Female,Yes,3,Graduate,No,25150,5566,334,240,1,Rural,Y
Male,No,0,Graduate,No,85674,13252,171,120,1,Urban,Y
Male,Yes,0,Not Graduate,No,29647,32872,258,480,1,Semiurban,Y
Male,Yes,0,Graduate,No,44812,59072,212,360,1,Rural,Y
Female,Yes,0,Graduate,No,112639,37210,343,360,1,Urban,Y
Male,Yes,0,Not Graduate,No,99014,46061,332,360,1,Semiurban,Y
Male,Yes,0,Graduate,No,17136,33223,315,300,1,Rural,Y
Male,No,3,Not Graduate,No,69757,11874,133,480,0,Rural,N
Female,Yes,0,Graduate,No,101861,41045,146,180,0,Urban,Y
Male,Yes,1,Not Graduate,No,99224,6146,111,120,1,Urban,Y
Female,No,1,Graduate,No,111202,4287,104,300,1,Semiurban,Y
Male,Yes,0,Not Graduate,No,23826,14920,172,180,0,Semiurban,N
Male,Yes,1,Graduate,No,22445,6137,176,360,1,Semiurban,Y
Male,Yes,1,Not Graduate,No,88050,9830,288,360,0,Urban,N
Male,Yes,2,Not Graduate,No,21895,33928,208,300,1,Urban,Y
Male,Yes,1,Graduate,No,52575,31941,72,480,1,Semiurban,Y
Female,Yes,2,Graduate,No,103402,44125,57,360,1,Urban,Y
Male,No,1,Graduate,No,82083,10404,347,300,0,Urban,N
Female,Yes,1,Graduate,No,87243,55306,340,360,1,Rural,Y
Female,Yes,2,Graduate,No,103230,51429,242,300,0,Rural,N
Female,Yes,1,Graduate,No,90703,59546,287,300,1,Semiurban,Y
Male,Yes,1,Graduate,No,80744,8723,148,360,1,Semiurban,Y
Male,Yes,0,Not Graduate,No,99069,47113,139,300,1,Semiurban,Y
Female,Yes,1,Graduate,No,60245,17138,256,120,1,Urban,Y
Male,No,3,Not Graduate,Yes,44577,3569,51,360,1,Semiurban,Y
Male,No,1,Not Graduate,No,105618,12709,130,360,0,Urban,N
Female,Yes,2,Graduate,No,40218,32647,66,300,1,Semiurban,Y
Male,Yes,0,Graduate,Yes,109109,18483,165,360,1,Urban,Y
Female,Yes,3,Graduate,No,49390,35470,253,300,1,Semiurban,Y
Male,Yes,1,Graduate,No,43405,16783,153,300,0,Rural,N
Male,No,0,Graduate,Yes,103217,12768,250,480,1,Urban,Y
Female,Yes,2,Graduate,No,44321,9350,101,300,0,Semiurban,N
Male,Yes,3,Graduate,No,72917,7287,53,240,1,Semiurban,Y
Male,No,0,Not Graduate,No,91723,9016,61,180,1,Urban,Y
Female,Yes,0,Not Graduate,No,95098,5890,292,240,1,Rural,Y
Female,No,0,Not Graduate,No,51325,5368,93,360,1,Urban,Y
Male,No,0,Graduate,No,110965,4942,94,300,1,Urban,Y
Male,Yes,0,Graduate,No,64378,21808,59,180,0,Urban,Y
Female,Yes,2,Not Graduate,Yes,86273,5743,261,300,1,Semiurban,Y
Female,Yes,1,Not Graduate,No,100953,31449,298,360,1,Rural,Y
Female,Yes,2,Graduate,No,48105,35884,271,240,1,Semiurban,Y
Female,Yes,3,Graduate,No,37734,23013,88,360,1,Rural,Y
Female,No,1,Graduate,No,107919,6619,236,180,0,Urban,N
Female,Yes,0,Graduate,No,34671,28132,193,480,1,Semiurban,Y
Female,No,2,Graduate,No,32739,10602,58,300,0,Urban,N
Female,No,0,Graduate,No,98352,3995,250,180,1,Urban,Y
Female,Yes,2,Graduate,No,91630,11064,200,480,1,Urban,Y
Male,Yes,0,Graduate,No,81731,7384,312,240,0,Semiurban,N
Male,Yes,0,Graduate,Yes,71001,26213,112,360,1,Urban,Y
Male,Yes,0,Not Graduate,No,43083,14968,217,360,1,Urban,Y
Male,Yes,1,Graduate,No,110879,35612,285,360,1,Rural,Y
Male,No,2,Not Graduate,No,87302,4156,103,240,1,Semiurban,Y
Female,Yes,1,Graduate,No,82275,42632,115,240,1,Urban,Y
Male,Yes,1,Graduate,Yes,80574,28268,195,360,1,Rural,Y
Female,No,0,Graduate,No,30226,2263,179,240,1,Semiurban,Y
Male,Yes,2,Graduate,No,50483,22436,119,480,1,Rural,Y
Female,Yes,1,Graduate,No,103304,5916,276,300,1,Urban,Y
Male,Yes,1,Graduate,Yes,102622,21085,143,360,1,Semiurban,Y
Male,Yes,2,Graduate,No,48406,47636,241,180,0,Urban,N
Male,No,2,Graduate,No,118050,4322,302,180,1,Urban,Y
Female,Yes,0,Graduate,No,115770,46741,50,180,1,Urban,Y
Male,Yes,2,Graduate,No,45953,40149,196,360,1,Urban,Y
Female,Yes,0,Graduate,No,80006,57114,171,120,1,Semiurban,Y
Male,No,1,Graduate,No,106970,7764,307,360,1,Semiurban,Y
Male,Yes,0,Not Graduate,No,94066,7537,52,360,0,Urban,N
Male,Yes,0,Graduate,No,39732,3253,130,300,1,Urban,Y
Male,Yes,0,Graduate,No,33997,11100,295,360,0,Urban,N
Female,No,1,Not Graduate,No,80869,4057,220,360,1,Semiurban,Y
Female,No,0,Not Graduate,No,34378,4909,75,360,0,Semiurban,N
Male,Yes,1,Graduate,No,115149,22751,75,360,1,Urban,Y
Female,Yes,1,Not Graduate,No,60388,53860,344,240,1,Semiurban,Y
Male,No,0,Graduate,No,78876,6826,246,480,1,Semiurban,Y
Female,No,0,Graduate,Yes,114138,7242,106,300,1,Urban,Y
Female,Yes,3,Graduate,No,28493,45671,226,360,0,Rural,N
Male,Yes,1,Graduate,No,102384,13353,187,360,1,Rural,Y
Female,Yes,2,Graduate,Yes,52925,43067,144,360,1,Semiurban,Y
Female,Yes,3,Graduate,No,117276,31778,91,360,1,Semiurban,Y
Female,Yes,1,Graduate,No,109217,42218,74,240,1,Semiurban,Y
Male,No,1,Graduate,No,35532,3309,186,120,1,Semiurban,Y
Female,Yes,3,Not Graduate,No,68870,27555,176,360,1,Semiurban,Y
Female,Yes,1,Graduate,Yes,56937,19916,124,360,0,Urban,N
Female,Yes,1,Not Graduate,No,107054,46528,247,300,1,Urban,Y
Male,Yes,2,Graduate,No,48516,14616,95,240,1,Urban,Y
Male,Yes,1,Graduate,Yes,26093,314,259,240,1,Urban,Y
Female,Yes,1,Not Graduate,No,86522,53938,210,180,1,Semiurban,Y
Male,Yes,1,Graduate,No,54695,4263,280,360,1,Rural,Y
Female,Yes,3,Graduate,No,39985,17676,237,360,1,Rural,Y
Male,Yes,3,Graduate,Yes,18119,39864,85,120,1,Semiurban,Y
Female,Yes,0,Graduate,No,36991,5620,253,300,0,Urban,N
Female,Yes,2,Not Graduate,No,18315,29291,227,120,1,Semiurban,Y
Male,Yes,1,Graduate,Yes,61218,29321,106,180,1,Semiurban,Y
Female,Yes,2,Not Graduate,No,15339,35409,245,300,1,Urban,Y
Female,Yes,1,Graduate,No,23153,34421,236,360,1,Urban,Y
Female,Yes,1,Graduate,No,78852,6946,125,360,1,Semiurban,Y
Male,Yes,1,Not Graduate,No,61269,46205,172,240,1,Semiurban,Y
Male,Yes,1,Graduate,No,67551,8426,177,480,1,Urban,Y
Male,Yes,2,Not Graduate,No,33681,48347,275,300,1,Urban,Y
Male,Yes,1,Graduate,No,28621,17252,249,300,1,Rural,Y
Male,Yes,3,Not Graduate,No,57247,39863,277,360,1,Urban,Y
Female,Yes,3,Graduate,No,69729,37236,230,180,1,Urban,Y
Male,No,0,Not Graduate,No,15676,11349,350,480,1,Rural,N
Female,Yes,1,Graduate,No,61039,9481,106,300,1,Rural,Y
Female,No,3,Graduate,No,116039,14909,74,300,1,Semiurban,Y
Female,Yes,0,Graduate,No,13848,55260,173,180,0,Urban,N
Female,Yes,3,Graduate,No,25430,8582,192,300,1,Semiurban,Y
Male,Yes,0,Graduate,No,108328,33526,74,360,1,Rural,Y
Female,Yes,2,Graduate,No,91593,42345,167,300,0,Urban,Y
Female,No,3,Graduate,No,56010,8272,84,360,1,Rural,Y
Female,Yes,0,Not Graduate,No,71296,55394,52,180,0,Rural,N
Male,Yes,1,Not Graduate,No,19530,3377,135,300,0,Urban,N
Female,No,3,Graduate,No,14237,12793,282,180,0,Rural,N
Female,Yes,0,Graduate,No,103366,33232,162,300,1,Rural,Y
Female,Yes,2,Not Graduate,No,43037,15581,243,240,1,Urban,Y
Female,Yes,3,Graduate,Yes,62331,12720,157,360,1,Urban,Y
Male,Yes,3,Graduate,No,73125,204,98,360,0,Urban,Y
Female,Yes,0,Not Graduate,No,29543,52769,238,180,1,Semiurban,Y
Male,Yes,3,Graduate,No,21487,38855,205,240,1,Urban,Y
Female,No,3,Graduate,No,110986,11654,242,240,1,Semiurban,Y
Male,Yes,0,Graduate,No,60075,45217,295,360,1,Rural,Y
Female,Yes,0,Not Graduate,No,34638,13643,52,120,1,Urban,Y
Male,Yes,3,Graduate,No,62470,20389,166,480,1,Urban,Y
Female,No,2,Graduate,No,109478,2618,83,180,1,Rural,Y
Male,Yes,2,Not Graduate,No,101341,37906,158,360,1,Semiurban,Y
Female,Yes,1,Graduate,No,107380,50665,97,300,1,Semiurban,Y
Male,Yes,0,Graduate,Yes,101263,50199,184,300,1,Urban,Y
Male,Yes,0,Graduate,No,118268,26247,227,180,1,Rural,Y
Female,Yes,2,Graduate,No,104539,51043,321,240,1,Urban,Y
Male,Yes,2,Graduate,No,83276,35677,61,300,0,Semiurban,Y
Female,Yes,1,Graduate,No,86944,23101,134,360,1,Semiurban,Y
Male,Yes,2,Graduate,No,45969,29725,183,360,1,Rural,Y
Male,No,1,Graduate,No,117695,7626,328,360,1,Urban,Y
Male,Yes,2,Graduate,No,116637,18977,192,300,0,Rural,N
Female,Yes,2,Graduate,No,108367,20341,204,480,1,Urban,Y
Male,Yes,1,Graduate,No,45649,8683,244,360,1,Urban,Y
Male,Yes,3,Graduate,No,48913,43458,253,180,1,Urban,Y
Female,Yes,1,Not Graduate,No,31306,58741,221,360,1,Rural,Y
Female,Yes,3,Not Graduate,No,69855,41847,161,180,1,Semiurban,Y
Male,Yes,1,Graduate,No,85309,25895,132,180,1,Rural,Y
Male,Yes,2,Graduate,No,95960,38154,147,360,1,Rural,Y
Male,Yes,2,Not Graduate,No,13724,28993,170,360,1,Semiurban,Y
Female,Yes,1,Graduate,Yes,24310,44871,94,240,1,Rural,Y
Female,Yes,3,Graduate,Yes,104566,49383,251,480,1,Rural,Y
Male,Yes,2,Not Graduate,No,51979,17637,235,300,0,Urban,N
Female,Yes,1,Graduate,Yes,50804,17012,247,360,1,Urban,Y
Female,Yes,2,Graduate,No,30322,4810,316,360,1,Semiurban,Y
Male,Yes,3,Not Graduate,No,44118,3664,333,360,1,Urban,Y
Male,Yes,0,Graduate,No,52469,57473,85,360,1,Rural,Y
Female,Yes,2,Not Graduate,No,81533,13193,330,240,1,Semiurban,Y
Female,Yes,2,Graduate,Yes,98929,31513,299,240,1,Urban,Y
Female,Yes,2,Graduate,No,107777,7553,122,180,1,Rural,Y
Male,Yes,0,Graduate,No,68577,47766,182,300,1,Semiurban,Y
Female,Yes,0,Graduate,No,39594,41276,94,240,1,Urban,Y
Female,No,0,Not Graduate,No,35664,308,227,300,0,Urban,N
Female,No,3,Graduate,No,114030,14533,332,360,0,Urban,N
Male,Yes,2,Graduate,No,13801,23110,317,360,1,Urban,Y
Male,Yes,1,Graduate,No,38122,38008,126,360,0,Semiurban,Y
Female,No,1,Graduate,Yes,64417,10361,224,480,0,Semiurban,N
Female,Yes,0,Graduate,No,98539,13848,267,180,1,Rural,Y
Male,Yes,2,Not Graduate,No,14341,30179,132,300,1,Urban,Y
Male,Yes,3,Not Graduate,No,57814,3469,143,360,1,Rural,Y
Female,Yes,3,Graduate,No,108231,36762,312,360,1,Urban,Y
Female,Yes,3,Not Graduate,Yes,59026,56641,185,240,0,Semiurban,N
Female,Yes,1,Graduate,No,77461,6845,183,120,1,Rural,Y
Female,Yes,1,Graduate,No,54371,45752,255,360,0,Urban,N
Male,No,0,Graduate,No,94385,1033,253,360,1,Urban,Y
Female,No,2,Graduate,No,102647,9532,208,300,1,Urban,Y
Male,No,2,Not Graduate,No,77704,4947,120,300,0,Urban,N
Female,Yes,1,Graduate,No,65493,48167,242,360,1,Urban,Y
Female,Yes,1,Graduate,No,20921,42798,108,180,1,Semiurban,Y
Female,No,0,Graduate,No,68397,8554,302,300,1,Urban,Y
Male,Yes,2,Graduate,Yes,28064,55839,91,120,1,Rural,Y
Male,Yes,2,Graduate,No,47371,5017,77,180,1,Urban,Y
Male,Yes,2,Graduate,No,24221,20533,293,360,1,Semiurban,Y
Female,No,0,Graduate,No,20878,2831,181,300,1,Urban,Y
Female,No,1,Graduate,No,88633,2956,286,360,1,Semiurban,Y
Male,Yes,0,Graduate,No,52578,44495,286,180,1,Semiurban,Y
Male,Yes,2,Graduate,No,69196,39751,117,480,1,Rural,Y
Male,Yes,0,Not Graduate,No,103853,7611,317,360,0,Semiurban,N
Female,No,0,Not Graduate,No,108061,4532,229,240,1,Urban,Y
Male,Yes,1,Graduate,No,79318,47139,214,300,0,Semiurban,N
Male,Yes,0,Not Graduate,No,79834,13118,264,360,1,Semiurban,Y
Female,Yes,0,Graduate,No,50446,52928,284,360,1,Semiurban,Y
Male,Yes,3,Graduate,No,95624,1172,270,120,1,Rural,Y
Male,Yes,1,Graduate,No,13807,44691,138,360,1,Semiurban,Y
Female,No,1,Graduate,No,94775,5136,153,120,1,Urban,Y
Male,Yes,1,Graduate,No,38843,52091,213,360,0,Rural,N
Male,No,0,Graduate,Yes,51973,4244,120,240,0,Rural,N
Male,Yes,1,Not Graduate,No,45330,49639,328,360,1,Semiurban,Y
Male,No,0,Graduate,No,35128,8226,204,300,0,Urban,N
Female,Yes,1,Graduate,No,37795,9614,106,240,1,Rural,Y
Female,No,2,Graduate,No,57185,10846,232,360,1,Urban,Y
Female,Yes,0,Graduate,No,92010,44650,302,360,1,Urban,Y
Male,Yes,1,Not Graduate,No,40623,32218,179,360,0,Semiurban,N
Male,No,1,Graduate,No,108235,825,76,300,1,Semiurban,Y
Male,Yes,3,Graduate,No,109866,43528,245,300,1,Semiurban,Y
Female,No,3,Graduate,No,53573,7664,169,240,1,Urban,Y
Male,Yes,3,Not Graduate,No,82014,47406,199,360,1,Semiurban,Y
Female,Yes,1,Not Graduate,No,34120,30365,318,180,1,Rural,Y
Female,Yes,1,Graduate,Yes,87291,52269,230,240,1,Urban,Y
Female,Yes,0,Graduate,No,70538,9910,77,180,0,Semiurban,Y
Male,Yes,1,Graduate,No,63308,29797,285,360,1,Urban,Y
Male,No,1,Graduate,No,102656,9909,310,360,1,Semiurban,Y
Male,No,1,Graduate,No,108803,11660,313,180,1,Urban,Y
Female,No,1,Graduate,No,107739,31,54,360,1,Urban,Y
Female,No,0,Graduate,No,101735,299,150,360,1,Rural,Y
Male,Yes,3,Graduate,No,47320,13487,103,360,1,Semiurban,Y
Male,Yes,2,Graduate,No,116169,50785,188,360,1,Rural,Y
Male,No,1,Graduate,No,86198,7577,166,180,1,Semiurban,Y
Female,Yes,1,Graduate,No,117035,45911,344,360,1,Rural,Y
Male,Yes,1,Graduate,No,72290,36817,262,480,0,Rural,N
Male,No,1,Not Graduate,No,83477,6437,295,120,1,Semiurban,Y
Female,No,2,Graduate,No,20422,1966,329,300,1,Urban,Y
Male,Yes,3,Graduate,No,41957,965,102,480,1,Semiurban,Y
Male,Yes,0,Not Graduate,Yes,33150,41985,293,480,0,Urban,N
Female,Yes,2,Not Graduate,No,114049,47821,125,240,0,Semiurban,N
Male,Yes,2,Graduate,No,83059,10399,263,300,1,Rural,Y
Female,Yes,1,Graduate,No,103803,18029,258,120,1,Rural,Y
Female,No,0,Not Graduate,No,111556,12318,81,360,1,Urban,Y
Female,No,1,Graduate,No,50048,12396,255,360,1,Semiurban,Y
Female,Yes,0,Not Graduate,No,111107,54196,51,480,0,Rural,N
Male,No,0,Graduate,No,82834,3874,109,480,1,Rural,Y
Female,Yes,1,Graduate,No,100979,48831,74,240,1,Urban,Y
Male,Yes,0,Graduate,No,45842,42497,199,360,1,Semiurban,Y
Female,No,3,Not Graduate,No,76787,11616,139,240,1,Rural,Y
Female,No,0,Graduate,No,63371,9143,248,300,1,Semiurban,Y
Male,No,2,Graduate,No,68239,9982,322,360,1,Urban,Y
Male,Yes,2,Not Graduate,No,38778,59767,65,360,1,Rural,Y
Male,Yes,0,Not Graduate,No,22807,10574,257,240,1,Rural,Y
Male,Yes,1,Graduate,No,62957,11230,137,360,1,Semiurban,Y
Male,Yes,1,Not Graduate,No,49766,19045,167,300,1,Semiurban,Y
Female,Yes,3,Not Graduate,No,103376,8693,79,120,1,Urban,Y
Male,Yes,1,Graduate,No,75107,59917,253,360,1,Rural,Y
Female,Yes,0,Not Graduate,No,90215,48872,186,180,1,Rural,Y
Female,Yes,0,Graduate,No,82128,52587,182,360,1,Semiurban,Y
Female,Yes,1,Not Graduate,Yes,50085,53290,217,180,1,Semiurban,Y
Female,No,2,Graduate,No,56037,1493,341,240,1,Semiurban,Y
Female,No,0,Not Graduate,No,40063,11370,179,180,0,Urban,N
Female,Yes,0,Graduate,No,91740,40448,292,240,0,Rural,N
Female,No,2,Graduate,Yes,34898,5510,177,360,0,Semiurban,N
Male,No,0,Graduate,No,114104,9340,237,480,1,Urban,Y
Male,Yes,0,Graduate,No,68091,30763,275,180,1,Semiurban,Y
Female,Yes,1,Not Graduate,No,22550,26680,153,360,1,Urban,Y
Female,Yes,0,Graduate,No,17040,30080,156,300,1,Semiurban,Y
Male,Yes,0,Graduate,No,49448,41577,232,300,1,Semiurban,Y
Male,No,1,Graduate,Yes,54584,12246,317,240,1,Rural,Y
Female,Yes,2,Graduate,No,105470,26315,67,360,1,Semiurban,Y
Female,No,0,Graduate,No,78985,10399,257,240,1,Rural,Y
Male,Yes,0,Not Graduate,No,98653,52034,184,240,1,Urban,Y
Female,Yes,0,Graduate,No,20576,57676,67,360,0,Urban,Y
Male,No,0,Not Graduate,No,89550,6505,103,360,1,Urban,Y
Female,Yes,0,Not Graduate,No,73963,38695,294,480,0,Rural,N
Female,No,1,Graduate,No,22230,1718,344,360,1,Semiurban,Y
Female,Yes,0,Graduate,No,22944,31110,281,480,1,Urban,Y
Female,Yes,1,Graduate,Yes,17198,34138,225,360,1,Semiurban,Y
Male,Yes,2,Not Graduate,No,106252,15180,135,360,1,Urban,Y
Male,No,0,Graduate,No,18719,14967,93,480,1,Rural,Y
Female,Yes,1,Not Graduate,No,22652,35378,79,360,1,Rural,Y
Male,Yes,1,Graduate,No,25361,27680,192,480,0,Urban,N
Female,Yes,1,Graduate,No,75550,21936,218,360,1,Semiurban,Y
Male,No,0,Graduate,No,44636,10663,129,300,1,Urban,Y
Male,Yes,3,Graduate,No,117751,25808,269,300,1,Semiurban,Y
Female,No,2,Graduate,Yes,31877,13832,324,480,1,Urban,Y
Male,No,1,Not Graduate,No,13714,8325,311,360,1,Urban,Y
Male,Yes,3,Not Graduate,No,113994,27131,226,120,0,Semiurban,N
Female,No,0,Graduate,Yes,29447,13319,343,180,0,Urban,N
Female,Yes,1,Not Graduate,No,21572,38819,287,360,1,Rural,Y
Female,Yes,0,Not Graduate,No,81536,1630,106,360,1,Rural,Y
Male,Yes,1,Not Graduate,No,63936,1292,326,240,0,Rural,N
Female,Yes,1,Graduate,No,111489,56122,153,180,1,Urban,Y
Male,No,3,Graduate,No,61455,2835,102,360,1,Semiurban,Y
Male,Yes,0,Graduate,No,108053,48282,259,360,1,Semiurban,Y
Male,No,0,Graduate,No,37254,10613,116,300,1,Urban,Y
Female,Yes,3,Not Graduate,No,59165,24010,232,360,0,Urban,N
Male,Yes,2,Graduate,Yes,100702,38802,228,180,1,Rural,Y
Female,Yes,0,Not Graduate,No,47596,37307,299,180,1,Semiurban,Y
Female,No,1,Graduate,No,46051,5128,125,360,1,Urban,Y
Male,Yes,2,Graduate,No,44360,54875,269,120,1,Urban,Y
Male,No,0,Not Graduate,Yes,65378,8869,298,360,1,Urban,Y
Male,Yes,1,Graduate,No,100828,21702,271,480,1,Rural,Y
Male,Yes,0,Graduate,No,46901,18560,98,300,1,Rural,Y
Female,Yes,1,Graduate,No,117950,42246,260,360,0,Semiurban,N
Male,No,0,Graduate,No,105707,3937,221,360,0,Rural,N
Male,No,1,Graduate,No,55749,1353,286,360,1,Urban,Y
Female,Yes,0,Graduate,No,102059,29272,250,180,0,Rural,N
Female,Yes,1,Graduate,No,40310,36601,169,240,0,Rural,N
Male,No,0,Graduate,No,51856,8675,157,300,0,Semiurban,N
Male,No,0,Graduate,No,65849,4204,267,300,0,Rural,N
Male,Yes,2,Not Graduate,No,23152,35483,211,360,1,Semiurban,Y
Male,No,2,Graduate,No,48208,12380,188,240,1,Rural,Y
Male,No,1,Not Graduate,No,17377,10872,346,360,1,Urban,Y
Female,No,1,Graduate,No,60960,5363,316,360,1,Urban,Y
Female,Yes,1,Graduate,No,68980,55146,200,300,1,Urban,Y
Female,Yes,0,Graduate,No,29103,46398,258,360,1,Urban,Y
Male,No,0,Graduate,Yes,58569,2862,147,360,1,Urban,Y
Female,Yes,0,Graduate,No,103807,14575,212,300,1,Semiurban,Y
Male,Yes,0,Graduate,No,105218,13968,242,180,1,Urban,Y
Female,Yes,1,Graduate,No,94799,19500,297,480,1,Urban,Y
Female,Yes,1,Graduate,No,117363,28252,232,300,0,Rural,N
Male,Yes,1,Graduate,No,95278,1869,175,360,1,Rural,Y
Male,No,2,Graduate,No,52889,10445,114,480,1,Semiurban,Y
Female,Yes,1,Graduate,No,15091,20764,252,180,0,Urban,N
Female,Yes,0,Graduate,No,90008,40998,329,180,1,Rural,Y
Female,No,0,Graduate,No,20406,7995,86,360,1,Urban,Y
Female,No,2,Graduate,No,78455,3502,109,300,1,Semiurban,Y
Female,Yes,1,Graduate,No,21064,50990,99,300,1,Semiurban,Y
Male,Yes,0,Not Graduate,No,84316,51592,114,360,1,Semiurban,Y
Female,No,0,Graduate,No,99311,4051,138,300,1,Rural,Y
Female,No,0,Not Graduate,No,30361,1973,142,240,1,Rural,Y
Female,Yes,1,Not Graduate,Yes,65701,46715,178,480,1,Rural,Y
Male,Yes,2,Graduate,Yes,97726,18339,252,240,0,Rural,N
Female,No,2,Not Graduate,No,86233,8804,303,360,0,Urban,N
Female,Yes,0,Graduate,Yes,25972,14571,98,180,1,Semiurban,Y
Female,Yes,2,Graduate,No,117028,1400,225,240,1,Rural,Y
Female,Yes,3,Graduate,No,101355,25204,116,360,1,Semiurban,Y
Male,Yes,0,Graduate,No,42658,49393,194,360,1,Semiurban,Y
Male,No,2,Graduate,No,44794,11950,227,360,1,Urban,Y
Female,Yes,0,Graduate,No,61657,44952,52,180,1,Urban,Y
Female,No,0,Graduate,No,110454,11905,195,240,1,Rural,Y
Male,No,1,Graduate,No,95974,2355,83,360,1,Rural,Y
Male,Yes,0,Graduate,No,107188,32109,102,120,1,Urban,Y
Female,Yes,2,Graduate,No,118333,15012,285,480,1,Semiurban,Y
Female,Yes,0,Graduate,No,78806,54999,149,240,0,Rural,N
Male,Yes,0,Not Graduate,No,70450,17141,252,360,1,Urban,Y
Female,Yes,0,Not Graduate,No,56498,34593,302,360,1,Semiurban,Y
Male,Yes,2,Not Graduate,No,99525,10496,73,120,1,Semiurban,Y
Male,Yes,0,Not Graduate,No,36607,14817,329,300,1,Urban,Y
Male,Yes,0,Graduate,Yes,98941,47682,260,240,1,Urban,Y
Female,Yes,0,Not Graduate,No,107779,40816,205,360,1,Semiurban,Y
Female,No,0,Graduate,No,52577,4812,211,360,1,Urban,Y
Female,Yes,0,Not Graduate,No,32468,35495,157,180,1,Semiurban,Y
Female,Yes,3,Graduate,No,51244,12109,312,360,1,Urban,Y
Female,No,1,Graduate,No,72867,7476,52,360,1,Urban,Y
Male,Yes,2,Graduate,No,68180,24329,188,480,1,Urban,Y
Male,No,1,Graduate,No,106233,4481,58,300,0,Urban,Y
Male,Yes,0,Graduate,No,86091,14166,163,300,1,Semiurban,Y
Female,Yes,2,Graduate,No,40004,55435,76,360,0,Semiurban,Y
Male,Yes,1,Graduate,No,59714,43908,271,180,1,Rural,Y
Male,Yes,3,Graduate,No,75669,52349,346,360,1,Semiurban,Y
Male,Yes,0,Graduate,No,25228,52916,196,360,1,Semiurban,Y
Male,No,1,Graduate,No,80058,3681,93,360,1,Urban,Y
Female,Yes,0,Not Graduate,No,70722,34352,273,360,0,Urban,N
Male,Yes,1,Not Graduate,No,45194,16450,108,360,0,Urban,N
Female,No,2,Graduate,No,101983,931,108,300,1,Semiurban,Y
Female,Yes,2,Graduate,No,87715,4232,348,360,1,Semiurban,Y
Female,Yes,0,Graduate,No,34108,25590,90,300,1,Semiurban,Y
Male,Yes,0,Graduate,No,101089,21565,306,360,1,Urban,Y
Female,Yes,0,Graduate,No,101586,18093,164,480,1,Rural,Y
Male,Yes,1,Graduate,No,64693,2392,111,360,0,Semiurban,N
Female,Yes,2,Graduate,No,95848,29987,141,300,0,Urban,Y
Female,Yes,0,Graduate,No,18918,17599,116,360,1,Semiurban,Y
Male,No,0,Graduate,No,62771,4437,126,360,1,Urban,Y
Female,Yes,1,Not Graduate,No,75600,26109,90,360,0,Urban,N
Female,Yes,0,Graduate,No,61752,2289,229,360,1,Rural,Y
Male,No,0,Graduate,No,63295,4429,157,300,1,Rural,Y
Female,Yes,0,Graduate,No,33194,54881,309,240,1,Rural,Y
Female,No,2,Graduate,No,65983,1931,186,300,1,Semiurban,Y
Female,Yes,0,Graduate,No,56376,36300,261,300,1,Semiurban,Y
Female,Yes,0,Graduate,No,116710,14114,157,120,1,Rural,Y
Male,Yes,2,Graduate,No,102162,48481,253,480,1,Semiurban,Y
Female,No,3,Not Graduate,No,63505,8766,152,300,1,Semiurban,Y
Female,Yes,0,Graduate,No,83368,1398,283,240,1,Urban,Y
Male,Yes,2,Graduate,No,53617,28449,249,240,1,Rural,Y
Female,Yes,2,Graduate,Yes,93135,9369,121,360,1,Urban,Y
Female,No,0,Graduate,No,110246,9350,331,360,0,Urban,N
Female,Yes,2,Graduate,No,111168,6063,139,240,1,Semiurban,Y
Male,No,1,Graduate,No,12896,1323,141,360,1,Semiurban,Y
Male,Yes,3,Graduate,No,13898,48771,196,300,1,Urban,Y
Male,Yes,3,Graduate,No,73931,46262,201,360,1,Rural,Y
Male,Yes,1,Graduate,No,87998,27691,209,360,1,Urban,Y
Female,Yes,0,Graduate,No,105619,44904,161,480,1,Rural,Y
Female,No,2,Not Graduate,No,104141,6628,85,240,0,Urban,N
Female,Yes,0,Graduate,No,23433,59389,213,360,1,Semiurban,Y
Male,Yes,3,Graduate,No,31808,52346,346,240,0,Urban,N
Female,No,1,Not Graduate,No,100677,8562,347,240,1,Urban,Y
Male,No,1,Not Graduate,No,12941,7877,131,240,1,Urban,Y
Female,Yes,2,Graduate,No,23881,40952,208,240,1,Rural,Y
Male,Yes,3,Graduate,No,75669,19109,120,240,1,Urban,Y
Female,Yes,1,Graduate,No,32354,14099,348,180,1,Urban,Y
Male,Yes,1,Not Graduate,No,24283,694,199,360,1,Semiurban,Y
Male,No,0,Graduate,Yes,99753,12246,128,480,1,Urban,Y
Female,Yes,1,Graduate,No,111953,10332,266,360,1,Rural,Y
Female,No,1,Graduate,No,82778,10010,262,180,1,Semiurban,Y
Female,No,1,Graduate,No,14600,4937,137,360,1,Rural,Y
Male,Yes,0,Not Graduate,No,18156,47343,64,360,0,Urban,N
Male,Yes,1,Graduate,No,85077,10554,216,360,1,Urban,Y
Male,No,0,Not Graduate,No,59801,4494,264,360,1,Urban,Y
Female,Yes,1,Graduate,No,74223,49030,57,480,1,Urban,Y
Female,Yes,2,Not Graduate,No,85256,35588,275,300,1,Urban,Y
Male,No,1,Graduate,Yes,42241,11120,148,300,1,Rural,Y
Male,Yes,1,Graduate,Yes,43287,54091,159,300,1,Urban,Y
Male,Yes,1,Graduate,No,114753,24249,292,360,0,Rural,N
Male,Yes,3,Not Graduate,No,61878,6548,209,240,0,Urban,N
Female,Yes,0,Not Graduate,No,87015,9911,207,360,1,Semiurban,Y
Female,Yes,1,Graduate,No,42222,3699,189,360,1,Rural,Y
Female,Yes,0,Graduate,No,57850,15479,225,120,0,Urban,N
Male,Yes,2,Graduate,No,90189,52678,191,360,0,Semiurban,N
Female,No,1,Graduate,No,35090,13342,154,360,1,Rural,Y
Female,Yes,2,Graduate,No,32490,58421,120,120,1,Urban,Y
Female,No,3,Graduate,No,103225,2506,280,360,1,Rural,Y
Female,Yes,0,Graduate,No,89879,6515,180,300,1,Urban,Y
Female,Yes,1,Not Graduate,No,47985,1194,52,300,1,Urban,Y
Female,Yes,0,Graduate,No,108020,14445,106,360,1,Urban,Y
Female,Yes,0,Graduate,No,43596,55691,287,360,1,Urban,Y
Female,Yes,3,Not Graduate,No,116313,12119,131,240,1,Rural,Y
Male,Yes,0,Graduate,No,55793,56136,326,180,1,Urban,Y
Male,Yes,1,Not Graduate,No,99946,34768,301,300,1,Rural,Y
Female,No,3,Graduate,No,100291,623,131,360,1,Urban,Y
Female,Yes,3,Graduate,No,62810,47313,169,480,1,Rural,Y
Female,Yes,1,Graduate,No,66535,40116,151,360,0,Urban,Y
Female,Yes,0,Not Graduate,No,97194,30494,52,360,0,Rural,N
Male,No,0,Graduate,No,47710,9097,107,300,1,Rural,Y
Male,Yes,1,Graduate,No,100215,32274,155,180,1,Rural,Y
Male,Yes,0,Graduate,No,115672,45028,53,240,1,Urban,Y
Female,Yes,0,Not Graduate,No,115893,28635,136,180,1,Urban,Y
Female,No,3,Graduate,Yes,39954,4934,183,480,1,Semiurban,Y
Female,No,0,Graduate,No,84693,2383,320,360,1,Rural,Y
Male,Yes,1,Graduate,No,101670,33777,324,360,1,Urban,Y
Male,No,0,Graduate,No,50563,2334,323,300,0,Rural,N
Male,No,1,Not Graduate,No,70183,2903,76,240,0,Urban,N
Male,No,2,Graduate,No,46286,3916,121,300,1,Urban,Y
Female,Yes,1,Graduate,No,85362,3297,134,240,1,Urban,Y
Male,Yes,1,Graduate,No,119185,21350,97,240,1,Semiurban,Y
Male,Yes,1,Not Graduate,No,87786,3023,350,360,1,Semiurban,Y
Male,Yes,3,Graduate,No,20648,47316,153,360,1,Rural,Y
Female,Yes,0,Graduate,No,42456,14195,229,240,1,Semiurban,Y
Female,Yes,3,Graduate,No,119726,49159,250,240,1,Urban,Y
Female,Yes,3,Graduate,No,99051,7258,335,180,1,Urban,Y
Male,Yes,2,Not Graduate,No,93137,55143,269,300,1,Semiurban,Y
Male,Yes,0,Graduate,No,35659,50300,279,240,1,Urban,Y
Female,Yes,3,Graduate,No,60684,1166,299,300,1,Urban,Y
Male,Yes,2,Graduate,No,42225,32470,107,240,1,Urban,Y
Female,Yes,3,Graduate,No,39017,52806,60,240,1,Rural,Y
Female,Yes,0,Graduate,No,102176,20958,304,240,1,Urban,Y
Male,Yes,1,Graduate,Yes,64435,1055,316,240,1,Rural,Y
Female,No,2,Graduate,No,101923,9586,154,240,0,Semiurban,Y
Female,Yes,2,Graduate,No,40702,40690,222,360,1,Urban,Y
Female,Yes,2,Graduate,No,71580,55392,91,480,1,Rural,Y
Male,No,2,Graduate,No,20560,9555,97,300,1,Urban,Y
Male,Yes,2,Graduate,No,70699,22853,191,360,1,Semiurban,Y
Male,Yes,0,Graduate,No,69989,47929,248,360,0,Semiurban,N
Female,Yes,1,Not Graduate,No,87446,26829,75,360,1,Urban,Y
Female,Yes,3,Graduate,No,95826,50552,334,360,1,Semiurban,Y
Male,Yes,1,Graduate,No,21732,7107,307,480,1,Rural,Y
Female,Yes,1,Not Graduate,No,69381,14409,218,360,1,Urban,Y
Female,Yes,0,Not Graduate,No,117588,130,68,360,1,Semiurban,Y
Female,No,2,Graduate,No,96862,6531,100,300,1,Urban,Y
Male,Yes,1,Not Graduate,No,82737,57791,246,240,0,Semiurban,N
Female,Yes,1,Graduate,No,60778,8394,293,240,1,Rural,Y
Female,Yes,0,Graduate,No,26973,46487,150,480,1,Semiurban,Y
Male,Yes,1,Not Graduate,No,96629,8588,52,360,0,Semiurban,N
Male,No,1,Graduate,No,77867,11900,324,360,1,Semiurban,Y
Female,Yes,0,Graduate,Yes,34425,36193,51,180,0,Urban,N
Male,No,0,Graduate,No,68770,1366,261,300,1,Rural,Y
Female,Yes,3,Not Graduate,No,77256,53369,76,240,1,Rural,Y
Male,Yes,1,Graduate,No,107690,34212,185,120,1,Urban,Y
Female,No,0,Graduate,No,85113,5985,279,300,0,Urban,N
Male,No,1,Not Graduate,No,101009,11175,283,120,0,Urban,N
Female,Yes,2,Graduate,No,62909,45078,217,360,1,Semiurban,Y
Female,No,0,Graduate,No,103967,7035,259,360,1,Rural,Y
Male,No,0,Not Graduate,No,86589,7717,290,300,0,Urban,N
Male,Yes,0,Not Graduate,No,68372,20182,116,240,1,Urban,Y
Female,Yes,0,Graduate,No,46068,22032,255,240,1,Urban,Y
Male,Yes,0,Not Graduate,No,87631,16552,104,180,1,Rural,Y
Female,Yes,0,Graduate,Yes,113764,25525,213,300,1,Urban,Y
Female,No,3,Graduate,No,35167,6678,125,360,1,Semiurban,Y
Female,Yes,3,Graduate,No,25019,18792,150,360,1,Urban,Y
Male,Yes,3,Not Graduate,No,50015,29674,70,360,1,Rural,Y
Female,Yes,2,Graduate,No,28855,14616,291,180,1,Semiurban,Y
Female,Yes,0,Graduate,No,82834,40264,77,360,1,Semiurban,Y
Female,Yes,1,Graduate,No,30643,42234,285,360,1,Rural,Y
Female,Yes,2,Graduate,No,106230,45391,309,360,1,Urban,Y
Female,No,3,Graduate,No,19055,3766,341,360,1,Rural,Y
Female,Yes,3,Graduate,Yes,23848,16789,149,240,0,Rural,N
Female,No,1,Graduate,No,51426,2018,54,360,1,Rural,Y
Male,No,0,Not Graduate,No,84298,6336,236,360,1,Rural,Y
Male,No,0,Graduate,Yes,42019,4888,135,360,1,Urban,Y
Female,Yes,0,Not Graduate,No,103982,20755,93,360,1,Urban,Y
Female,Yes,3,Not Graduate,No,41639,9806,109,360,1,Rural,Y
Female,No,2,Graduate,No,72614,4487,74,240,1,Urban,Y
Male,Yes,0,Graduate,No,28224,56088,279,240,1,Urban,Y
Female,No,0,Graduate,No,62316,3177,52,480,0,Rural,N
Female,No,3,Graduate,No,87849,2159,117,360,1,Semiurban,Y
Male,Yes,0,Not Graduate,Yes,99506,21096,71,240,0,Semiurban,N
Male,Yes,1,Graduate,No,78040,29980,146,360,1,Urban,Y
Female,No,1,Graduate,No,82381,11985,221,300,1,Semiurban,Y
Male,Yes,3,Graduate,No,73976,33627,267,240,1,Urban,Y
Female,No,2,Graduate,No,109743,1566,118,360,1,Rural,Y
Female,Yes,3,Not Graduate,No,32700,57858,113,180,1,Semiurban,Y
Female,Yes,1,Graduate,No,63201,30929,333,360,1,Rural,Y
Male,Yes,0,Not Graduate,Yes,31320,41411,324,360,1,Urban,Y
Male,No,1,Graduate,No,45227,7388,254,300,0,Urban,N
Female,Yes,1,Graduate,No,56027,39362,313,360,0,Rural,N
Male,Yes,0,Graduate,No,74266,33753,320,360,1,Semiurban,Y
Female,No,2,Graduate,Yes,62877,9499,67,360,1,Urban,Y
Female,Yes,0,Not Graduate,No,92936,1210,145,480,1,Semiurban,Y
Female,Yes,1,Not Graduate,No,55216,15062,60,240,1,Urban,Y
Female,No,1,Graduate,Yes,76642,9474,119,300,1,Urban,Y
Male,No,2,Graduate,Yes,41406,2350,241,240,1,Semiurban,Y
Female,No,2,Graduate,No,22351,6921,138,300,1,Urban,Y
Male,Yes,2,Not Graduate,No,97376,17796,208,360,1,Urban,Y
Male,Yes,2,Graduate,Yes,102606,4623,249,360,1,Urban,Y
Male,Yes,1,Graduate,No,76189,15169,57,480,1,Urban,Y
Male,No,1,Not Graduate,Yes,36942,14176,302,240,1,Urban,Y
Male,No,2,Graduate,No,14687,1680,131,180,1,Rural,Y
Male,No,2,Graduate,Yes,56186,5974,66,180,1,Urban,Y
Male,No,1,Graduate,No,68080,7491,274,300,1,Rural,Y
Male,Yes,0,Not Graduate,Yes,48992,34270,98,300,0,Urban,N
Male,Yes,1,Not Graduate,Yes,111113,19943,244,180,1,Rural,Y
Male,No,2,Graduate,No,93453,2120,186,360,1,Rural,Y
Male,Yes,2,Graduate,No,113140,1888,310,360,1,Urban,Y
Female,Yes,1,Not Graduate,No,94151,47350,206,480,1,Semiurban,Y
Female,Yes,0,Graduate,No,89513,46751,134,360,1,Urban,Y
Male,Yes,0,Graduate,No,101808,40261,197,300,1,Semiurban,Y
Male,No,0,Graduate,No,106556,11506,258,360,1,Urban,Y
Male,No,3,Graduate,Yes,48244,3644,317,360,1,Rural,Y
Male,Yes,3,Graduate,No,47410,31150,273,120,1,Urban,Y
Male,Yes,0,Graduate,No,61179,10156,266,180,1,Urban,Y
Female,Yes,3,Graduate,No,72691,58967,251,360,0,Urban,N
Female,No,0,Not Graduate,No,75001,12397,320,240,1,Urban,Y
Male,Yes,2,Not Graduate,No,113168,48844,140,360,1,Semiurban,Y
Male,Yes,1,Graduate,No,114888,6945,118,360,1,Semiurban,Y
Male,Yes,2,Graduate,No,84575,30249,279,360,1,Urban,Y
Male,Yes,2,Graduate,No,27961,11633,284,300,0,Semiurban,N
Female,No,1,Graduate,No,30769,5302,316,480,1,Urban,Y
Male,Yes,3,Graduate,Yes,62748,22768,250,360,1,Rural,Y
Female,No,0,Graduate,No,26528,5813,115,360,1,Semiurban,Y
Female,Yes,1,Graduate,No,61194,9077,58,360,1,Urban,Y
Female,Yes,3,Graduate,No,100291,36687,86,240,1,Semiurban,Y
Female,Yes,3,Graduate,No,59896,42583,84,240,0,Urban,Y
Female,Yes,1,Not Graduate,No,30081,19013,74,300,1,Urban,Y
Female,No,2,Not Graduate,No,96230,6246,258,120,1,Urban,Y
Female,Yes,1,Graduate,No,97583,33023,93,300,1,Semiurban,Y
Male,Yes,1,Graduate,No,26065,26981,327,360,1,Semiurban,Y
Male,Yes,1,Graduate,No,80768,57582,97,240,1,Urban,Y
Female,No,3,Graduate,No,105550,7900,332,180,1,Rural,Y
Female,No,2,Graduate,No,62321,13159,94,360,1,Urban,Y
Male,Yes,1,Not Graduate,No,52056,18671,150,240,1,Urban,Y
Male,Yes,0,Not Graduate,No,109933,50880,187,360,0,Semiurban,N
Male,Yes,0,Graduate,No,22108,58588,259,480,1,Urban,Y
Male,Yes,1,Not Graduate,No,111932,50658,88,300,1,Semiurban,Y
Female,No,3,Graduate,No,41821,279,281,240,1,Urban,Y
Female,Yes,2,Graduate,No,77040,13258,56,180,1,Semiurban,Y
Female,Yes,1,Not Graduate,No,74287,19146,240,360,1,Semiurban,Y
Female,Yes,1,Graduate,No,41666,45128,335,120,1,Semiurban,Y
Male,No,1,Not Graduate,No,57516,12066,282,240,0,Urban,N
Female,No,1,Graduate,No,29175,8673,91,300,1,Urban,Y
Male,Yes,2,Graduate,No,75053,57192,256,240,0,Urban,N
Female,No,1,Not Graduate,No,71092,6443,317,300,1,Urban,Y
Female,Yes,3,Graduate,No,22510,44187,296,300,1,Urban,Y
Female,Yes,1,Not Graduate,No,113215,41335,226,180,0,Urban,N
Male,No,0,Graduate,No,31970,1931,67,360,0,Rural,N
Male,Yes,1,Not Graduate,No,33306,50583,282,360,1,Rural,Y
Male,Yes,2,Graduate,No,76504,13071,83,360,1,Urban,Y
Male,Yes,1,Graduate,Yes,18049,2928,270,300,1,Semiurban,Y
Female,Yes,3,Not Graduate,No,95673,19773,289,360,1,Urban,Y
Male,No,2,Graduate,No,58762,4795,90,360,1,Urban,Y
Female,Yes,1,Graduate,No,100844,25776,227,480,1,Rural,Y
Male,Yes,0,Graduate,No,64438,34994,221,360,1,Rural,Y
Male,Yes,1,Not Graduate,No,93784,59136,294,360,1,Urban,Y
Female,Yes,0,Graduate,No,39640,18692,123,120,1,Semiurban,Y
Female,No,0,Not Graduate,Yes,106953,7029,263,360,1,Rural,Y
Male,No,1,Graduate,Yes,68853,7920,105,180,1,Urban,Y
Female,Yes,3,Graduate,No,91850,35348,51,360,1,Semiurban,Y
Female,Yes,1,Not Graduate,Yes,41445,27651,258,360,1,Rural,Y
Male,Yes,3,Graduate,Yes,43144,56215,60,360,1,Rural,Y
Female,No,1,Graduate,No,50621,8678,330,180,1,Urban,Y
Male,Yes,1,Graduate,No,86241,45251,204,480,1,Urban,Y
Male,Yes,1,Graduate,No,62529,5854,253,240,1,Rural,Y
Male,Yes,0,Graduate,Yes,100565,55732,350,300,1,Urban,Y
Male,Yes,0,Graduate,No,104589,300,334,300,1,Semiurban,Y
Male,No,0,Graduate,Yes,41409,13844,318,360,0,Urban,N
Male,Yes,1,Graduate,No,73618,54894,145,360,1,Rural,Y
Male,Yes,2,Graduate,No,59925,38385,81,360,1,Urban,Y
Male,No,1,Graduate,No,76393,3042,145,240,1,Urban,Y
Female,No,2,Not Graduate,No,28365,894,99,480,1,Rural,Y
Male,Yes,0,Graduate,No,45397,51875,184,120,1,Semiurban,Y
Male,No,1,Graduate,Yes,18904,14347,301,360,1,Urban,Y
Female,Yes,0,Not Graduate,No,117335,57694,222,360,1,Urban,Y
Male,No,2,Graduate,No,108466,993,226,180,1,Semiurban,Y
Male,Yes,0,Not Graduate,No,12275,34490,303,480,1,Urban,Y
Female,Yes,0,Not Graduate,No,19799,58241,233,300,1,Semiurban,Y
Female,Yes,0,Graduate,No,115479,57991,295,360,1,Urban,Y
Male,Yes,2,Graduate,No,92651,35262,86,360,0,Urban,Y
Female,Yes,0,Not Graduate,No,35733,46025,270,360,1,Urban,Y
Female,Yes,1,Graduate,No,22388,2481,134,300,1,Semiurban,Y
Male,Yes,2,Graduate,No,87851,5679,205,360,1,Rural,Y
Male,Yes,2,Graduate,Yes,55191,52505,176,480,1,Semiurban,Y
Male,Yes,1,Graduate,No,72640,9349,340,360,1,Urban,Y
Female,No,0,Not Graduate,No,17353,4958,122,360,1,Semiurban,Y
Male,No,0,Graduate,No,100349,12096,284,360,1,Semiurban,Y
Female,No,1,Graduate,No,31553,6112,175,360,1,Semiurban,Y
Male,Yes,1,Not Graduate,No,41594,8030,285,360,1,Semiurban,Y
Female,No,0,Graduate,No,34340,10995,164,240,1,Urban,Y
Female,No,3,Graduate,No,31953,10377,102,300,0,Rural,N
Female,Yes,0,Graduate,No,94706,51511,271,240,0,Semiurban,N
Female,Yes,2,Graduate,No,76999,32664,219,240,1,Rural,Y
Male,No,2,Graduate,No,28958,4511,291,360,0,Semiurban,N
Male,No,2,Graduate,No,26966,9954,316,360,1,Urban,Y
Female,Yes,2,Graduate,No,102756,5823,226,360,1,Urban,Y
Male,No,0,Graduate,No,48457,5590,109,360,1,Rural,Y
Male,Yes,0,Graduate,No,117221,40421,57,180,1,Rural,Y
Female,Yes,0,Graduate,No,72822,7821,161,180,1,Rural,Y
Female,No,1,Graduate,No,112976,8667,295,300,1,Semiurban,Y
Male,Yes,0,Graduate,No,106798,54087,234,480,0,Urban,N
Male,Yes,3,Not Graduate,No,60852,59461,187,240,1,Urban,Y
Male,Yes,0,Graduate,No,115815,12788,304,360,1,Rural,Y
Male,Yes,3,Not Graduate,No,77803,33607,330,360,1,Rural,Y
Female,No,1,Graduate,No,59104,12022,161,360,0,Urban,Y
Female,Yes,0,Graduate,No,90352,26308,203,360,1,Rural,Y
Female,Yes,1,Not Graduate,No,51299,9797,224,240,1,Urban,Y
Male,Yes,1,Graduate,Yes,96888,43814,326,300,1,Urban,Y
Male,No,3,Graduate,Yes,58382,7013,224,300,0,Semiurban,N
Female,Yes,1,Graduate,No,68311,4578,347,180,0,Rural,N
Female,Yes,3,Graduate,No,82907,2102,234,360,1,Rural,Y
Male,Yes,1,Graduate,No,42874,52918,111,360,1,Semiurban,Y
Female,Yes,0,Graduate,No,58481,26633,164,360,1,Semiurban,Y
Male,No,3,Graduate,Yes,107369,12904,97,300,1,Urban,Y
Male,Yes,1,Not Graduate,No,44489,1792,215,180,1,Urban,Y
Male,Yes,1,Graduate,No,93943,37676,264,360,1,Urban,Y
Male,No,0,Graduate,No,109107,14958,280,300,1,Urban,Y
Female,Yes,2,Graduate,No,47889,21289,309,240,1,Semiurban,Y
Male,No,2,Graduate,No,13292,685,164,360,1,Urban,Y
Female,No,0,Graduate,No,59968,4054,73,480,0,Semiurban,N
Male,Yes,0,Graduate,Yes,89027,22541,118,180,1,Semiurban,Y
Female,No,0,Graduate,No,66736,10671,171,300,1,Semiurban,Y
Male,Yes,1,Not Graduate,No,60152,5313,180,240,0,Rural,N
Female,No,1,Graduate,No,82179,14492,203,300,0,Urban,N
Male,Yes,0,Not Graduate,No,12190,37719,96,360,1,Semiurban,Y
Female,Yes,1,Graduate,No,60606,40774,202,180,1,Semiurban,Y
Female,Yes,0,Graduate,No,47499,43930,189,360,1,Urban,Y
Female,No,1,Graduate,No,20715,2628,175,240,1,Urban,Y
Female,Yes,1,Not Graduate,Yes,23732,23416,63,300,1,Semiurban,Y
Female,Yes,0,Graduate,No,113845,12154,71,360,1,Urban,Y
Male,Yes,0,Not Graduate,No,100239,39250,330,360,1,Semiurban,Y
Female,Yes,0,Graduate,No,31536,13626,70,360,1,Urban,Y
Male,Yes,1,Graduate,No,45299,37871,304,360,0,Urban,N
Female,No,0,Graduate,No,117994,5216,215,360,1,Urban,Y
Female,Yes,3,Graduate,No,49870,15722,330,300,0,Urban,N
Female,Yes,1,Graduate,No,97240,7788,202,300,1,Semiurban,Y
Male,Yes,2,Graduate,No,77127,21755,298,360,1,Urban,Y
Female,No,1,Graduate,No,87079,5566,316,240,1,Urban,Y
Female,No,2,Graduate,No,62983,5635,172,300,0,Rural,N
Female,Yes,1,Graduate,No,63954,35938,170,480,1,Urban,Y
Male,Yes,3,Graduate,No,46319,41580,301,360,1,Urban,Y
Female,Yes,1,Graduate,No,83294,14740,203,120,0,Urban,N
Female,Yes,2,Graduate,No,114075,41378,197,300,1,Urban,Y
Female,Yes,0,Graduate,No,69281,59756,151,300,1,Urban,Y
Male,Yes,0,Graduate,No,106565,37682,70,240,1,Urban,Y
Female,No,2,Graduate,No,94169,12846,158,180,1,Urban,Y
Male,Yes,0,Not Graduate,Yes,83133,32053,291,240,1,Rural,Y
Male,No,3,Graduate,No,85273,9853,314,180,1,Semiurban,Y
Female,No,2,Graduate,No,68343,8345,309,240,1,Urban,Y
Male,Yes,0,Graduate,No,81784,4327,142,300,1,Semiurban,Y
Male,Yes,3,Graduate,No,90109,15087,193,300,1,Semiurban,Y
Female,Yes,0,Not Graduate,No,53492,53464,159,360,1,Urban,Y
Male,Yes,3,Not Graduate,No,60328,34157,194,360,1,Urban,Y
Male,Yes,0,Graduate,Yes,106438,39866,119,300,1,Rural,Y
Female,Yes,0,Graduate,No,102392,23868,236,300,1,Semiurban,Y
Male,No,3,Graduate,No,61401,14263,96,300,1,Semiurban,Y
Female,Yes,1,Graduate,No,45709,41250,95,180,1,Urban,Y
Male,Yes,1,Graduate,Yes,54155,43016,294,240,0,Semiurban,N
Female,No,0,Graduate,No,109596,3519,96,300,1,Rural,Y
Male,Yes,0,Graduate,No,57097,25224,164,360,1,Rural,Y
Male,No,1,Graduate,No,15305,12451,65,480,1,Urban,Y
Male,No,1,Graduate,Yes,64149,14422,118,300,1,Rural,Y
Female,Yes,0,Graduate,Yes,77921,20358,306,240,1,Rural,Y
Male,No,1,Not Graduate,No,31471,1274,181,180,1,Urban,Y
Female,Yes,1,Not Graduate,Yes,68694,31449,106,300,1,Semiurban,Y
Female,No,2,Graduate,No,86275,9818,88,360,1,Urban,Y
Male,Yes,1,Graduate,No,115476,22554,51,360,1,Rural,Y
Male,No,1,Graduate,Yes,79366,2646,190,360,0,Semiurban,N
Male,Yes,0,Graduate,No,48397,20060,206,480,1,Urban,Y
Female,Yes,1,Graduate,No,86403,7945,177,180,1,Rural,Y
Female,Yes,0,Graduate,No,81617,6113,229,360,1,Rural,Y
Male,Yes,1,Not Graduate,No,65972,25179,66,360,1,Urban,Y
Male,Yes,1,Graduate,No,55080,46551,134,240,1,Semiurban,Y
Female,Yes,0,Graduate,No,98386,6731,78,360,0,Rural,N
Male,No,0,Graduate,No,19425,8374,100,240,1,Rural,Y
Female,Yes,3,Graduate,No,111422,24516,112,480,1,Rural,Y
Male,Yes,1,Graduate,No,78554,29855,250,300,1,Rural,Y
Female,No,0,Graduate,No,114407,5786,221,360,0,Rural,N
Male,No,1,Graduate,No,68907,868,108,300,1,Rural,Y
Male,No,0,Graduate,No,116207,11320,195,300,0,Semiurban,N
Female,Yes,0,Graduate,No,83727,43373,57,360,1,Urban,Y
Female,No,1,Not Graduate,Yes,98914,9918,189,360,1,Rural,Y
Female,No,1,Graduate,No,16888,14098,287,360,1,Semiurban,Y
Male,Yes,0,Not Graduate,Yes,98971,34301,285,360,1,Semiurban,Y
Female,Yes,3,Graduate,No,20826,27761,214,300,1,Semiurban,Y
Female,Yes,2,Graduate,No,107875,27882,331,240,1,Semiurban,Y
Female,Yes,1,Graduate,No,19910,4324,222,480,1,Semiurban,Y
Female,No,1,Not Graduate,No,23723,1731,328,360,1,Urban,Y
Female,No,1,Graduate,No,19290,9166,214,180,1,Rural,Y
Female,Yes,1,Graduate,No,86887,20739,198,120,1,Rural,Y
Male,No,0,Graduate,No,37739,10043,245,360,1,Urban,Y
Male,No,1,Graduate,No,14871,744,104,300,0,Urban,N
Male,Yes,0,Graduate,Yes,40990,34024,277,360,1,Semiurban,Y
Male,Yes,1,Not Graduate,No,63440,54028,76,240,1,Rural,Y
Male,No,1,Not Graduate,No,31742,5726,340,360,1,Urban,Y
Female,Yes,3,Graduate,No,59142,13060,142,360,1,Rural,Y
Male,Yes,1,Not Graduate,No,96869,976,236,480,1,Rural,Y
Male,Yes,2,Graduate,No,115334,54134,81,480,1,Semiurban,Y
Male,No,1,Graduate,No,28124,14013,276,480,1,Rural,Y
Female,Yes,1,Graduate,No,112250,5525,349,480,1,Rural,Y
Male,Yes,1,Not Graduate,Yes,47310,49488,279,180,1,Semiurban,Y
Male,No,1,Graduate,No,75990,44,337,480,1,Urban,Y
Male,Yes,0,Graduate,No,47059,18588,177,180,0,Urban,N
Male,No,0,Not Graduate,No,73833,10700,185,360,1,Urban,Y
Female,No,2,Graduate,No,115994,9653,313,240,1,Semiurban,Y
Male,No,0,Not Graduate,No,71890,1714,204,360,1,Semiurban,Y
Male,No,2,Graduate,Yes,115634,9000,117,480,1,Semiurban,Y
Female,Yes,3,Graduate,No,48718,33178,332,360,1,Semiurban,Y
Female,Yes,3,Graduate,No,82417,26122,180,240,1,Urban,Y
Female,No,0,Graduate,No,103802,12810,298,240,1,Rural,Y
Female,No,3,Graduate,No,31677,4421,226,120,1,Semiurban,Y
Male,Yes,1,Graduate,No,84687,6887,101,360,1,Urban,Y
Male,Yes,3,Graduate,No,106421,10681,259,360,1,Semiurban,Y
Female,Yes,0,Graduate,No,114724,20447,84,360,0,Urban,Y
Female,Yes,1,Graduate,No,12553,43542,226,360,0,Semiurban,N
Female,Yes,1,Graduate,Yes,76429,11330,191,360,1,Rural,Y
Male,No,2,Graduate,No,86632,8041,68,300,1,Urban,Y
Male,Yes,1,Not Graduate,No,74328,4803,345,360,1,Semiurban,Y
Male,Yes,0,Graduate,No,23994,6505,192,120,1,Rural,Y
Male,No,2,Not Graduate,No,89725,163,303,180,1,Urban,Y
Female,Yes,0,Graduate,No,30740,19506,300,180,1,Urban,Y
Male,Yes,0,Graduate,No,111582,6374,265,360,1,Rural,Y
Female,No,3,Graduate,No,33369,4318,110,240,1,Rural,Y
Female,Yes,1,Graduate,No,22420,53335,306,120,1,Semiurban,Y
Male,Yes,0,Not Graduate,No,95448,37897,294,360,1,Urban,Y
Female,Yes,1,Graduate,No,61431,26002,275,360,0,Semiurban,N
Male,Yes,1,Graduate,No,114835,47601,192,480,1,Urban,Y
Male,Yes,1,Graduate,No,38162,45989,119,360,1,Rural,Y
Male,Yes,1,Graduate,No,79330,12559,211,480,1,Urban,Y
Male,No,3,Graduate,No,112087,4797,254,360,1,Semiurban,Y
Male,Yes,1,Graduate,No,16347,2383,214,300,1,Rural,Y
Male,Yes,0,Graduate,No,89382,21751,80,360,0,Rural,N
Female,No,1,Graduate,No,48076,612,114,360,1,Urban,Y
Male,Yes,0,Graduate,No,54115,169,147,480,1,Rural,Y
Male,Yes,3,Graduate,No,109066,24141,342,360,0,Urban,N
Female,Yes,1,Graduate,No,61686,53092,73,180,1,Semiurban,Y
Male,Yes,1,Graduate,No,58548,13178,325,240,1,Urban,Y
Male,Yes,0,Graduate,No,21602,20417,329,180,1,Rural,Y
Female,No,1,Graduate,No,27139,1936,302,240,1,Urban,Y
Male,Yes,2,Graduate,Yes,38752,23758,216,360,1,Rural,Y
Male,Yes,2,Graduate,No,117975,51015,88,480,0,Urban,N
Male,Yes,2,Graduate,No,91252,7291,153,480,0,Rural,N
Male,Yes,1,Not Graduate,No,112015,25167,51,180,0,Semiurban,N
Male,Yes,0,Graduate,No,90114,36561,194,240,1,Urban,Y
Male,Yes,0,Graduate,No,38486,55726,146,300,1,Semiurban,Y
Female,No,0,Not Graduate,No,77721,481,51,300,1,Urban,Y
Male,Yes,0,Graduate,No,67809,36607,242,180,1,Rural,Y
Female,No,1,Graduate,No,74821,13303,155,120,1,Urban,Y
Male,Yes,3,Graduate,No,116208,16274,248,300,1,Urban,Y
Male,No,2,Graduate,No,63973,4047,154,360,1,Urban,Y
Male,Yes,0,Graduate,No,105146,23500,147,360,1,Urban,Y
Female,No,1,Graduate,Yes,116188,8726,311,180,1,Semiurban,Y
Female,Yes,0,Graduate,No,51980,30166,287,480,1,Semiurban,Y
Male,Yes,1,Not Graduate,No,89186,52032,129,240,1,Rural,Y
Male,No,2,Graduate,No,40216,12414,176,360,1,Rural,Y
Female,Yes,2,Not Graduate,No,104204,9674,167,360,1,Semiurban,Y
Female,No,2,Graduate,No,58514,12948,181,360,1,Semiurban,Y
Male,No,2,Graduate,No,83105,6740,308,360,1,Semiurban,Y
Female,Yes,1,Graduate,No,119444,41368,140,360,1,Urban,Y
Female,Yes,3,Graduate,No,86181,48048,227,360,0,Urban,N
Female,Yes,2,Graduate,No,70382,30849,132,360,1,Semiurban,Y
Female,No,0,Not Graduate,No,70613,12769,50,360,0,Urban,N
Female,Yes,1,Graduate,No,29503,44741,314,240,1,Semiurban,Y
Female,No,1,Graduate,Yes,59328,5340,96,480,0,Rural,N
Female,Yes,0,Not Graduate,No,52082,49268,207,360,0,Rural,N
Male,Yes,0,Graduate,No,73511,1546,205,300,1,Urban,Y
Female,No,2,Graduate,Yes,115038,8348,144,180,0,Urban,N
Male,No,3,Graduate,No,112997,10110,277,480,1,Urban,Y
Female,Yes,2,Graduate,No,59975,23735,309,360,1,Rural,Y
Female,Yes,2,Graduate,No,79217,52639,314,480,1,Urban,Y
Male,Yes,1,Graduate,Yes,59838,41333,349,360,1,Semiurban,Y
Female,No,2,Graduate,No,54126,4823,307,360,1,Urban,Y
Male,Yes,1,Graduate,No,64708,29355,172,240,1,Rural,Y
Male,Yes,2,Graduate,No,39013,3352,51,360,1,Semiurban,Y
Female,No,1,Not Graduate,No,36762,2172,241,360,1,Rural,Y
Male,Yes,0,Graduate,No,73964,17691,335,360,1,Urban,Y
Female,Yes,1,Graduate,No,79700,28014,77,180,1,Semiurban,Y
Male,Yes,0,Graduate,No,14603,21867,165,480,1,Semiurban,Y
Female,Yes,0,Graduate,No,73482,25576,113,300,1,Rural,Y
Male,Yes,3,Graduate,No,85515,52165,335,240,1,Urban,Y
Male,Yes,1,Graduate,No,110206,45386,339,300,1,Rural,Y
Male,Yes,0,Graduate,No,45802,3300,292,360,1,Urban,Y
Female,Yes,0,Graduate,Yes,55071,41022,221,240,0,Semiurban,N
Male,No,1,Graduate,No,26882,5929,332,180,1,Urban,Y
Male,Yes,0,Graduate,No,93331,21186,113,300,1,Rural,Y
Male,Yes,2,Graduate,No,86022,27697,64,360,0,Rural,N
Male,Yes,3,Graduate,No,13586,43075,337,360,1,Urban,Y
Male,No,2,Graduate,No,15667,5813,98,180,1,Semiurban,Y
Female,Yes,2,Graduate,No,48759,2667,282,360,1,Rural,Y
Male,Yes,0,Graduate,Yes,50112,28393,105,300,1,Urban,Y
Female,Yes,0,Graduate,No,50474,57572,332,360,1,Semiurban,Y
Male,No,1,Graduate,No,95367,2858,291,240,1,Rural,Y
Female,No,1,Graduate,No,65643,14861,187,300,1,Semiurban,Y
Female,Yes,3,Not Graduate,No,93200,24563,301,360,1,Urban,Y
Male,Yes,1,Graduate,No,45655,53655,180,360,1,Semiurban,Y
Female,Yes,3,Graduate,No,97330,47153,81,360,1,Rural,Y
Male,Yes,3,Graduate,No,52577,42966,247,360,0,Urban,N
Male,Yes,0,Graduate,Yes,44758,29135,259,360,0,Urban,N
Male,No,3,Graduate,No,103104,10616,162,300,1,Urban,Y
Female,Yes,1,Graduate,No,115204,16581,180,300,0,Rural,N
Male,Yes,1,Graduate,No,103018,4213,338,360,1,Rural,Y
Male,Yes,0,Graduate,No,29282,26346,231,360,1,Rural,Y
Male,Yes,1,Graduate,No,101185,57537,55,360,1,Rural,Y
Female,Yes,0,Not Graduate,No,72011,58756,277,240,1,Urban,Y
Female,No,3,Graduate,Yes,111011,4570,338,240,1,Semiurban,Y
Male,No,1,Graduate,No,105255,13945,86,360,0,Semiurban,Y
Male,Yes,1,Graduate,Yes,115944,11141,213,360,1,Semiurban,Y
Female,No,1,Graduate,No,53115,1872,227,360,1,Semiurban,Y
Male,Yes,1,Not Graduate,No,73994,8804,166,360,1,Rural,Y
Male,Yes,3,Graduate,No,110101,49198,74,300,0,Rural,N
Male,Yes,3,Graduate,No,53697,35087,287,480,1,Urban,Y
Male,Yes,3,Graduate,No,65277,31359,177,180,1,Urban,Y
Female,Yes,3,Not Graduate,No,35070,35902,290,240,1,Semiurban,Y
Male,Yes,0,Graduate,No,27187,26414,273,240,1,Rural,Y
Male,Yes,0,Graduate,No,97684,52954,185,240,1,Semiurban,Y
Female,Yes,2,Graduate,No,98620,26425,309,360,1,Semiurban,Y
Male,No,0,Graduate,No,109074,3759,146,360,0,Urban,Y
Male,Yes,0,Graduate,No,81729,51048,227,300,0,Semiurban,N
Female,Yes,0,Graduate,No,101783,50192,199,480,1,Rural,Y
Male,Yes,2,Graduate,No,110803,18863,98,300,1,Urban,Y
Female,Yes,0,Not Graduate,No,116574,8193,109,180,0,Semiurban,N
Female,Yes,3,Not Graduate,Yes,82170,50278,216,300,0,Rural,N
Male,Yes,0,Not Graduate,No,69532,53093,122,240,0,Semiurban,N
Male,Yes,2,Not Graduate,No,72546,9560,127,300,1,Rural,Y
Female,No,0,Graduate,No,80428,11410,273,480,1,Urban,Y
Male,Yes,1,Graduate,No,87408,4417,199,360,1,Semiurban,Y
Female,No,1,Not Graduate,Yes,20540,11788,213,180,1,Urban,Y
Female,Yes,2,Graduate,No,103583,46750,292,180,1,Urban,Y
Female,Yes,2,Graduate,No,22253,16151,162,180,1,Urban,Y
Female,Yes,1,Graduate,Yes,16653,19903,173,360,0,Rural,N
Female,Yes,2,Graduate,No,107354,39479,172,120,1,Rural,Y
Female,Yes,0,Graduate,No,68167,24769,97,120,1,Semiurban,Y
Male,Yes,2,Not Graduate,No,24001,34681,153,360,1,Semiurban,Y
Female,Yes,1,Graduate,Yes,58743,1135,89,360,1,Semiurban,Y
Male,No,2,Graduate,No,62434,10586,88,240,1,Urban,Y
Female,No,3,Not Graduate,No,100692,1303,116,300,1,Semiurban,Y
Male,Yes,2,Not Graduate,No,115600,52754,158,360,1,Urban,Y
Female,Yes,0,Graduate,No,78273,38625,277,360,0,Urban,N
Female,Yes,2,Graduate,No,109253,48746,201,360,1,Semiurban,Y
Female,Yes,0,Graduate,No,91826,17857,53,240,1,Semiurban,Y
Male,Yes,0,Graduate,No,45351,47968,213,300,1,Urban,Y
Female,Yes,3,Graduate,No,28419,11080,310,300,0,Urban,N
Male,No,2,Graduate,Yes,53326,8649,270,360,1,Semiurban,Y
Male,Yes,1,Not Graduate,No,41789,7070,89,180,1,Urban,Y
Male,No,2,Not Graduate,No,105975,11275,77,360,1,Urban,Y
Male,No,1,Graduate,No,31901,1251,110,180,1,Urban,Y
Male,Yes,0,Graduate,No,40697,13540,73,360,0,Urban,N
Male,Yes,1,Not Graduate,No,119732,1376,132,120,1,Rural,Y
Male,Yes,1,Not Graduate,No,95340,7748,329,180,1,Rural,Y
Female,Yes,1,Not Graduate,No,106087,36769,54,300,1,Rural,Y
Female,Yes,3,Graduate,No,71936,26729,334,300,1,Urban,Y
Female,Yes,0,Graduate,No,87350,34710,245,240,1,Semiurban,Y
Male,Yes,1,Not Graduate,No,117843,31756,240,240,1,Rural,Y
Male,No,1,Graduate,No,23880,4934,287,300,1,Rural,Y
Male,No,0,Graduate,No,56022,14672,250,300,1,Semiurban,Y
Male,Yes,2,Not Graduate,No,45049,58166,224,480,1,Semiurban,Y
Male,Yes,0,Graduate,No,57165,44720,277,180,1,Urban,Y
Female,Yes,2,Graduate,No,23387,46119,199,300,1,Urban,Y
Female,No,0,Graduate,No,105353,5740,290,180,1,Urban,Y
Male,Yes,0,Graduate,No,95946,22242,263,120,0,Semiurban,N
Female,Yes,3,Graduate,No,59477,1500,204,240,1,Rural,Y
Female,Yes,2,Graduate,No,105476,44492,252,360,1,Urban,Y
Female,Yes,2,Graduate,No,29037,28329,159,360,1,Semiurban,Y
Male,No,1,Graduate,No,42675,10622,74,240,1,Semiurban,Y
Male,Yes,0,Graduate,No,40185,12790,202,480,1,Semiurban,Y
Male,Yes,0,Graduate,No,100096,53854,152,240,0,Rural,N
Female,No,3,Graduate,No,73594,11880,118,480,1,Urban,Y
Female,Yes,0,Not Graduate,No,109647,16864,60,360,1,Urban,Y
Male,Yes,2,Not Graduate,No,31945,24976,156,480,1,Urban,Y
Female,No,2,Not Graduate,No,56096,7695,292,360,1,Semiurban,Y
Male,Yes,0,Graduate,No,23834,33978,264,300,1,Semiurban,Y
Female,Yes,0,Graduate,No,24041,18534,339,300,1,Semiurban,Y
Male,Yes,0,Graduate,No,72708,5215,232,480,1,Rural,Y
Male,No,1,Graduate,No,85446,12520,121,300,1,Urban,Y
Female,Yes,1,Graduate,No,102761,52841,320,300,1,Urban,Y
Female,Yes,0,Graduate,No,26554,20396,278,240,1,Semiurban,Y
Female,Yes,0,Not Graduate,No,90653,35384,63,300,1,Urban,Y
Female,Yes,2,Graduate,No,47435,52276,131,360,1,Semiurban,Y
Female,Yes,2,Graduate,No,44831,54532,222,480,1,Rural,Y
Male,Yes,0,Graduate,No,110572,57800,66,300,1,Semiurban,Y
Female,Yes,0,Graduate,No,49486,2456,57,240,1,Urban,Y
Female,Yes,1,Graduate,No,12598,4527,342,300,1,Semiurban,Y
Female,Yes,1,Not Graduate,No,36548,32336,325,360,1,Semiurban,Y
Male,No,2,Not Graduate,No,90289,680,340,300,1,Semiurban,Y
Male,No,1,Not Graduate,No,42739,11461,174,360,0,Urban,N
Male,Yes,0,Graduate,No,22713,39947,221,360,1,Rural,Y
Female,Yes,1,Graduate,No,54129,26946,148,360,0,Urban,Y
Female,Yes,0,Graduate,No,80238,54384,197,360,1,Rural,Y
Male,No,3,Graduate,No,49596,2965,53,120,1,Semiurban,Y
Male,Yes,2,Graduate,No,24330,19410,139,360,1,Semiurban,Y
Male,No,0,Graduate,No,35346,10813,189,360,1,Rural,Y
Male,No,2,Graduate,No,53486,8055,164,360,0,Urban,N
Female,Yes,3,Graduate,No,75540,8987,93,360,1,Semiurban,Y
Male,Yes,0,Not Graduate,No,77013,42724,68,240,1,Rural,Y
Male,Yes,2,Not Graduate,No,14209,3903,248,360,1,Semiurban,Y
Female,No,0,Not Graduate,No,59457,5351,237,120,1,Urban,Y
Male,Yes,2,Graduate,No,117022,57913,203,240,1,Semiurban,Y
Male,Yes,1,Graduate,No,53648,43022,298,180,1,Urban,Y
Female,Yes,2,Graduate,No,61103,55052,105,480,1,Urban,Y
Male,Yes,0,Graduate,No,108110,37821,240,180,1,Urban,Y
Male,No,0,Not Graduate,No,40480,9323,345,360,1,Semiurban,Y
Female,No,2,Not Graduate,No,36460,8108,169,300,1,Urban,Y
Female,No,2,Graduate,No,18869,11311,93,360,0,Urban,N
Male,No,0,Graduate,No,50951,10851,141,360,0,Semiurban,N
Male,No,3,Not Graduate,No,27807,11660,205,360,1,Rural,Y
Female,No,2,Not Graduate,No,43661,353,104,360,1,Rural,Y
Male,Yes,0,Not Graduate,No,118674,28508,278,480,1,Urban,Y
Male,No,3,Graduate,No,85378,8549,120,360,1,Semiurban,Y
Female,No,1,Graduate,Yes,83706,3087,140,360,1,Rural,Y
Male,Yes,2,Not Graduate,No,29145,24461,114,180,0,Urban,N
Female,Yes,2,Graduate,Yes,111863,27894,277,480,1,Rural,Y
Female,No,3,Graduate,No,104419,310,99,240,1,Semiurban,Y
Male,Yes,0,Graduate,No,113228,41295,348,300,1,Semiurban,Y
Male,Yes,1,Graduate,No,84233,55041,273,360,1,Rural,Y
Male,No,3,Graduate,No,83187,11495,226,240,1,Urban,Y
Male,Yes,1,Not Graduate,No,53902,44958,81,180,1,Semiurban,Y
Male,Yes,2,Graduate,Yes,111141,1171,258,120,1,Semiurban,Y
Male,No,1,Graduate,No,16665,5595,272,300,1,Semiurban,Y
Female,Yes,0,Graduate,No,53106,53974,174,240,0,Urban,Y
Male,Yes,2,Graduate,No,66722,39410,282,360,1,Urban,Y
Male,No,0,Not Graduate,Yes,56675,11265,128,120,1,Urban,Y
Male,No,0,Graduate,No,58944,7161,232,360,0,Urban,N
Female,No,2,Not Graduate,No,16552,4113,201,360,0,Semiurban,N
Female,No,2,Graduate,No,116139,2295,58,360,1,Urban,Y
Male,Yes,1,Graduate,Yes,71339,58247,342,360,0,Semiurban,N
Female,No,0,Graduate,Yes,95312,9393,221,360,0,Rural,N
Female,Yes,3,Not Graduate,No,65783,48589,162,120,1,Rural,Y
Female,Yes,3,Not Graduate,No,81659,42746,244,360,1,Semiurban,Y
Male,Yes,3,Graduate,No,56095,47174,338,360,1,Urban,Y
Male,No,1,Graduate,No,32871,4008,103,480,1,Rural,Y
Female,No,2,Graduate,No,67834,14218,163,120,0,Urban,Y
Male,Yes,1,Not Graduate,Yes,63961,53870,201,120,1,Semiurban,Y
Female,No,1,Not Graduate,No,63104,11925,276,480,1,Rural,Y
Male,Yes,0,Graduate,No,118428,9742,238,360,0,Urban,N
Male,Yes,0,Not Graduate,No,119308,23852,263,360,1,Rural,Y
Female,Yes,1,Graduate,No,78683,25692,108,300,1,Semiurban,Y
Female,Yes,1,Graduate,No,36074,18395,349,360,0,Urban,N
Female,Yes,1,Graduate,No,22944,22587,262,240,1,Rural,Y
Female,Yes,1,Graduate,No,41279,45840,176,300,0,Urban,Y
Female,No,3,Graduate,No,17914,6024,159,240,0,Urban,N
Female,No,2,Not Graduate,Yes,100141,12117,235,480,1,Rural,Y
Male,Yes,1,Graduate,No,51520,36321,302,300,0,Semiurban,N
Female,No,3,Graduate,No,15361,3337,242,360,1,Urban,Y
Female,Yes,2,Graduate,Yes,24909,40741,122,180,1,Urban,Y
Female,No,1,Graduate,No,61527,14957,72,480,0,Semiurban,N
Female,No,3,Graduate,No,105387,7311,261,180,1,Semiurban,Y
Female,Yes,2,Not Graduate,No,27493,27307,180,120,1,Urban,Y
Male,No,0,Not Graduate,No,118753,5559,279,240,1,Semiurban,Y
Male,Yes,0,Graduate,No,24630,19742,318,360,1,Semiurban,Y
Female,No,1,Not Graduate,No,44015,3336,315,360,1,Rural,Y
Male,Yes,2,Graduate,No,75347,620,224,240,1,Rural,Y
Male,Yes,0,Graduate,No,100714,25262,79,300,1,Urban,Y
Female,Yes,1,Graduate,No,13763,35555,275,360,1,Urban,Y
Male,No,0,Graduate,No,62945,1218,252,300,1,Semiurban,Y
Male,No,1,Graduate,No,37404,9394,264,180,0,Rural,N
Male,Yes,1,Graduate,No,12798,20609,294,360,0,Semiurban,N
Female,Yes,2,Graduate,No,19010,11092,203,360,1,Semiurban,Y
Male,Yes,1,Graduate,No,42138,22172,194,360,0,Semiurban,N
Female,No,1,Graduate,No,15050,5602,274,480,1,Urban,Y
Male,Yes,1,Graduate,Yes,48339,45884,230,360,1,Semiurban,Y
Female,Yes,1,Graduate,No,18160,23508,106,180,0,Semiurban,N
Female,Yes,1,Not Graduate,No,43765,12896,151,480,1,Urban,Y
Male,Yes,2,Graduate,Yes,107528,41466,80,360,1,Urban,Y
Male,Yes,0,Not Graduate,No,35226,13183,214,300,1,Urban,Y
Male,Yes,3,Graduate,No,14173,58295,215,300,1,Rural,Y
Male,Yes,1,Graduate,No,92129,29545,118,360,1,Semiurban,Y
Male,No,1,Graduate,No,112063,3821,111,360,1,Urban,Y
Male,Yes,0,Not Graduate,No,17332,35988,343,300,1,Urban,Y
Female,No,1,Graduate,No,97882,8074,86,300,1,Rural,Y
Female,No,1,Graduate,No,14475,6681,91,120,1,Urban,Y
Male,Yes,0,Graduate,Yes,64307,32571,131,300,1,Urban,Y
Male,Yes,1,Not Graduate,No,15755,13582,189,480,1,Urban,Y
Female,No,2,Graduate,No,84676,5408,101,360,1,Semiurban,Y
Male,Yes,0,Graduate,No,44292,41493,243,300,1,Semiurban,Y
Male,No,2,Not Graduate,No,75238,7020,254,360,1,Urban,Y
Male,No,0,Graduate,No,71372,13025,302,240,1,Rural,Y
Male,Yes,0,Graduate,No,60761,44064,280,120,1,Semiurban,Y
Female,No,0,Graduate,No,79092,8836,295,360,1,Urban,Y
Female,Yes,1,Graduate,No,115009,29834,185,360,1,Urban,Y
Male,Yes,2,Not Graduate,No,15756,50563,289,300,1,Urban,Y
Male,Yes,2,Graduate,No,61259,29585,266,360,0,Rural,N
Female,Yes,0,Graduate,No,65896,49166,221,240,0,Semiurban,N
Female,Yes,2,Graduate,No,96587,543,237,240,0,Urban,N
Female,No,1,Not Graduate,No,76934,8237,70,240,0,Rural,N
Female,Yes,2,Graduate,No,101809,52599,208,240,1,Semiurban,Y
Female,Yes,3,Graduate,No,12872,36597,279,240,1,Urban,Y
Male,Yes,2,Graduate,No,62966,50209,316,300,1,Urban,Y
Female,Yes,3,Not Graduate,No,108104,32645,82,240,1,Rural,Y
Female,No,3,Not Graduate,No,15920,5355,255,300,0,Semiurban,N
Male,No,1,Not Graduate,Yes,112644,5572,302,360,1,Rural,Y
Female,Yes,1,Graduate,No,67905,54970,64,240,1,Urban,Y
Male,Yes,1,Graduate,No,75241,40059,345,480,0,Urban,N
Female,Yes,0,Graduate,Yes,89900,26940,312,240,1,Semiurban,Y
Male,No,3,Not Graduate,No,19634,8372,123,480,1,Urban,Y
Female,Yes,0,Graduate,No,14663,18116,278,360,1,Rural,Y
Male,Yes,0,Not Graduate,No,53370,35413,100,180,1,Semiurban,Y
Female,No,1,Graduate,No,69900,7234,288,360,1,Urban,Y
Female,Yes,0,Graduate,No,30655,42643,287,360,1,Rural,Y
Male,Yes,1,Graduate,No,101953,46853,193,360,0,Semiurban,N
Male,No,1,Graduate,Yes,79219,14531,165,300,1,Semiurban,Y
Female,Yes,1,Graduate,No,113333,33362,211,360,1,Urban,Y
Male,Yes,2,Graduate,No,35486,33010,303,300,1,Urban,Y
Female,Yes,2,Graduate,No,21986,20439,225,480,1,Semiurban,Y
Male,Yes,2,Not Graduate,No,38201,48683,153,300,1,Urban,Y
Female,Yes,2,Graduate,No,51219,20325,196,360,0,Rural,N
Male,Yes,0,Not Graduate,No,91978,38112,105,360,1,Urban,Y
Female,No,0,Graduate,No,110494,2673,338,480,1,Urban,Y
Female,Yes,3,Graduate,Yes,87349,3123,242,240,1,Rural,Y
Female,Yes,3,Graduate,No,31841,23117,257,240,1,Semiurban,Y
Male,No,3,Graduate,No,67553,6859,229,240,0,Rural,N
Female,No,0,Graduate,No,69651,770,84,360,1,Rural,Y
Female,No,3,Graduate,No,42623,14884,309,360,0,Urban,N
Female,No,1,Graduate,No,24190,1684,293,360,1,Semiurban,Y
Female,No,2,Graduate,Yes,20202,11761,291,360,1,Semiurban,Y
Female,No,3,Graduate,Yes,84070,9659,111,360,0,Urban,N
Male,Yes,0,Graduate,No,87375,23858,294,180,0,Rural,N
Male,No,0,Graduate,Yes,75855,11581,85,360,1,Urban,Y
Female,No,1,Not Graduate,Yes,19218,3173,277,480,0,Rural,N
Male,No,0,Not Graduate,No,19087,2322,285,360,1,Semiurban,Y
Male,Yes,1,Graduate,No,106855,56856,190,300,0,Rural,N
Female,Yes,2,Not Graduate,No,103968,59420,130,480,1,Urban,Y
Male,No,1,Graduate,Yes,42422,4736,122,360,1,Semiurban,Y
Female,Yes,0,Graduate,No,29171,32916,106,180,1,Urban,Y
Female,Yes,1,Graduate,No,37147,48499,228,480,1,Semiurban,Y
Female,No,2,Graduate,No,103764,8674,122,240,1,Rural,Y
Female,Yes,2,Graduate,Yes,76432,9737,151,360,1,Urban,Y
Male,Yes,2,Not Graduate,No,24147,50889,154,360,1,Urban,Y
Female,Yes,0,Not Graduate,No,50969,31869,215,300,1,Rural,Y
Male,Yes,2,Graduate,No,116404,55689,130,360,1,Semiurban,Y
Male,Yes,0,Graduate,No,73862,53629,332,300,1,Semiurban,Y
Female,No,2,Not Graduate,Yes,113679,5134,205,300,1,Urban,Y
Female,Yes,0,Graduate,No,102205,37715,226,240,1,Urban,Y
Female,No,0,Not Graduate,No,89539,5152,87,240,0,Rural,N
Female,Yes,3,Graduate,No,113779,9423,227,360,1,Urban,Y
Female,No,0,Graduate,No,78585,9434,231,240,0,Semiurban,N
Female,Yes,1,Graduate,Yes,76759,17663,333,360,0,Semiurban,N
Male,Yes,0,Graduate,No,46459,26063,85,120,1,Semiurban,Y
Male,Yes,3,Graduate,No,75488,39919,195,480,1,Rural,Y
Female,No,0,Graduate,Yes,111791,994,174,480,1,Rural,Y
Male,Yes,0,Graduate,Yes,59447,2594,79,480,1,Semiurban,Y
Male,No,1,Graduate,No,84885,14522,99,300,0,Urban,Y
Female,Yes,1,Graduate,Yes,101198,47139,110,300,0,Urban,N
Male,Yes,0,Graduate,No,81300,8546,316,360,1,Rural,Y
Female,No,0,Graduate,No,119002,9046,330,300,1,Rural,Y
Female,No,1,Graduate,No,83027,8959,285,360,1,Semiurban,Y
Male,Yes,0,Not Graduate,No,83989,26663,98,300,0,Urban,N
Male,No,0,Not Graduate,No,33101,2688,61,300,1,Urban,Y
Female,Yes,1,Graduate,No,23127,38810,206,360,1,Urban,Y
Male,Yes,0,Not Graduate,No,35152,28546,209,360,0,Semiurban,N
Male,Yes,0,Graduate,No,109439,28234,211,360,1,Semiurban,Y
Female,Yes,1,Graduate,No,73371,34815,150,300,0,Semiurban,Y
Male,Yes,0,Graduate,No,30139,27893,74,120,1,Semiurban,Y
Male,No,3,Graduate,Yes,39846,8600,319,480,0,Semiurban,N
Male,Yes,0,Graduate,No,109829,50779,262,300,1,Rural,Y
Male,Yes,1,Graduate,No,18173,47540,228,360,1,Rural,Y
Male,Yes,1,Graduate,No,15686,33465,240,360,1,Semiurban,Y
Female,Yes,2,Graduate,No,107079,55952,225,180,1,Rural,Y
Female,No,3,Graduate,No,63810,7659,71,240,1,Semiurban,Y
Male,Yes,1,Graduate,No,76599,59713,105,360,1,Urban,Y
Female,Yes,1,Graduate,No,27845,51620,303,300,1,Urban,Y
Female,Yes,2,Graduate,No,56474,39069,83,360,1,Rural,Y
Female,No,0,Not Graduate,No,92958,12178,78,300,1,Semiurban,Y
Female,Yes,0,Not Graduate,No,21178,58570,297,360,1,Semiurban,Y
Female,No,0,Graduate,No,94751,10968,238,360,1,Semiurban,Y
Male,Yes,1,Graduate,No,15066,29000,281,300,1,Rural,Y
Male,No,1,Graduate,No,63110,1694,67,240,1,Urban,Y
Male,Yes,3,Graduate,No,63186,34664,123,360,1,Semiurban,Y
Female,Yes,0,Graduate,No,85570,25174,109,480,1,Urban,Y
Female,Yes,2,Graduate,Yes,69511,19500,318,180,1,Urban,Y
Female,Yes,2,Graduate,No,66272,50554,160,360,1,Semiurban,Y
Male,No,0,Not Graduate,No,48608,14977,205,480,1,Urban,Y
Male,Yes,2,Graduate,No,73733,44434,282,180,1,Semiurban,Y
Female,Yes,2,Graduate,Yes,25684,7638,174,360,0,Rural,N
Female,Yes,0,Not Graduate,No,91384,51471,286,360,1,Rural,Y
Male,Yes,0,Graduate,No,71072,30930,122,360,1,Urban,Y
Male,Yes,0,Graduate,No,55407,1700,349,480,1,Semiurban,Y
Female,Yes,3,Not Graduate,No,86324,1723,143,360,1,Semiurban,Y
Female,Yes,1,Graduate,No,13449,17241,108,360,1,Urban,Y
Male,Yes,2,Not Graduate,No,29915,12506,305,360,1,Urban,Y
Male,Yes,0,Not Graduate,No,27190,44250,132,300,0,Semiurban,N
Female,Yes,0,Graduate,No,53615,2999,137,240,1,Semiurban,Y
Female,No,2,Graduate,No,61589,5868,76,240,1,Urban,Y
Male,Yes,0,Graduate,No,31524,28586,325,180,1,Urban,Y
Male,No,2,Graduate,No,30780,6627,138,120,1,Semiurban,Y
Female,Yes,1,Graduate,No,101036,30307,103,360,1,Rural,Y
Female,Yes,0,Graduate,No,73111,16036,266,300,1,Semiurban,Y
Female,Yes,0,Not Graduate,No,94917,22717,105,180,0,Rural,N
Male,No,1,Graduate,No,72103,1162,80,360,1,Rural,Y
Female,No,1,Graduate,No,78486,1405,319,360,0,Rural,N
Female,No,3,Graduate,No,71070,1267,117,480,1,Urban,Y
Female,Yes,0,Graduate,Yes,99828,31369,324,240,0,Semiurban,N
Male,No,3,Graduate,No,52223,3393,190,180,0,Semiurban,N
Female,Yes,3,Graduate,No,26189,32015,210,360,1,Semiurban,Y
Female,Yes,0,Graduate,No,20982,35321,267,360,1,Urban,Y
Female,No,0,Graduate,No,49993,3822,277,120,1,Rural,Y
Male,Yes,1,Graduate,No,70334,26704,96,480,1,Urban,Y
Female,Yes,2,Graduate,No,14919,46769,323,480,1,Urban,Y
Male,No,3,Not Graduate,Yes,30260,12649,249,300,1,Semiurban,Y
Male,Yes,0,Graduate,No,69182,23418,263,300,1,Urban,Y
Male,Yes,0,Graduate,No,71144,12685,267,240,1,Rural,Y
Male,No,2,Graduate,No,70424,7087,204,180,1,Rural,Y
Male,Yes,0,Not Graduate,Yes,93412,5440,176,360,1,Rural,Y
Male,Yes,2,Graduate,No,75666,47506,140,240,1,Rural,Y
Male,No,1,Graduate,No,118627,10514,166,240,1,Rural,Y
Female,No,0,Graduate,No,67887,7792,296,240,1,Urban,Y
Female,Yes,0,Not Graduate,No,59918,17779,339,360,1,Urban,Y
Male,No,2,Graduate,Yes,107822,2851,328,180,1,Semiurban,Y
Female,No,1,Not Graduate,No,52628,3035,337,240,1,Rural,Y
Male,Yes,0,Graduate,No,101343,43120,240,480,0,Semiurban,N
Female,No,1,Graduate,Yes,69801,3800,95,300,1,Urban,Y
Male,Yes,0,Graduate,No,69390,25673,296,480,1,Rural,Y
Male,Yes,1,Graduate,No,87190,3358,235,360,1,Urban,Y
Female,Yes,0,Not Graduate,No,113007,7555,84,360,1,Rural,Y
Female,Yes,0,Graduate,Yes,67382,39449,159,360,1,Urban,Y
Male,Yes,2,Graduate,No,101748,28785,136,180,1,Semiurban,Y
Male,Yes,1,Graduate,No,63084,18721,309,480,0,Semiurban,N
Male,Yes,3,Not Graduate,Yes,13030,4729,282,300,1,Semiurban,Y
Male,Yes,1,Graduate,No,73839,31817,62,180,1,Urban,Y
Male,No,1,Graduate,Yes,82625,3911,350,240,1,Urban,Y
Male,Yes,0,Not Graduate,No,76267,18217,73,180,1,Urban,Y
Male,Yes,1,Graduate,No,33912,14659,299,300,0,Semiurban,N
Male,Yes,1,Graduate,No,31073,18725,296,240,1,Rural,Y
Female,No,0,Not Graduate,No,40742,4992,170,240,1,Rural,Y
Male,Yes,0,Graduate,No,77391,42626,231,360,1,Urban,Y
Male,No,0,Graduate,No,117091,14335,92,360,1,Urban,Y
Male,Yes,3,Graduate,No,118495,55680,137,360,0,Urban,Y
Female,Yes,0,Graduate,No,16082,49858,162,360,1,Semiurban,Y
Male,No,2,Graduate,No,65412,7253,274,360,0,Urban,N
Female,Yes,2,Graduate,No,108098,20048,122,360,1,Semiurban,Y
Male,Yes,1,Graduate,No,38764,52496,179,360,1,Semiurban,Y
Female,No,1,Graduate,No,40689,8070,327,300,1,Semiurban,Y
Male,Yes,3,Graduate,No,31016,56362,265,240,0,Semiurban,N
Female,Yes,1,Graduate,No,26034,53810,295,180,1,Urban,Y
Male,No,2,Graduate,No,33875,12655,240,300,1,Urban,Y
Female,Yes,2,Graduate,No,46128,5450,89,360,1,Rural,Y
Male,Yes,2,Graduate,Yes,22881,29824,166,480,1,Urban,Y
Male,Yes,2,Graduate,No,82640,25812,334,360,1,Semiurban,Y
Male,No,0,Graduate,No,49200,8911,326,300,1,Semiurban,Y
Female,Yes,1,Not Graduate,No,93918,37309,219,360,0,Urban,N
Male,Yes,3,Graduate,No,80946,56385,147,300,0,Urban,Y
Female,Yes,0,Graduate,No,77619,48779,252,240,1,Urban,Y
Male,No,2,Not Graduate,No,54326,12785,150,240,1,Semiurban,Y
Female,No,3,Graduate,Yes,85149,6181,244,300,1,Urban,Y
Male,Yes,3,Graduate,No,113609,43829,179,480,1,Semiurban,Y
Male,Yes,1,Graduate,No,73918,36795,127,300,1,Semiurban,Y
Male,Yes,0,Graduate,No,109368,840,320,360,0,Urban,N
Male,No,0,Graduate,No,72229,4016,110,360,0,Rural,N
Male,Yes,1,Graduate,No,111948,10549,54,300,0,Urban,Y
Male,Yes,1,Graduate,No,14734,43503,301,180,0,Semiurban,N
Male,No,0,Graduate,No,95891,1548,70,180,1,Urban,Y
Female,No,3,Graduate,No,51646,9230,296,360,1,Semiurban,Y
Male,Yes,1,Graduate,No,100208,26566,268,360,1,Rural,Y
Male,Yes,0,Graduate,No,115543,59377,192,180,0,Urban,N
Male,Yes,0,Not Graduate,No,102986,11707,227,120,0,Rural,N
Male,Yes,0,Not Graduate,No,60816,2590,347,360,0,Rural,N
Female,Yes,0,Not Graduate,No,99286,18774,347,360,1,Semiurban,Y
Male,Yes,1,Graduate,No,114689,54077,246,240,1,Semiurban,Y
Female,Yes,2,Graduate,No,83466,17127,321,240,1,Urban,Y
Male,Yes,0,Graduate,No,25352,386,123,360,0,Semiurban,N
Male,Yes,2,Not Graduate,No,56134,34719,269,180,1,Rural,Y
Male,Yes,0,Not Graduate,Yes,51597,4989,58,180,1,Rural,Y
Male,Yes,0,Graduate,No,56232,49474,274,300,1,Rural,Y
Male,Yes,0,Not Graduate,No,43208,19778,138,180,1,Urban,Y
Male,Yes,1,Graduate,Yes,91255,26995,183,300,0,Urban,N
Male,No,1,Not Graduate,No,50268,12171,336,300,1,Urban,Y
Female,Yes,3,Graduate,Yes,48743,32219,242,480,0,Urban,N
Female,Yes,0,Graduate,No,68755,24091,70,240,0,Semiurban,Y
Female,Yes,1,Not Graduate,No,105748,35702,143,300,1,Urban,Y
Female,Yes,0,Graduate,No,34463,2676,74,180,1,Urban,Y
Male,Yes,3,Graduate,No,100341,34225,89,240,1,Urban,Y
Male,No,1,Graduate,No,53034,2594,84,360,1,Rural,Y
Female,Yes,2,Graduate,No,17724,52892,74,180,1,Urban,Y
Female,Yes,0,Not Graduate,No,14325,47335,64,360,1,Urban,Y
Female,No,0,Graduate,No,86714,10025,223,300,1,Rural,Y
Male,Yes,1,Graduate,No,90094,35028,237,240,1,Urban,Y
Female,Yes,2,Graduate,No,30374,41705,66,360,0,Semiurban,Y
Female,Yes,0,Graduate,No,44777,59907,293,360,1,Urban,Y
Male,No,0,Graduate,No,69475,13131,320,300,1,Urban,Y
Female,Yes,0,Graduate,No,117600,22315,293,300,1,Semiurban,Y
Male,Yes,3,Not Graduate,No,37375,42776,159,300,0,Urban,N
Male,Yes,1,Graduate,No,94569,32643,66,300,1,Rural,Y
Female,No,0,Graduate,No,96243,7245,272,120,1,Urban,Y
Female,Yes,0,Graduate,No,42993,48459,83,360,1,Rural,Y
Female,Yes,2,Graduate,No,23196,23854,72,240,1,Semiurban,Y
Male,Yes,0,Not Graduate,No,55666,29193,205,360,1,Rural,Y
Female,No,3,Graduate,No,92271,625,272,300,1,Urban,Y
Male,Yes,0,Not Graduate,No,22244,59687,263,360,1,Rural,Y
Male,Yes,0,Graduate,No,82004,2035,187,360,1,Semiurban,Y
Female,Yes,0,Graduate,No,65114,19790,349,480,1,Urban,Y
Female,No,1,Graduate,Yes,92242,1790,235,300,1,Rural,Y
Female,Yes,1,Graduate,No,102991,58009,64,300,1,Rural,Y
Male,Yes,1,Graduate,Yes,103236,40414,321,360,0,Urban,N
Female,Yes,1,Not Graduate,No,91785,25726,218,120,1,Urban,Y
Male,Yes,0,Graduate,No,70426,50581,265,300,1,Urban,Y
Female,Yes,1,Graduate,No,64213,4544,122,300,1,Urban,Y
Female,Yes,2,Graduate,No,29758,32892,65,240,0,Rural,N
Female,Yes,0,Graduate,No,50325,32711,196,300,1,Urban,Y
Male,Yes,3,Graduate,No,113648,35364,61,360,1,Urban,Y
Female,Yes,3,Not Graduate,No,97064,8784,280,480,1,Urban,Y
Male,Yes,0,Graduate,No,17331,22717,317,360,1,Urban,Y
Male,No,1,Graduate,No,94597,14008,157,180,1,Semiurban,Y
Female,Yes,1,Graduate,No,93773,22125,115,180,1,Urban,Y
Female,Yes,0,Graduate,Yes,20586,20388,144,360,1,Urban,Y
Female,Yes,3,Graduate,No,13119,16881,342,360,1,Rural,Y
Male,Yes,3,Not Graduate,Yes,98644,2335,210,360,1,Rural,Y
Female,Yes,2,Not Graduate,No,96457,5016,116,360,1,Semiurban,Y
Female,Yes,3,Graduate,Yes,69436,19176,342,360,1,Rural,Y
Female,Yes,0,Graduate,Yes,12800,38335,135,180,1,Semiurban,Y
Female,Yes,2,Graduate,No,94129,35659,150,180,1,Rural,Y
Male,Yes,1,Not Graduate,No,23508,50868,262,360,1,Rural,Y
Male,No,3,Graduate,No,60076,10254,66,300,1,Semiurban,Y
Male,Yes,3,Graduate,Yes,55808,27897,235,360,1,Rural,Y
Male,Yes,0,Graduate,No,66007,4500,282,180,1,Urban,Y
Female,Yes,0,Graduate,No,97466,28032,98,360,1,Semiurban,Y
Male,No,2,Not Graduate,No,27142,8307,239,360,1,Urban,Y
Male,No,2,Graduate,Yes,88256,4366,261,360,1,Semiurban,Y
Male,Yes,1,Graduate,No,72734,2379,75,180,1,Semiurban,Y
Male,No,2,Graduate,No,103534,7154,255,300,1,Rural,Y
Male,Yes,3,Graduate,No,17613,12511,185,180,1,Semiurban,Y
Female,Yes,1,Graduate,No,98397,42083,167,360,1,Semiurban,Y
Female,No,2,Graduate,No,57125,10034,162,180,1,Semiurban,Y
Male,Yes,0,Graduate,No,26188,11446,319,240,1,Urban,Y
Female,Yes,2,Graduate,No,54770,59524,316,120,1,Semiurban,Y
Male,No,0,Graduate,No,106102,5594,347,240,1,Urban,Y
Female,Yes,2,Graduate,No,48123,56477,250,360,1,Semiurban,Y
Male,No,3,Graduate,Yes,36966,14210,277,240,1,Rural,Y
Female,Yes,2,Graduate,Yes,20354,45536,325,360,1,Rural,Y
Female,Yes,3,Graduate,No,81000,12129,260,180,1,Semiurban,Y
Female,Yes,2,Graduate,No,57945,58481,163,180,0,Rural,N
Female,No,3,Graduate,No,35942,7772,213,300,1,Semiurban,Y
Male,Yes,1,Graduate,Yes,65142,22616,153,360,0,Semiurban,N
Female,Yes,0,Graduate,No,55746,36131,261,360,1,Rural,Y
Female,No,2,Graduate,No,45570,5422,136,360,1,Rural,Y
Male,Yes,2,Graduate,Yes,80347,48143,348,480,1,Urban,Y
Female,Yes,1,Not Graduate,No,16749,7015,74,180,0,Urban,N
Female,Yes,2,Graduate,No,20090,57467,341,300,1,Rural,Y
Female,Yes,3,Graduate,No,38558,9206,201,360,0,Urban,N
Female,No,2,Graduate,No,35216,14534,201,360,1,Semiurban,Y
Male,No,2,Graduate,No,72722,6786,123,360,1,Semiurban,Y
Female,Yes,0,Graduate,No,31254,7728,298,360,1,Semiurban,Y
Male,Yes,2,Graduate,Yes,109082,33618,179,480,1,Urban,Y
Female,No,0,Graduate,No,37005,11074,237,360,1,Urban,Y
Male,Yes,0,Graduate,No,53091,36807,245,300,1,Rural,Y
Female,Yes,0,Graduate,No,26475,57233,241,480,1,Semiurban,Y
Male,Yes,0,Graduate,Yes,105147,2246,199,480,1,Semiurban,Y
Female,Yes,3,Graduate,No,73628,8735,197,360,1,Rural,Y
Male,No,0,Graduate,No,75338,1676,299,480,0,Semiurban,N
Female,Yes,0,Graduate,No,71200,45638,104,180,1,Urban,Y
Female,No,1,Graduate,No,111308,6973,92,360,0,Urban,Y
Female,Yes,3,Graduate,No,33343,55025,137,240,1,Semiurban,Y
Male,Yes,2,Not Graduate,No,71822,36896,90,360,1,Urban,Y
Female,Yes,1,Graduate,No,90590,46145,257,300,1,Semiurban,Y
Female,No,1,Graduate,No,64582,6220,300,180,1,Semiurban,Y
Male,Yes,2,Graduate,Yes,70351,14103,132,480,0,Rural,N
Male,Yes,2,Not Graduate,Yes,58441,8082,277,360,0,Semiurban,N
Female,No,1,Graduate,No,38653,13624,179,480,1,Semiurban,Y
Female,Yes,1,Graduate,Yes,70655,32782,193,120,1,Urban,Y
Male,Yes,1,Graduate,No,119063,31208,177,300,1,Urban,Y
Female,Yes,3,Graduate,No,91678,48840,114,360,0,Rural,N
Male,No,0,Graduate,No,40166,11765,338,360,1,Semiurban,Y
Male,Yes,1,Not Graduate,No,53429,4435,91,480,1,Rural,Y
Male,No,1,Graduate,Yes,105295,2472,295,300,1,Rural,Y
Male,Yes,2,Graduate,No,68081,46880,289,240,0,Semiurban,N
Female,No,0,Graduate,No,70015,3468,64,180,0,Rural,N
Female,Yes,1,Graduate,No,49045,2451,284,180,1,Semiurban,Y
Male,No,1,Graduate,No,105548,14121,207,360,1,Urban,Y
Female,No,0,Graduate,Yes,64668,6444,72,360,1,Rural,Y
Male,Yes,0,Graduate,No,65825,419,76,180,1,Semiurban,Y
Female,Yes,0,Graduate,No,89809,54582,236,360,0,Semiurban,N
Male,Yes,0,Graduate,No,54254,1419,221,480,0,Urban,N
Male,No,2,Graduate,No,85412,4490,249,480,0,Urban,N
Male,Yes,2,Graduate,No,56021,38995,182,360,1,Rural,Y
Male,No,0,Graduate,No,20541,705,218,300,1,Urban,Y
Female,No,0,Graduate,No,53708,11032,117,240,1,Semiurban,Y
Female,No,0,Not Graduate,No,96263,6058,58,300,1,Semiurban,Y
Female,Yes,1,Not Graduate,No,24563,19934,334,360,1,Urban,Y
Female,No,0,Graduate,No,59951,4765,215,180,0,Semiurban,N
Female,Yes,1,Graduate,No,101294,21686,266,300,1,Urban,Y
Female,Yes,0,Graduate,No,109818,6372,287,360,0,Urban,N
Female,Yes,2,Graduate,No,63020,23630,335,300,1,Semiurban,Y
Male,Yes,2,Graduate,No,82556,30430,235,300,0,Urban,N
Male,No,1,Graduate,No,46999,5051,292,360,1,Semiurban,Y
Male,Yes,1,Graduate,No,78519,26727,121,360,1,Rural,Y
Male,Yes,2,Graduate,Yes,36122,30598,66,360,0,Semiurban,N
Male,No,0,Graduate,No,118918,5488,167,480,1,Urban,Y
Female,Yes,3,Graduate,No,98121,2968,267,360,1,Semiurban,Y
Male,No,2,Graduate,No,83833,5426,205,180,0,Semiurban,N
Male,Yes,1,Graduate,No,23789,56455,221,300,1,Semiurban,Y
Female,No,2,Graduate,Yes,47777,1058,76,300,1,Rural,Y
Female,Yes,2,Graduate,No,117670,56496,62,360,1,Semiurban,Y
Female,Yes,0,Graduate,Yes,108941,48574,306,480,0,Semiurban,N
Female,Yes,0,Graduate,Yes,112441,36654,104,180,1,Urban,Y
Female,Yes,1,Graduate,No,16346,11483,212,300,0,Urban,N
Female,Yes,2,Graduate,No,117616,50001,300,120,1,Semiurban,Y
Female,Yes,3,Not Graduate,No,93490,42042,66,360,0,Urban,N
Male,Yes,2,Graduate,No,92594,44930,176,360,1,Rural,Y
Female,Yes,1,Graduate,Yes,112722,472,154,300,1,Rural,Y
Male,Yes,0,Graduate,No,92593,33592,247,120,1,Semiurban,Y
Female,Yes,0,Graduate,No,62559,9060,146,360,1,Semiurban,Y
Female,No,2,Graduate,No,56194,7480,311,360,1,Semiurban,Y
Male,Yes,0,Graduate,No,15793,38432,210,360,1,Urban,Y
Female,Yes,0,Graduate,No,65190,50082,118,360,1,Urban,Y
Male,Yes,3,Graduate,No,16387,15649,166,120,0,Urban,N
Female,No,1,Graduate,No,97538,9092,278,360,1,Urban,Y
Male,Yes,3,Graduate,No,13006,30791,129,360,1,Semiurban,Y
Male,Yes,2,Graduate,No,56730,55325,279,120,1,Urban,Y
Female,No,0,Not Graduate,Yes,18559,865,169,360,0,Rural,N
Male,Yes,1,Graduate,No,96897,52144,207,360,0,Urban,N
Female,Yes,1,Graduate,No,85204,22095,156,360,0,Semiurban,Y
Male,Yes,2,Graduate,No,101763,15234,178,480,1,Urban,Y
Female,Yes,1,Not Graduate,No,58366,3226,270,480,1,Semiurban,Y
Male,Yes,0,Graduate,No,60464,6547,191,360,1,Rural,Y
Male,Yes,0,Not Graduate,No,44305,40935,176,120,1,Semiurban,Y
Male,Yes,2,Graduate,No,60188,23066,148,300,1,Urban,Y
Female,No,3,Not Graduate,Yes,29328,1674,347,480,1,Semiurban,N
Male,Yes,1,Graduate,No,92858,40637,239,300,1,Urban,Y
Male,Yes,1,Graduate,No,112882,28157,149,300,1,Urban,Y
Male,Yes,1,Graduate,No,51547,20492,177,300,1,Urban,Y
Female,Yes,0,Graduate,No,113666,23847,84,300,0,Urban,Y
Male,No,3,Graduate,Yes,37144,8864,90,300,0,Urban,N
Male,Yes,0,Graduate,No,35999,10172,236,300,1,Urban,Y
Male,No,0,Graduate,No,48022,1281,104,240,1,Urban,Y
Female,Yes,0,Graduate,No,49446,21176,148,360,1,Rural,Y
Male,No,1,Not Graduate,No,103285,195,64,360,1,Rural,Y
Female,Yes,1,Graduate,Yes,60180,45485,94,360,1,Rural,Y
Female,No,0,Not Graduate,Yes,53646,4154,177,360,0,Semiurban,N
Male,Yes,2,Graduate,No,41052,10193,276,240,1,Rural,Y
Female,No,3,Graduate,No,39367,4990,296,300,1,Semiurban,Y
Female,Yes,3,Graduate,No,107426,30994,293,360,1,Urban,Y
Female,No,0,Graduate,No,111588,5635,112,240,0,Semiurban,Y
Female,Yes,0,Graduate,No,59612,58543,231,300,1,Rural,Y
Male,No,2,Graduate,No,20180,3600,187,300,1,Urban,Y
Female,No,3,Graduate,No,111468,12665,103,180,0,Rural,N
Male,No,2,Not Graduate,Yes,22745,14734,145,180,0,Semiurban,N
Female,Yes,1,Graduate,No,71715,13560,101,360,1,Semiurban,Y
Male,Yes,0,Graduate,No,30518,42795,306,180,0,Rural,N
Female,No,2,Graduate,No,97650,8821,295,180,1,Urban,Y
Female,Yes,2,Not Graduate,No,18956,3752,327,480,1,Urban,Y
Male,Yes,0,Graduate,No,32402,9568,173,360,0,Rural,N
Female,Yes,1,Graduate,No,52750,28242,234,360,0,Rural,N
Male,Yes,0,Graduate,No,73278,59097,158,240,1,Urban,Y
Male,Yes,1,Graduate,No,74473,10854,262,360,1,Urban,Y
Male,Yes,1,Graduate,Yes,29476,22285,67,300,1,Rural,Y
Male,No,0,Graduate,No,80011,8385,132,180,1,Semiurban,Y
Female,Yes,0,Graduate,No,55825,33099,291,360,1,Semiurban,Y
Female,Yes,1,Graduate,No,102940,26493,274,300,1,Urban,Y
Female,No,2,Graduate,No,74329,13472,122,360,1,Semiurban,Y
Male,No,1,Graduate,No,64972,12146,239,360,1,Urban,Y
Female,Yes,0,Graduate,No,47625,58745,286,480,0,Urban,N
Male,Yes,1,Graduate,No,63963,20475,208,180,1,Semiurban,Y
Female,Yes,1,Graduate,No,48122,7957,306,360,1,Rural,Y
Male,Yes,2,Not Graduate,No,104234,49043,81,360,1,Urban,Y
Female,Yes,2,Not Graduate,Yes,58575,54191,231,480,0,Rural,N
Male,Yes,0,Graduate,No,58046,21072,120,480,1,Urban,Y
Male,Yes,1,Not Graduate,No,108124,31168,259,180,1,Rural,Y
Female,Yes,0,Not Graduate,Yes,115740,7447,223,360,1,Urban,Y
Female,Yes,0,Not Graduate,Yes,57203,34391,269,300,1,Rural,Y
Female,Yes,1,Graduate,No,43630,25701,120,360,1,Urban,Y
Female,No,0,Graduate,No,102131,9673,200,360,1,Rural,Y
Male,Yes,1,Graduate,No,21436,55455,169,180,1,Rural,Y
Male,Yes,1,Graduate,Yes,45147,25628,330,360,1,Semiurban,Y
Female,Yes,2,Graduate,No,71735,35946,100,240,1,Semiurban,Y
Male,Yes,0,Not Graduate,No,92029,36218,310,180,0,Urban,N
Male,Yes,0,Graduate,No,27592,34195,235,300,1,Urban,Y
Male,Yes,3,Graduate,No,35542,38067,74,120,1,Rural,Y
Female,Yes,3,Graduate,No,45312,7805,233,480,1,Semiurban,Y
Female,Yes,3,Graduate,Yes,57968,40241,136,360,0,Rural,N
Male,No,0,Graduate,No,32349,6809,173,360,1,Rural,Y
Male,Yes,3,Graduate,No,96151,26834,183,180,1,Rural,Y
Female,Yes,1,Graduate,No,91952,57544,324,360,1,Semiurban,Y
Male,Yes,2,Graduate,No,38106,3375,326,360,1,Semiurban,Y
Female,Yes,3,Graduate,Yes,14819,56284,137,360,1,Rural,Y
Male,No,0,Graduate,No,73177,14615,300,360,1,Rural,Y
Male,Yes,0,Not Graduate,No,98708,9564,155,360,1,Semiurban,Y
Female,Yes,3,Graduate,Yes,47948,10493,293,300,1,Urban,Y
Male,Yes,0,Graduate,No,65563,14324,210,180,1,Urban,Y
Male,No,1,Graduate,No,21078,764,249,480,1,Rural,Y
Male,Yes,2,Graduate,Yes,28658,51553,188,240,1,Urban,Y
Female,No,0,Not Graduate,Yes,31949,3568,311,360,1,Semiurban,Y
Male,No,0,Graduate,No,43960,11662,244,480,1,Urban,Y
Female,Yes,0,Graduate,No,20697,32522,80,180,0,Urban,N
Male,Yes,0,Graduate,No,57889,8828,185,360,1,Rural,Y
Female,Yes,0,Graduate,Yes,84843,34261,63,300,0,Rural,N
Male,No,0,Not Graduate,No,62464,2008,75,360,1,Urban,Y
Male,Yes,2,Graduate,No,63102,30908,186,480,0,Semiurban,N
Female,Yes,0,Graduate,No,69116,52360,169,360,0,Semiurban,Y
Female,Yes,1,Graduate,No,83018,22388,275,240,0,Urban,N
Female,Yes,0,Graduate,No,61323,16562,170,240,1,Rural,Y
Female,Yes,2,Not Graduate,Yes,81856,39013,265,120,1,Semiurban,Y
Male,Yes,0,Graduate,Yes,32640,1277,194,360,1,Urban,Y
Female,Yes,1,Graduate,Yes,20840,43168,317,360,0,Urban,N
Male,Yes,0,Not Graduate,Yes,98510,10643,224,360,0,Rural,N
Female,No,3,Graduate,Yes,25519,12372,248,360,1,Rural,Y
Male,No,2,Graduate,No,82011,4102,69,300,1,Urban,Y
Male,Yes,3,Not Graduate,No,94277,29359,158,240,1,Rural,Y
Female,No,0,Graduate,No,19965,1525,218,360,1,Rural,Y
Male,No,1,Graduate,No,106669,14027,238,300,1,Semiurban,Y
Male,Yes,3,Graduate,No,42714,27198,331,360,1,Semiurban,Y
Female,Yes,0,Graduate,No,83403,11549,66,180,1,Semiurban,Y
Male,Yes,2,Graduate,No,45067,47811,89,360,1,Semiurban,Y
Male,Yes,1,Graduate,No,62555,26222,141,180,0,Semiurban,Y
Male,Yes,0,Not Graduate,No,13539,54093,340,360,1,Semiurban,Y
Female,Yes,1,Graduate,No,32335,58604,232,180,1,Semiurban,Y
Female,Yes,1,Not Graduate,No,65445,58349,313,180,1,Rural,Y
Male,Yes,1,Not Graduate,No,57342,15979,74,360,1,Semiurban,Y
Female,Yes,3,Graduate,No,98740,29450,54,300,0,Semiurban,Y
Male,Yes,1,Not Graduate,No,37554,36606,203,240,0,Urban,N
Male,Yes,0,Graduate,Yes,63973,13193,299,360,1,Rural,Y
Male,Yes,1,Graduate,No,39649,38283,225,360,1,Semiurban,Y
Female,Yes,0,Not Graduate,No,118034,14295,309,240,1,Urban,Y
Female,No,0,Graduate,No,24140,9296,151,360,1,Semiurban,Y
Male,Yes,0,Graduate,No,18797,40330,262,480,1,Urban,Y
Female,Yes,1,Not Graduate,No,111664,48979,175,480,1,Semiurban,Y
Male,Yes,0,Graduate,No,38801,43814,167,300,1,Urban,Y
Male,Yes,2,Graduate,No,102539,22252,341,360,1,Rural,Y
Male,Yes,1,Graduate,No,75983,17968,256,300,0,Rural,N
Female,Yes,0,Graduate,No,17001,18211,318,300,1,Urban,Y
Male,No,3,Graduate,No,26254,9892,122,360,0,Urban,N
Female,Yes,1,Graduate,No,87009,57862,172,360,0,Rural,N
Male,Yes,2,Graduate,No,13432,17718,105,360,1,Semiurban,Y
Female,Yes,0,Graduate,No,70694,14187,101,120,1,Urban,Y
Male,No,3,Graduate,No,53627,6020,298,360,1,Semiurban,Y
Male,Yes,0,Graduate,No,78433,33302,268,360,0,Urban,N
Female,Yes,0,Graduate,No,52436,5230,347,300,0,Urban,N
Female,Yes,1,Graduate,No,98641,41738,181,300,1,Semiurban,Y
Male,Yes,3,Graduate,No,52518,612,236,240,1,Urban,Y
Male,No,1,Not Graduate,No,102071,8842,83,360,1,Semiurban,Y
Male,Yes,1,Graduate,No,99333,1729,290,480,1,Semiurban,Y
Female,No,2,Not Graduate,No,92589,6150,117,300,1,Semiurban,Y
Female,No,2,Graduate,No,75027,1612,212,240,1,Urban,Y
Male,No,3,Graduate,No,81206,6916,107,480,1,Urban,Y
Male,Yes,3,Not Graduate,No,25594,51542,302,360,1,Urban,Y
Female,Yes,0,Graduate,No,96320,35074,158,300,1,Rural,Y
Male,No,2,Graduate,No,115832,6470,96,300,1,Urban,Y
Female,Yes,1,Graduate,No,22851,57782,224,240,1,Rural,Y
Male,Yes,2,Graduate,No,17298,26597,239,360,1,Urban,Y
Male,Yes,1,Graduate,No,33325,12366,130,180,1,Urban,Y
Female,Yes,3,Graduate,No,46289,10257,317,480,0,Semiurban,N
Female,Yes,0,Graduate,Yes,56067,1311,337,360,1,Urban,Y
Male,Yes,3,Graduate,No,70026,21170,124,180,1,Urban,Y
Female,Yes,1,Graduate,Yes,89136,7606,118,120,1,Semiurban,Y
Male,Yes,1,Graduate,No,73628,58315,316,360,1,Semiurban,Y
Male,Yes,1,Graduate,No,39928,11422,341,240,1,Urban,Y
Female,Yes,0,Graduate,Yes,73091,31315,228,240,0,Urban,N
Male,No,3,Not Graduate,No,79518,2007,233,300,1,Urban,Y
Male,Yes,1,Graduate,Yes,35015,1700,59,240,1,Rural,Y
Male,No,1,Graduate,No,65204,5549,220,240,0,Rural,N
Female,No,0,Graduate,Yes,116685,9393,154,120,0,Semiurban,N
Male,Yes,0,Graduate,No,14245,46736,195,300,1,Rural,Y
Female,Yes,1,Graduate,No,60004,50111,250,240,0,Rural,N
Female,Yes,1,Graduate,Yes,43977,33227,98,300,1,Urban,Y
Male,No,2,Graduate,No,54649,13231,279,300,1,Rural,Y
Male,Yes,1,Graduate,No,21426,12375,344,360,0,Semiurban,N
Female,No,0,Graduate,No,102452,12648,51,240,1,Urban,Y
Male,Yes,0,Graduate,No,98066,540,167,240,0,Semiurban,Y
Female,No,2,Not Graduate,No,15976,948,230,180,1,Rural,Y
Male,No,1,Graduate,Yes,117308,6321,348,480,1,Semiurban,Y
Female,Yes,3,Graduate,No,99109,41933,297,300,0,Semiurban,N
Male,Yes,1,Graduate,No,98621,30887,132,360,1,Semiurban,Y
Male,No,0,Graduate,No,23766,7192,200,480,1,Urban,Y
Male,No,1,Graduate,No,88192,1353,317,180,0,Urban,N
Female,Yes,0,Graduate,No,53949,41816,151,300,1,Urban,Y
Male,No,0,Graduate,No,113331,2623,337,300,0,Urban,N
Male,Yes,2,Graduate,No,42522,44421,86,360,0,Semiurban,Y
Female,Yes,1,Not Graduate,No,54909,29521,88,300,1,Semiurban,Y
Male,Yes,0,Graduate,Yes,57700,23104,189,120,1,Rural,Y
Female,Yes,3,Not Graduate,No,23250,45564,304,180,0,Semiurban,N
Male,No,2,Graduate,No,80932,6062,153,240,1,Urban,Y
Male,Yes,0,Graduate,No,116529,45071,75,360,1,Urban,Y
Female,No,1,Graduate,No,59906,13100,306,360,1,Semiurban,Y
Male,No,1,Graduate,No,63108,3501,347,240,1,Semiurban,Y
Male,Yes,0,Graduate,Yes,38333,52342,180,180,1,Semiurban,Y
Male,Yes,3,Graduate,No,39563,419,178,180,1,Urban,Y
Female,Yes,3,Not Graduate,No,13425,4598,165,360,1,Rural,Y
Female,No,0,Not Graduate,No,82426,386,301,240,1,Semiurban,Y
Female,No,0,Graduate,No,65510,5761,215,360,1,Urban,Y
Male,Yes,0,Not Graduate,No,115548,10109,73,240,0,Urban,N
Female,Yes,3,Not Graduate,No,22568,45270,155,240,1,Semiurban,Y
Female,No,1,Graduate,No,42393,6500,341,300,1,Semiurban,Y
Female,Yes,3,Graduate,No,58331,40771,302,300,1,Rural,Y
Female,Yes,1,Not Graduate,Yes,115335,42113,135,300,1,Rural,Y
Male,Yes,2,Graduate,No,117114,11631,122,300,1,Semiurban,Y
Female,Yes,2,Graduate,No,68814,31544,290,480,1,Urban,Y
Male,Yes,2,Graduate,No,72790,36726,247,480,0,Semiurban,N
Female,Yes,2,Graduate,No,41951,20768,67,240,0,Semiurban,N
Female,Yes,2,Graduate,No,20765,4850,347,120,1,Semiurban,Y
Female,Yes,0,Graduate,No,96153,20320,287,300,1,Urban,Y
Female,Yes,2,Graduate,No,51771,636,51,360,1,Urban,Y
Male,Yes,0,Graduate,No,106832,27025,296,360,1,Urban,Y
Female,No,1,Graduate,No,38139,7467,166,240,1,Semiurban,Y
Female,Yes,0,Graduate,Yes,70139,30004,147,360,1,Semiurban,Y
Female,Yes,3,Graduate,No,111909,24206,295,360,1,Semiurban,Y
Male,Yes,0,Graduate,No,37854,21696,133,480,1,Urban,Y
Female,No,1,Graduate,No,77351,14256,78,120,1,Semiurban,Y
Female,Yes,3,Not Graduate,No,80002,1266,337,300,1,Urban,Y
Male,Yes,1,Graduate,Yes,81454,13110,77,180,1,Rural,Y
Male,No,1,Graduate,Yes,107272,5354,259,360,1,Semiurban,Y
Female,Yes,3,Graduate,No,118313,6941,183,240,1,Semiurban,Y
Female,Yes,0,Graduate,No,113021,35543,151,360,1,Semiurban,Y
Female,Yes,1,Graduate,No,103655,17520,107,360,1,Rural,Y
Female,Yes,1,Graduate,No,79939,24904,336,360,1,Semiurban,Y
Female,No,1,Graduate,No,107471,13712,235,300,1,Urban,Y
Female,No,1,Not Graduate,No,30749,1940,245,360,1,Semiurban,Y
Female,Yes,1,Not Graduate,No,80334,1560,113,180,0,Semiurban,N
Female,No,0,Graduate,No,51899,2026,52,240,0,Urban,N
Male,Yes,2,Graduate,No,84460,34290,60,360,1,Urban,Y
Male,No,1,Not Graduate,No,82633,2952,276,300,0,Semiurban,N
Female,Yes,0,Not Graduate,No,22553,57340,291,360,1,Rural,Y
Male,Yes,3,Graduate,No,91828,52184,216,480,1,Rural,Y
Male,No,0,Graduate,No,102857,3935,254,360,1,Semiurban,Y
Male,Yes,1,Graduate,No,21139,5883,137,120,1,Rural,Y
Male,Yes,1,Not Graduate,No,99676,44360,98,360,0,Rural,N
Male,Yes,0,Not Graduate,No,14062,39721,221,360,1,Urban,Y
Male,Yes,0,Not Graduate,No,30230,16893,127,360,1,Rural,Y
Female,No,3,Not Graduate,No,70776,4542,117,360,1,Urban,Y
Male,Yes,1,Not Graduate,Yes,41164,42105,291,180,1,Rural,Y
Female,Yes,2,Not Graduate,No,37623,4674,196,180,1,Semiurban,Y
Male,Yes,0,Graduate,No,23919,35912,181,300,1,Semiurban,Y
Female,Yes,0,Not Graduate,No,32678,15807,321,360,1,Semiurban,Y
Female,Yes,2,Not Graduate,No,21931,14722,122,180,1,Urban,Y
Male,Yes,3,Graduate,No,63315,20467,199,480,1,Semiurban,Y
Female,Yes,0,Graduate,No,41419,55006,146,360,0,Semiurban,Y
Male,No,0,Graduate,No,78229,5051,323,360,1,Urban,Y
Male,Yes,3,Graduate,Yes,73046,59852,344,360,1,Rural,Y
Female,Yes,2,Graduate,No,62322,22726,252,180,1,Rural,Y
Female,Yes,3,Graduate,No,17066,28448,326,360,1,Semiurban,Y
Female,No,0,Not Graduate,No,66746,6381,331,360,1,Urban,Y
Female,Yes,2,Graduate,Yes,82439,59134,58,360,1,Semiurban,Y
Male,Yes,3,Graduate,Yes,114571,13070,305,360,1,Semiurban,Y
Male,No,0,Graduate,No,55183,6730,257,360,0,Urban,N
Female,No,0,Graduate,No,58209,14437,140,360,0,Rural,N
Male,Yes,2,Not Graduate,No,64069,7763,54,360,0,Semiurban,N
Male,No,0,Graduate,Yes,85913,11772,224,120,1,Rural,Y
Female,Yes,0,Graduate,No,66744,59178,283,300,1,Urban,Y
Male,No,3,Not Graduate,No,46445,1282,239,360,1,Urban,Y
Female,Yes,0,Graduate,No,97205,21321,326,360,1,Semiurban,Y
Female,Yes,3,Not Graduate,No,54728,5873,344,360,1,Rural,Y
Female,Yes,2,Not Graduate,Yes,38700,12106,337,360,1,Rural,Y
Female,Yes,3,Graduate,No,76729,8283,270,360,1,Urban,Y
Male,No,1,Graduate,No,40143,1595,209,240,1,Semiurban,Y
Male,Yes,0,Graduate,No,87381,49418,314,360,1,Semiurban,Y
Male,Yes,1,Not Graduate,No,61433,32449,50,360,0,Rural,N
Female,Yes,2,Graduate,Yes,27439,42633,127,480,1,Semiurban,Y
Male,Yes,0,Graduate,No,78585,31224,187,360,1,Rural,Y
Male,No,1,Not Graduate,No,52845,6549,85,180,1,Rural,Y
Female,Yes,2,Not Graduate,No,20824,44594,92,300,1,Semiurban,Y
Female,Yes,0,Graduate,No,37218,25306,112,240,0,Semiurban,N
Male,Yes,2,Graduate,No,81030,7193,243,360,0,Urban,N
Male,No,1,Graduate,No,75777,2095,271,180,0,Semiurban,N
Female,Yes,3,Graduate,No,19429,41995,267,240,0,Urban,N
Female,No,0,Graduate,Yes,34457,7901,121,360,1,Rural,Y
Male,Yes,1,Not Graduate,No,49187,53150,293,240,1,Semiurban,Y
Male,Yes,1,Graduate,No,59942,40753,105,360,0,Urban,Y
Female,Yes,1,Graduate,No,115217,36178,145,360,1,Semiurban,Y
Female,Yes,1,Graduate,No,57157,28336,337,360,1,Rural,Y
Male,Yes,2,Graduate,Yes,29853,21612,290,360,1,Rural,Y
Male,Yes,0,Graduate,No,77363,42949,266,480,1,Semiurban,Y
Male,Yes,1,Not Graduate,No,46939,30480,143,360,1,Urban,Y
Female,Yes,1,Graduate,No,52965,4412,103,360,1,Rural,Y
Male,No,1,Not Graduate,No,86198,13380,270,480,0,Urban,N
Female,Yes,1,Graduate,No,102002,30041,303,360,1,Urban,Y
Female,Yes,1,Graduate,No,46527,2532,282,300,1,Rural,Y
Female,Yes,3,Not Graduate,No,15782,21338,176,480,1,Semiurban,Y
Male,Yes,1,Graduate,No,103194,43077,80,300,1,Urban,Y
Female,Yes,2,Not Graduate,No,98166,28541,97,360,1,Semiurban,Y
Female,Yes,0,Graduate,No,96230,10676,135,300,0,Rural,N
Male,Yes,2,Not Graduate,Yes,104751,56405,262,480,0,Semiurban,N
Female,No,2,Graduate,Yes,85743,6837,116,120,1,Semiurban,Y
Male,Yes,1,Graduate,No,71304,26747,125,360,0,Semiurban,Y
Male,No,1,Graduate,No,113947,6720,175,180,1,Semiurban,Y
Female,No,1,Not Graduate,Yes,76602,12613,179,360,0,Semiurban,N
Male,No,3,Graduate,No,13381,4569,160,240,1,Urban,Y
Female,Yes,0,Graduate,No,100987,57445,136,360,1,Rural,Y
Female,Yes,1,Graduate,No,30162,30227,228,360,1,Urban,Y
Female,Yes,0,Graduate,Yes,106478,37464,239,240,1,Urban,Y
Male,Yes,3,Graduate,No,73105,22175,147,360,1,Semiurban,Y
Male,Yes,1,Graduate,No,79045,44173,343,240,1,Rural,Y
Male,Yes,1,Not Graduate,No,83910,12241,123,480,0,Urban,N
Female,Yes,0,Graduate,No,59013,41808,176,240,1,Semiurban,Y
Female,Yes,3,Graduate,No,100165,35654,259,300,0,Urban,N
Male,No,2,Graduate,No,24989,10028,258,360,1,Semiurban,Y
Female,Yes,2,Graduate,No,43923,23337,243,300,1,Semiurban,Y
Male,No,0,Graduate,No,100944,14492,347,480,1,Semiurban,Y
Male,Yes,0,Graduate,No,53050,59499,80,300,1,Semiurban,Y
Male,Yes,0,Graduate,No,67411,51400,168,300,1,Semiurban,Y
Male,No,0,Graduate,Yes,21533,4193,350,360,0,Semiurban,N
Male,Yes,2,Graduate,No,25618,43490,183,360,0,Semiurban,N
Female,No,3,Graduate,No,100270,5226,103,180,1,Rural,Y
Male,No,0,Graduate,Yes,94688,12784,135,180,1,Semiurban,Y
Male,Yes,1,Graduate,No,32230,4047,107,360,0,Urban,N
Male,Yes,2,Graduate,No,113202,40658,316,180,1,Urban,Y
Male,Yes,0,Graduate,No,59374,27425,149,240,1,Urban,Y
Male,No,0,Graduate,No,78399,1642,214,240,1,Semiurban,Y
Female,Yes,0,Graduate,No,86198,28616,116,480,1,Urban,Y
Female,No,1,Graduate,No,66646,1216,275,240,1,Urban,Y
Female,Yes,2,Graduate,No,97689,16521,52,480,1,Semiurban,Y
Female,Yes,2,Graduate,No,88786,39205,237,240,1,Urban,Y
Male,Yes,3,Not Graduate,Yes,44936,43981,293,300,1,Rural,Y
Female,Yes,0,Graduate,No,81800,3881,146,480,0,Semiurban,N
Male,No,2,Graduate,No,25532,985,196,360,1,Semiurban,Y
Female,Yes,1,Graduate,No,107377,29808,211,180,1,Semiurban,Y
Female,No,3,Graduate,Yes,78378,146,261,300,1,Urban,Y
Male,Yes,3,Graduate,No,64274,13294,270,360,0,Urban,N
Female,No,3,Not Graduate,No,83711,14030,350,180,1,Urban,Y
Female,Yes,0,Graduate,No,84372,7366,308,360,1,Urban,Y
Female,No,1,Not Graduate,No,78759,603,130,300,1,Urban,Y
Female,Yes,1,Graduate,No,109343,26678,192,180,1,Rural,Y
Male,Yes,2,Graduate,Yes,88811,43313,163,300,1,Urban,Y
Male,No,2,Graduate,No,78929,74,87,240,1,Urban,Y
Male,No,1,Not Graduate,No,67308,6345,297,300,1,Urban,Y
Female,No,3,Not Graduate,No,93793,14208,138,300,1,Semiurban,Y
Female,Yes,1,Graduate,No,53844,53657,50,300,1,Semiurban,Y
Male,Yes,1,Not Graduate,No,25484,19202,269,480,0,Rural,N
Female,Yes,3,Graduate,No,84932,58524,144,360,1,Urban,Y
Male,Yes,1,Graduate,No,52070,58173,149,300,1,Semiurban,Y
Female,Yes,3,Graduate,No,51755,1167,324,180,0,Semiurban,N
Female,No,3,Graduate,No,51759,14806,281,360,0,Semiurban,N
Male,Yes,1,Graduate,No,58532,40125,211,300,1,Urban,Y
Male,Yes,3,Not Graduate,Yes,38325,20917,110,360,1,Semiurban,Y
Male,Yes,0,Not Graduate,Yes,18489,13359,274,300,1,Urban,Y
Male,Yes,0,Graduate,No,43499,52627,328,240,1,Urban,Y
Female,Yes,0,Not Graduate,No,38579,51895,333,300,1,Semiurban,Y
Male,Yes,0,Not Graduate,No,92203,11004,151,480,1,Rural,Y
Male,Yes,1,Not Graduate,No,81955,26898,214,120,1,Urban,Y
Male,Yes,0,Not Graduate,No,24404,5345,227,480,1,Urban,Y
Female,Yes,2,Graduate,Yes,101841,44143,76,300,1,Urban,Y
Female,Yes,2,Graduate,No,69187,1160,70,360,1,Semiurban,Y
Male,Yes,3,Not Graduate,No,44197,47230,169,300,1,Rural,Y
Male,Yes,2,Graduate,No,93289,47537,305,360,1,Rural,Y
Male,Yes,2,Graduate,Yes,98536,49792,106,300,1,Semiurban,Y
Male,Yes,1,Graduate,No,73834,58304,66,120,1,Semiurban,Y
Male,Yes,0,Graduate,Yes,107296,23026,217,480,1,Semiurban,Y
Male,No,1,Graduate,Yes,19466,10689,216,480,1,Rural,Y
Male,Yes,1,Graduate,No,38474,42353,150,240,1,Rural,Y
Male,Yes,0,Graduate,No,116246,476,122,300,1,Rural,Y
Male,Yes,0,Graduate,No,30305,32199,266,360,1,Urban,Y
Female,No,0,Graduate,No,42141,195,312,180,0,Rural,N
Female,No,2,Graduate,No,85192,7995,264,360,1,Urban,Y
Male,No,0,Graduate,No,43772,5744,285,360,1,Urban,Y
Male,Yes,1,Not Graduate,Yes,37924,48597,254,360,1,Urban,Y
Female,Yes,0,Graduate,No,106575,24512,99,360,1,Urban,Y
Male,No,2,Not Graduate,No,49701,14210,231,360,1,Rural,Y
Female,No,0,Not Graduate,No,44114,4380,114,360,1,Urban,Y
Female,No,0,Graduate,No,91805,2139,280,180,1,Urban,Y
Male,Yes,2,Graduate,No,55292,5327,85,120,1,Urban,Y
Female,No,1,Not Graduate,No,66787,7665,335,360,1,Urban,Y
Female,Yes,2,Graduate,Yes,69894,4197,157,360,1,Urban,Y
Male,No,0,Graduate,No,39789,8926,199,360,1,Urban,Y
Male,No,0,Graduate,Yes,18594,4740,134,360,1,Urban,Y
Male,Yes,2,Graduate,No,76273,42095,143,120,1,Semiurban,Y
Male,Yes,2,Graduate,No,89856,13887,92,360,1,Semiurban,Y
Male,Yes,1,Graduate,No,74896,18447,204,240,0,Urban,N
Male,No,1,Graduate,No,42964,234,67,360,0,Semiurban,N
Male,No,1,Graduate,No,44005,9948,275,480,1,Rural,Y
Male,Yes,1,Graduate,No,42277,32698,235,360,1,Urban,Y
Female,Yes,2,Graduate,No,81218,36760,291,360,1,Rural,Y
Female,Yes,2,Graduate,No,79428,38415,180,360,1,Semiurban,Y
Female,Yes,1,Graduate,No,78381,24040,260,360,1,Urban,Y
Female,Yes,0,Graduate,No,96102,5940,256,240,1,Rural,Y
Female,No,3,Graduate,No,65123,4287,326,480,0,Urban,N
Male,No,1,Graduate,No,107371,669,330,360,1,Semiurban,Y
Male,No,2,Graduate,No,29720,12021,85,300,1,Urban,Y
Female,Yes,0,Graduate,No,105306,25169,124,180,1,Semiurban,Y
Male,No,0,Graduate,No,76361,10761,280,180,0,Urban,N
Female,No,3,Graduate,No,102263,9002,201,300,1,Urban,Y
Male,No,1,Graduate,No,48466,6191,100,300,1,Semiurban,Y
Female,No,0,Graduate,No,12354,6917,300,300,1,Urban,Y
Male,Yes,0,Graduate,No,19157,1531,279,360,1,Semiurban,Y
Female,Yes,3,Graduate,No,58776,44120,310,300,1,Semiurban,Y
Male,Yes,1,Not Graduate,No,49307,34412,203,360,1,Urban,Y
Female,Yes,2,Graduate,No,34872,9467,260,480,1,Rural,Y
Male,Yes,1,Not Graduate,Yes,105310,10387,210,360,1,Semiurban,Y
Female,Yes,3,Graduate,No,88094,26644,297,300,1,Semiurban,Y
Female,Yes,2,Graduate,No,85009,30954,321,300,1,Semiurban,Y
Male,No,3,Not Graduate,No,75103,11391,117,240,1,Urban,Y
Female,Yes,1,Graduate,No,71742,17151,277,240,1,Rural,Y
Male,Yes,1,Graduate,No,20602,22068,163,300,1,Semiurban,Y
Male,Yes,3,Not Graduate,No,82593,10134,64,300,1,Semiurban,Y
Female,No,1,Graduate,No,95989,4029,123,240,1,Semiurban,Y
Male,Yes,2,Graduate,No,47333,11100,91,360,1,Urban,Y
Female,No,0,Not Graduate,No,44903,3589,206,240,0,Urban,N
Male,Yes,2,Not Graduate,No,112378,38537,114,480,1,Urban,Y
Female,Yes,0,Graduate,No,93397,51183,120,360,1,Urban,Y
Female,Yes,0,Not Graduate,No,29754,29001,81,300,1,Semiurban,Y
Male,Yes,2,Graduate,Yes,63859,40187,104,300,0,Urban,N
Male,Yes,0,Graduate,No,97737,29955,350,480,0,Urban,N
Male,No,0,Graduate,No,49725,5148,251,120,1,Urban,Y
Female,No,1,Not Graduate,No,82520,4725,58,240,1,Semiurban,Y
Female,Yes,0,Graduate,Yes,116040,39839,300,180,0,Rural,N
Male,Yes,2,Graduate,No,60251,26709,173,300,1,Urban,Y
Female,Yes,0,Graduate,No,61239,37674,248,120,1,Rural,Y
Male,Yes,0,Not Graduate,No,98471,47300,299,360,1,Semiurban,Y
Male,Yes,3,Graduate,Yes,112257,4829,153,480,1,Urban,Y
Female,Yes,0,Graduate,Yes,103064,9265,300,360,1,Rural,Y
Female,Yes,3,Graduate,No,117027,37432,340,360,1,Semiurban,Y
Male,Yes,0,Graduate,No,89054,39931,109,300,0,Urban,Y
Male,Yes,1,Graduate,No,45735,18519,53,360,1,Semiurban,Y
Female,Yes,1,Graduate,Yes,13615,25113,349,360,1,Urban,Y
Female,Yes,1,Graduate,No,17019,53527,335,360,1,Urban,Y
Female,Yes,0,Graduate,No,81082,35774,116,300,1,Semiurban,Y
Female,Yes,1,Graduate,No,112371,3870,246,360,1,Semiurban,Y
Male,Yes,2,Graduate,Yes,18938,675,253,240,1,Rural,Y
Female,Yes,2,Graduate,Yes,46451,33727,269,360,1,Semiurban,Y
Male,Yes,2,Not Graduate,No,31167,52425,104,180,1,Urban,Y
Male,Yes,1,Graduate,Yes,101949,25024,334,300,1,Rural,Y
Female,Yes,0,Graduate,No,100041,25229,181,480,1,Semiurban,Y
Female,Yes,0,Graduate,No,42666,34067,129,480,1,Semiurban,Y
Male,Yes,2,Graduate,No,72075,20762,216,360,0,Semiurban,N
Male,Yes,0,Graduate,Yes,20473,35626,324,300,1,Semiurban,Y
Female,No,2,Graduate,No,107375,12626,288,360,1,Semiurban,Y
Male,No,1,Graduate,No,39643,9878,304,180,0,Urban,N
Female,Yes,1,Graduate,No,61276,23185,274,300,0,Semiurban,N
Male,Yes,3,Graduate,No,20600,37177,303,480,1,Urban,Y
Male,No,3,Graduate,No,85182,8861,51,180,0,Urban,Y
Male,Yes,1,Graduate,No,36934,19823,327,300,0,Urban,N
Male,Yes,1,Graduate,No,20288,48133,276,480,1,Rural,Y
Female,Yes,0,Graduate,No,36499,51054,233,300,1,Rural,Y
Female,Yes,2,Not Graduate,No,59988,9793,183,360,1,Rural,Y
Male,No,1,Graduate,No,54999,9383,347,120,1,Semiurban,Y
Male,Yes,3,Not Graduate,No,107264,52851,336,360,1,Semiurban,Y
Female,Yes,0,Not Graduate,No,115386,23727,304,360,0,Urban,N
Male,Yes,1,Graduate,No,85000,26406,348,300,1,Semiurban,Y
Male,Yes,0,Graduate,No,115851,22693,119,180,1,Semiurban,Y
Male,Yes,0,Graduate,No,95809,23080,286,120,1,Urban,Y
Male,No,1,Graduate,No,116224,299,143,360,1,Semiurban,Y
Female,No,2,Not Graduate,No,40852,9921,300,240,1,Urban,Y
Female,Yes,0,Graduate,No,61114,51932,350,360,1,Semiurban,Y
Male,No,0,Not Graduate,No,90026,13152,213,300,0,Semiurban,N
Male,No,1,Graduate,No,93040,9129,307,360,1,Urban,Y
Male,No,0,Graduate,No,73830,7918,152,300,1,Rural,Y
Male,Yes,0,Graduate,No,14210,23420,126,360,1,Urban,Y
Male,Yes,0,Not Graduate,No,54140,33810,283,360,1,Semiurban,Y
Male,No,0,Graduate,No,42350,7417,175,480,1,Urban,Y
Female,Yes,0,Graduate,No,12022,52584,99,300,0,Rural,N
Female,Yes,1,Graduate,No,16106,40919,167,240,1,Semiurban,Y
Female,Yes,0,Graduate,No,103156,48863,85,360,1,Urban,Y
Male,Yes,2,Graduate,No,33856,57279,61,360,1,Rural,Y
Female,Yes,0,Graduate,No,22358,28682,296,360,1,Semiurban,Y
Female,Yes,3,Graduate,No,13499,56429,254,240,1,Rural,Y
Male,Yes,1,Graduate,No,72930,44936,194,360,1,Urban,Y
Male,Yes,1,Not Graduate,No,14240,45919,207,360,1,Semiurban,Y
Male,Yes,0,Graduate,No,54101,8388,291,240,0,Rural,N
Male,No,2,Graduate,No,89674,8249,131,180,0,Semiurban,Y
Female,No,0,Not Graduate,No,101716,4173,187,300,1,Rural,Y
Male,Yes,0,Graduate,No,99708,18454,293,360,1,Urban,Y
Male,No,0,Not Graduate,No,50184,3965,338,240,1,Rural,Y
Male,Yes,1,Graduate,No,82776,1559,260,180,1,Urban,Y
Male,No,1,Graduate,No,119349,6470,80,300,1,Rural,Y
Male,Yes,3,Graduate,No,14820,9727,75,360,1,Urban,Y
Male,Yes,0,Not Graduate,No,56143,51743,132,360,1,Semiurban,Y
Female,No,1,Graduate,Yes,41285,2372,243,300,0,Urban,N
Male,Yes,1,Graduate,No,116115,49587,72,360,1,Rural,Y
Male,Yes,3,Not Graduate,No,63402,53798,138,360,1,Rural,Y
Female,Yes,1,Not Graduate,Yes,14675,14335,199,300,1,Urban,Y
Female,Yes,3,Graduate,No,64351,37334,102,360,1,Semiurban,Y
Female,Yes,1,Graduate,No,87294,3217,272,300,1,Semiurban,Y
Male,Yes,0,Graduate,No,62738,52380,268,300,0,Semiurban,N
Female,No,2,Graduate,No,111825,9081,56,120,1,Urban,Y
Male,No,0,Graduate,No,72538,14095,212,240,0,Semiurban,N
Female,Yes,3,Graduate,No,51479,51171,231,480,1,Semiurban,Y
Female,Yes,1,Not Graduate,No,116524,20751,240,360,1,Semiurban,Y
Female,No,3,Graduate,No,52293,2184,213,480,1,Semiurban,Y
Female,Yes,0,Graduate,No,114290,30737,159,360,1,Urban,Y
Female,Yes,0,Graduate,No,26308,49713,197,180,0,Urban,N
Male,Yes,0,Graduate,No,50229,12596,57,360,1,Semiurban,Y
Female,Yes,1,Graduate,No,97085,17651,76,360,1,Urban,Y
Male,Yes,0,Graduate,Yes,117236,23313,292,180,1,Semiurban,Y
Male,Yes,1,Graduate,No,76175,56499,261,360,0,Semiurban,N
Female,Yes,0,Graduate,Yes,24655,46376,242,360,1,Urban,Y
Male,Yes,2,Not Graduate,No,64148,13839,194,120,1,Rural,Y
Female,Yes,0,Not Graduate,No,80173,14742,130,240,0,Urban,N
Male,Yes,3,Graduate,No,117994,36934,93,300,1,Urban,Y
Male,No,1,Not Graduate,Yes,89427,5505,257,300,1,Semiurban,Y
Female,No,1,Graduate,No,76128,11705,194,480,1,Urban,Y
Female,Yes,0,Not Graduate,No,75080,58482,221,480,0,Semiurban,N
Female,No,0,Graduate,No,27263,8286,57,360,0,Semiurban,N
Female,Yes,0,Graduate,No,36800,21281,135,300,1,Semiurban,Y
Female,No,3,Graduate,Yes,46694,7067,240,180,1,Rural,Y
Female,Yes,0,Graduate,No,95045,11652,344,180,1,Urban,Y
Female,Yes,2,Graduate,No,88316,8610,257,360,1,Urban,Y
Male,Yes,0,Graduate,No,119166,53786,92,360,1,Urban,Y
Female,No,3,Graduate,No,114077,2478,227,360,1,Rural,Y
Female,Yes,3,Graduate,Yes,55038,33244,160,480,0,Rural,N
Male,Yes,1,Graduate,No,15774,40830,276,360,1,Rural,Y
Male,Yes,1,Graduate,No,31026,41843,275,480,1,Rural,Y
Male,Yes,0,Graduate,No,112522,20598,119,360,1,Urban,Y
Female,Yes,2,Graduate,Yes,32062,26398,83,300,0,Rural,N
Female,No,0,Graduate,No,98182,10027,75,360,1,Semiurban,Y
Male,Yes,0,Graduate,Yes,25907,6649,300,120,1,Semiurban,Y
Female,Yes,2,Not Graduate,No,51223,33451,75,300,1,Semiurban,Y
Male,Yes,1,Graduate,No,112665,3681,90,300,1,Urban,Y
Male,Yes,1,Graduate,Yes,71174,31372,107,360,1,Semiurban,Y
Female,No,3,Graduate,No,18658,6637,186,360,0,Rural,N
Female,No,2,Graduate,Yes,56726,954,189,360,1,Semiurban,Y
Female,No,0,Graduate,No,109991,4799,211,180,1,Rural,Y
Female,No,1,Not Graduate,No,43118,1779,225,300,1,Urban,Y
Female,No,3,Not Graduate,Yes,31832,6223,325,480,1,Semiurban,N
Male,No,1,Graduate,No,81111,11067,224,300,1,Semiurban,Y
Female,Yes,0,Graduate,No,110167,57844,333,240,0,Urban,N
Male,No,0,Graduate,No,80148,10463,292,120,1,Urban,Y
Male,No,1,Graduate,No,35056,5365,323,480,1,Semiurban,Y
Male,Yes,0,Graduate,No,107327,32864,289,240,1,Urban,Y
Female,Yes,2,Graduate,No,28452,30946,241,300,1,Rural,Y
Male,No,0,Graduate,No,100579,10034,164,300,1,Rural,Y
Female,No,3,Not Graduate,Yes,106153,3181,168,360,1,Urban,Y
Female,Yes,1,Graduate,No,99295,42936,314,300,1,Urban,Y
Male,Yes,3,Graduate,Yes,54846,21189,273,180,1,Semiurban,Y
Male,No,0,Graduate,No,27262,13994,53,240,1,Urban,Y
Female,Yes,1,Graduate,No,44013,51910,223,300,1,Semiurban,Y
Female,Yes,2,Not Graduate,No,116119,17713,61,360,0,Semiurban,N
Female,No,1,Not Graduate,No,15183,10172,121,300,1,Rural,Y
Female,Yes,0,Not Graduate,No,61400,16814,76,360,1,Urban,Y
Female,Yes,0,Not Graduate,No,70985,49007,225,180,0,Urban,N
Male,Yes,3,Graduate,No,24225,7266,314,180,1,Semiurban,Y
Female,Yes,1,Graduate,Yes,107932,59994,91,360,1,Rural,Y
Female,Yes,0,Graduate,No,85668,7031,292,480,1,Urban,Y
Female,No,3,Not Graduate,Yes,73234,425,242,360,1,Rural,Y
Male,No,1,Graduate,No,42960,6212,166,360,1,Semiurban,Y
Female,No,3,Not Graduate,No,40384,6684,178,300,1,Semiurban,Y
Male,Yes,2,Graduate,No,114544,38188,135,300,1,Rural,Y
Female,Yes,2,Graduate,Yes,98153,16216,63,300,1,Urban,Y
Male,Yes,1,Graduate,No,95149,56322,291,360,1,Urban,Y
Female,Yes,2,Graduate,No,116120,22269,345,240,1,Rural,Y
Female,Yes,0,Graduate,Yes,35214,969,276,300,1,Urban,Y
Female,No,1,Not Graduate,No,66908,2180,292,240,0,Urban,N
Male,No,0,Graduate,No,43228,10433,290,120,1,Urban,Y
Female,Yes,1,Graduate,No,62170,42129,103,240,1,Semiurban,Y
Male,Yes,1,Graduate,No,61322,14268,306,240,1,Urban,Y
Male,No,0,Graduate,No,75034,4995,315,180,1,Urban,Y
Female,Yes,0,Graduate,No,79330,7063,318,120,1,Urban,Y
Male,No,0,Graduate,No,91984,13100,252,180,1,Semiurban,Y
Female,Yes,2,Graduate,No,64595,6422,299,300,0,Rural,N
Male,Yes,1,Graduate,No,113571,28209,223,480,1,Semiurban,Y
Male,Yes,0,Graduate,No,24984,31902,163,360,1,Urban,Y
Female,No,0,Not Graduate,Yes,95131,6686,300,240,1,Rural,Y
Female,Yes,0,Graduate,Yes,49314,4591,109,360,1,Semiurban,Y
Male,Yes,0,Not Graduate,No,42425,17325,70,300,0,Rural,N
Male,Yes,0,Graduate,No,39007,12264,281,480,1,Urban,Y
Male,No,1,Graduate,No,90352,14399,346,300,0,Rural,N
Male,Yes,2,Graduate,No,49642,19316,116,360,1,Urban,Y
Male,Yes,0,Graduate,No,95074,11009,204,360,0,Rural,N
Female,Yes,1,Not Graduate,No,74918,37204,117,480,1,Urban,Y
Male,Yes,0,Graduate,No,108530,38092,281,360,1,Rural,Y
Male,Yes,1,Not Graduate,Yes,79111,27393,291,360,1,Semiurban,Y
Male,Yes,0,Graduate,No,89968,38426,218,360,1,Urban,Y
Male,No,0,Graduate,No,24610,1943,182,480,1,Urban,Y
Male,Yes,0,Graduate,No,98502,18938,344,180,1,Semiurban,Y
Male,No,1,Graduate,No,17819,14900,192,180,1,Rural,Y
Female,No,3,Not Graduate,No,44765,10646,53,480,0,Urban,N
Female,No,2,Graduate,No,103618,7670,254,180,1,Rural,Y
Male,Yes,0,Graduate,No,89077,5237,105,300,1,Urban,Y
Male,Yes,1,Not Graduate,No,49662,4176,320,300,1,Semiurban,Y
Female,No,2,Not Graduate,Yes,119715,299,238,480,1,Rural,Y
Female,Yes,0,Graduate,No,22083,22165,164,360,1,Rural,Y
Female,Yes,1,Not Graduate,No,32279,51049,130,240,1,Rural,Y
Male,Yes,2,Not Graduate,No,68253,10900,188,360,1,Semiurban,Y
Male,Yes,1,Not Graduate,No,100340,58632,276,360,0,Urban,N
Female,No,2,Not Graduate,No,49594,8602,70,120,1,Semiurban,Y
Female,No,2,Graduate,No,109388,10301,245,360,1,Urban,Y
Male,Yes,1,Graduate,No,111009,14391,130,360,0,Urban,Y
Female,Yes,0,Graduate,Yes,88887,12855,52,120,1,Urban,Y
Male,Yes,1,Graduate,Yes,18185,38291,134,180,1,Urban,Y
Female,Yes,0,Graduate,No,38264,1530,72,300,1,Semiurban,Y
Female,No,0,Not Graduate,No,51504,5100,258,360,1,Semiurban,Y
Female,Yes,0,Graduate,Yes,29971,34454,307,240,1,Semiurban,Y
Male,No,0,Graduate,No,17412,7787,208,360,0,Rural,N
Male,No,0,Graduate,No,101692,4486,187,120,1,Urban,Y
Female,Yes,3,Graduate,No,90273,3302,164,480,1,Rural,Y
Female,Yes,0,Graduate,No,27073,53963,256,360,0,Semiurban,N
Male,Yes,1,Graduate,No,118604,38059,169,360,1,Rural,Y
Female,No,0,Graduate,Yes,117522,14597,152,360,1,Rural,Y
Female,Yes,2,Graduate,No,21010,20512,284,300,1,Urban,Y
Male,No,0,Graduate,Yes,46225,6082,301,240,1,Semiurban,Y
Female,Yes,0,Graduate,No,117932,44785,164,240,0,Semiurban,Y
Male,Yes,1,Graduate,No,20894,31368,319,360,1,Rural,Y
Male,Yes,0,Graduate,No,106395,53899,234,300,1,Rural,Y
Male,Yes,0,Not Graduate,Yes,59042,18753,123,300,0,Semiurban,N
Male,Yes,3,Graduate,No,22487,8915,189,180,1,Urban,Y
Male,No,0,Graduate,No,65150,11392,297,180,1,Semiurban,Y
Male,Yes,3,Graduate,No,50134,36542,199,300,1,Urban,Y
Female,Yes,1,Graduate,Yes,32173,8002,174,360,1,Semiurban,Y
Male,Yes,0,Not Graduate,No,27312,28638,197,360,1,Rural,Y
Male,Yes,1,Graduate,No,59241,56912,278,360,0,Rural,N
Female,No,1,Graduate,Yes,64592,4271,224,360,1,Semiurban,Y
Male,Yes,1,Not Graduate,No,65544,5792,332,360,1,Urban,Y
Male,Yes,0,Graduate,Yes,59013,14544,239,300,1,Semiurban,Y
Male,Yes,0,Not Graduate,No,110379,45754,216,360,1,Semiurban,Y
Female,No,0,Graduate,Yes,59498,9303,301,360,1,Semiurban,Y
Male,Yes,3,Not Graduate,Yes,104557,52863,61,480,1,Urban,Y
Male,Yes,0,Graduate,No,99303,10454,177,300,1,Urban,Y
Female,No,0,Graduate,No,55905,6539,69,360,1,Semiurban,Y
Male,No,0,Graduate,No,33665,4110,210,360,1,Urban,Y
Male,No,1,Graduate,No,82443,13381,184,240,1,Semiurban,Y
Male,Yes,1,Graduate,No,88333,12468,347,360,1,Rural,Y
Female,Yes,2,Graduate,No,81574,54250,89,300,0,Urban,Y
Female,Yes,2,Graduate,No,113412,23935,152,360,1,Semiurban,Y
Male,Yes,2,Graduate,No,48060,41907,219,120,1,Rural,Y
Male,No,2,Not Graduate,Yes,118467,6829,184,360,0,Urban,N
Female,Yes,1,Graduate,No,100635,12122,187,300,1,Semiurban,Y
Female,Yes,0,Graduate,No,38365,50314,320,360,1,Semiurban,Y
Male,Yes,2,Graduate,No,37251,54505,77,120,1,Semiurban,Y
Male,No,1,Graduate,No,35372,13768,326,180,1,Urban,Y
Female,Yes,2,Graduate,No,107879,38931,83,300,1,Rural,Y
Male,Yes,3,Graduate,No,102531,1455,335,300,1,Rural,Y
Female,Yes,1,Not Graduate,Yes,35676,18026,80,240,1,Semiurban,Y
Male,Yes,3,Not Graduate,No,99141,44106,299,180,0,Semiurban,N
Male,Yes,0,Graduate,No,47614,54011,127,120,1,Rural,Y
Female,No,1,Graduate,No,103590,9724,187,240,1,Urban,Y
Male,Yes,1,Graduate,No,54380,16476,151,180,1,Rural,Y
Female,No,1,Not Graduate,No,20556,12354,258,360,1,Rural,Y
Male,Yes,0,Graduate,No,119247,57962,316,360,1,Urban,Y
Female,Yes,0,Graduate,No,65357,9178,174,360,1,Semiurban,Y
Male,Yes,0,Not Graduate,Yes,86635,7361,150,240,1,Semiurban,Y
Male,No,1,Graduate,Yes,25559,6729,217,360,1,Urban,Y
Male,No,1,Not Graduate,No,30196,10049,347,360,1,Urban,Y
Male,Yes,0,Graduate,No,13102,40230,281,300,1,Semiurban,Y
Female,Yes,0,Graduate,No,110234,7163,330,360,1,Semiurban,Y
Female,Yes,0,Graduate,No,45789,41756,72,360,0,Urban,Y
Male,No,2,Not Graduate,No,101046,10277,176,480,1,Semiurban,Y
Male,Yes,2,Not Graduate,No,43881,14292,314,360,1,Rural,Y
Female,No,2,Graduate,No,12626,13556,251,300,1,Semiurban,Y
Female,No,2,Graduate,No,90322,2796,253,360,1,Semiurban,Y
Male,Yes,2,Graduate,Yes,81134,46903,154,300,1,Rural,Y
Male,No,3,Graduate,Yes,103591,10725,214,300,1,Semiurban,Y
Male,Yes,1,Not Graduate,No,40919,45767,325,300,0,Urban,N
Female,Yes,1,Graduate,No,58526,50603,313,180,1,Urban,Y
Male,No,2,Graduate,No,99039,4959,207,360,1,Urban,Y
Female,No,1,Graduate,Yes,109994,8647,105,120,1,Semiurban,Y
Female,Yes,1,Not Graduate,No,50232,46460,189,300,1,Rural,Y
Male,Yes,1,Graduate,No,53452,35026,179,300,1,Urban,Y
Female,Yes,2,Graduate,Yes,30345,28041,315,300,1,Semiurban,Y
Female,Yes,0,Graduate,Yes,119024,30537,255,240,1,Urban,Y
Female,Yes,1,Not Graduate,No,25591,44566,146,360,0,Semiurban,N
Male,Yes,0,Graduate,No,29723,39761,166,480,1,Urban,Y
Male,Yes,1,Graduate,No,96080,44867,289,300,1,Rural,Y
Female,Yes,1,Not Graduate,No,114189,56831,217,360,1,Rural,Y
Female,Yes,0,Graduate,No,74387,43654,288,480,1,Urban,Y
Male,Yes,0,Graduate,No,47859,5554,102,240,1,Semiurban,Y
Female,Yes,1,Graduate,Yes,87153,26153,283,360,1,Urban,Y
Female,Yes,0,Graduate,No,41319,31179,211,120,0,Semiurban,N
Male,Yes,1,Graduate,No,78629,56116,278,360,0,Urban,N
Female,No,0,Graduate,No,76092,6560,315,300,1,Semiurban,Y
Female,Yes,2,Not Graduate,No,20052,40624,210,240,1,Semiurban,Y
Female,No,0,Graduate,No,102288,4550,319,360,1,Semiurban,Y
Female,No,2,Graduate,Yes,13541,4173,195,480,1,Semiurban,Y
Female,No,2,Graduate,No,73757,547,278,360,1,Rural,Y
Female,No,1,Graduate,No,103522,7505,146,240,1,Semiurban,Y
Male,No,3,Graduate,No,19753,9979,201,240,0,Urban,N
Male,Yes,1,Graduate,No,71498,19482,104,360,1,Semiurban,Y
Male,No,3,Graduate,No,69590,4366,225,360,1,Urban,Y
Female,Yes,0,Graduate,No,82257,35044,283,360,0,Rural,N
Male,No,0,Not Graduate,No,68292,5697,212,180,1,Urban,Y
Female,No,0,Graduate,No,25422,5637,288,360,1,Rural,Y
Male,Yes,2,Graduate,No,90315,987,197,480,1,Urban,Y
Male,Yes,2,Graduate,No,38182,54979,226,180,1,Urban,Y
Female,Yes,1,Graduate,No,84659,51230,215,360,1,Semiurban,Y
Female,Yes,1,Graduate,No,96804,18597,311,360,0,Urban,N
Male,No,0,Graduate,No,116215,1977,294,360,1,Rural,Y
Female,No,0,Graduate,No,59193,5938,111,240,1,Rural,Y
Female,Yes,1,Graduate,No,14023,40078,97,120,1,Urban,Y
Male,No,1,Graduate,No,25389,9861,348,120,1,Semiurban,Y
Female,Yes,1,Graduate,No,90742,2386,266,360,1,Semiurban,Y
Male,No,3,Graduate,No,89977,7966,74,240,1,Semiurban,Y
Male,Yes,0,Graduate,No,112378,38632,195,360,0,Semiurban,N
Female,Yes,0,Graduate,No,107450,33460,163,120,0,Urban,Y
Female,Yes,1,Not Graduate,No,34090,5936,160,360,1,Rural,Y
Male,Yes,1,Not Graduate,No,33307,8953,253,300,1,Urban,Y
Male,Yes,3,Graduate,Yes,76310,53323,217,300,1,Semiurban,Y
Male,Yes,0,Not Graduate,No,81711,55720,181,240,1,Rural,Y
Male,Yes,1,Graduate,No,49316,32025,100,360,1,Semiurban,Y
Male,Yes,2,Graduate,Yes,83442,48308,271,480,1,Urban,Y
Female,Yes,0,Graduate,No,106883,19853,92,240,1,Semiurban,Y
Female,No,0,Not Graduate,No,44111,5421,93,240,1,Urban,Y
Female,No,2,Graduate,No,87104,2446,128,360,1,Rural,Y
Male,Yes,1,Graduate,No,113782,21200,93,360,1,Semiurban,Y
Male,Yes,3,Graduate,No,89011,55269,269,360,0,Urban,N
Male,Yes,3,Graduate,Yes,47968,27656,92,360,1,Semiurban,Y
Male,Yes,1,Graduate,No,16483,57922,56,480,1,Rural,Y
Male,No,0,Not Graduate,No,101810,7600,270,300,1,Rural,Y
Female,Yes,1,Graduate,No,51341,44060,259,360,1,Urban,Y
Female,Yes,1,Graduate,No,85860,35890,343,360,0,Semiurban,N
Male,No,0,Graduate,Yes,78457,12832,180,360,1,Urban,Y
Male,Yes,0,Graduate,Yes,50750,56165,62,360,1,Semiurban,Y
Female,Yes,1,Graduate,No,26847,47872,104,360,1,Urban,Y
Male,No,0,Graduate,No,66332,1239,226,240,0,Semiurban,N
Female,Yes,3,Graduate,No,38459,19547,336,180,1,Urban,Y
Female,Yes,1,Graduate,No,106540,8501,123,180,1,Semiurban,Y
Male,Yes,2,Not Graduate,No,111033,37002,96,480,1,Semiurban,Y
Female,Yes,2,Graduate,Yes,82909,3899,249,360,1,Urban,Y
Male,Yes,0,Not Graduate,No,36387,40182,302,180,1,Semiurban,Y
Male,Yes,1,Not Graduate,No,36112,6132,110,480,1,Semiurban,Y
Male,Yes,2,Graduate,Yes,57841,20359,289,120,1,Rural,Y
Female,No,0,Graduate,No,104062,5873,200,240,0,Urban,N
Male,No,0,Graduate,No,97340,10499,106,360,1,Rural,Y
Female,No,0,Graduate,No,65127,10289,286,240,0,Rural,N
Female,Yes,1,Graduate,Yes,40442,33620,241,180,0,Urban,N
Male,Yes,1,Not Graduate,No,57200,18857,53,360,1,Urban,Y
Female,Yes,1,Not Graduate,No,17055,7892,316,300,1,Urban,Y
Male,No,0,Graduate,No,89602,6851,99,240,1,Semiurban,Y
Male,Yes,0,Not Graduate,No,62762,7218,328,360,1,Semiurban,Y
Female,Yes,0,Graduate,No,105693,32882,211,120,0,Semiurban,N
Female,Yes,0,Graduate,No,114358,15944,156,360,1,Rural,Y
Male,Yes,0,Graduate,Yes,25565,49390,109,360,0,Semiurban,N
Female,Yes,3,Graduate,No,31804,9113,92,360,0,Rural,N
Female,Yes,0,Graduate,No,103848,39595,327,360,0,Urban,N
Female,Yes,2,Graduate,No,24306,46586,188,360,1,Semiurban,Y
Female,Yes,0,Graduate,No,84262,25714,55,300,1,Rural,Y
Female,No,0,Graduate,No,44964,9832,220,240,1,Rural,Y
Female,Yes,1,Graduate,No,42038,37294,111,300,1,Urban,Y
Female,Yes,1,Graduate,No,110100,58484,87,300,0,Urban,Y
Female,Yes,3,Graduate,No,105088,28406,277,360,1,Urban,Y
Female,Yes,1,Not Graduate,No,57194,42245,346,360,0,Semiurban,N
Male,Yes,1,Graduate,No,95877,19691,157,480,1,Rural,Y
Female,Yes,0,Not Graduate,No,79138,42635,101,300,1,Rural,Y
Female,Yes,3,Graduate,No,12904,21856,344,360,1,Urban,Y
Male,Yes,2,Graduate,No,39080,41347,321,180,1,Urban,Y
Female,Yes,0,Graduate,No,105681,27073,325,180,1,Rural,Y
Male,Yes,1,Graduate,No,16265,11482,322,360,1,Semiurban,Y
Male,Yes,2,Not Graduate,No,91994,1378,322,300,1,Rural,Y
Male,Yes,0,Graduate,Yes,95967,24713,232,180,1,Semiurban,Y
Female,Yes,1,Graduate,No,78636,6080,95,360,1,Urban,Y
Male,Yes,1,Not Graduate,No,97991,32796,239,300,1,Rural,Y
Female,Yes,3,Graduate,Yes,59290,10805,142,360,1,Semiurban,Y
Male,Yes,1,Not Graduate,Yes,56418,31334,272,360,1,Semiurban,Y
Female,Yes,1,Not Graduate,No,119203,48090,286,360,0,Semiurban,N
Male,Yes,1,Graduate,No,33208,21440,341,360,0,Semiurban,N
Female,Yes,1,Graduate,Yes,59654,30979,85,300,1,Semiurban,Y
Female,No,2,Not Graduate,Yes,75655,7013,228,300,1,Urban,Y
Female,No,1,Graduate,Yes,38214,928,226,240,1,Semiurban,Y
Male,Yes,1,Graduate,No,18124,21436,311,360,1,Rural,Y
Female,Yes,2,Graduate,No,67735,32731,105,360,1,Urban,Y
Male,Yes,2,Graduate,No,99363,26956,243,360,0,Urban,N
Female,Yes,3,Graduate,No,100216,2991,283,360,1,Urban,Y
Male,Yes,2,Not Graduate,No,73669,17034,347,300,0,Rural,N
Female,Yes,0,Not Graduate,No,13271,48441,269,120,1,Semiurban,Y
Female,Yes,1,Not Graduate,No,22818,21130,269,300,1,Semiurban,Y
Male,Yes,0,Graduate,No,91256,48330,177,360,1,Urban,Y
Female,Yes,1,Graduate,No,36911,53777,76,360,1,Urban,Y
Male,No,1,Graduate,Yes,62917,8640,135,480,1,Semiurban,Y
Female,No,0,Not Graduate,No,14652,12678,225,360,1,Rural,Y
Male,Yes,1,Graduate,No,16768,4106,320,360,1,Urban,Y
Female,Yes,3,Graduate,No,115723,25121,324,360,0,Semiurban,N
Male,Yes,2,Graduate,Yes,65583,48220,261,240,1,Semiurban,Y
Female,Yes,1,Not Graduate,No,89574,44579,200,360,1,Rural,Y
Male,Yes,0,Not Graduate,No,54826,51328,116,120,0,Rural,N
Male,Yes,0,Graduate,No,96463,33401,153,360,1,Urban,Y
Female,Yes,2,Graduate,Yes,67295,59970,266,240,1,Urban,Y
Female,Yes,1,Graduate,No,47285,31447,90,300,1,Semiurban,Y
Male,Yes,2,Graduate,No,84505,11187,254,360,1,Rural,Y
Female,Yes,3,Graduate,Yes,23275,41608,201,300,1,Urban,Y
Male,No,1,Graduate,No,55791,9599,96,180,1,Semiurban,Y
Male,Yes,2,Graduate,No,56450,21583,279,120,1,Urban,Y
Male,Yes,1,Graduate,No,87141,19473,136,300,1,Rural,Y
Female,Yes,0,Graduate,Yes,104798,25434,233,360,1,Rural,Y
Female,No,0,Not Graduate,No,88278,5193,336,360,1,Semiurban,Y
Male,Yes,2,Not Graduate,No,96401,45154,268,240,1,Urban,Y
Female,No,0,Not Graduate,Yes,83011,14923,306,240,1,Semiurban,Y
Female,Yes,2,Not Graduate,No,35377,52520,248,240,1,Semiurban,Y
Male,Yes,0,Graduate,No,70647,22225,213,240,1,Semiurban,Y
Male,Yes,1,Graduate,No,70445,2189,307,480,1,Rural,Y
Female,No,0,Graduate,No,68102,8144,320,180,1,Urban,Y
Female,Yes,3,Graduate,No,20981,2973,232,180,1,Urban,Y
Male,Yes,1,Graduate,No,61378,48670,160,240,1,Urban,Y
Female,No,2,Graduate,No,104713,8235,197,360,1,Semiurban,Y
Male,No,0,Graduate,No,106277,7522,164,360,0,Rural,N
Male,Yes,2,Graduate,Yes,55691,11666,200,300,1,Semiurban,Y
Female,No,2,Graduate,Yes,111443,3250,50,360,1,Semiurban,Y
Female,Yes,0,Graduate,No,41079,8445,193,360,1,Semiurban,Y
Male,Yes,2,Graduate,No,31333,39825,308,300,1,Urban,Y
Female,No,0,Graduate,No,64920,10306,101,300,0,Urban,Y
Female,Yes,1,Graduate,No,76843,51138,114,180,1,Semiurban,Y
Male,Yes,1,Graduate,No,78239,49241,189,360,1,Semiurban,Y
Male,Yes,0,Not Graduate,Yes,65465,55737,139,240,1,Urban,Y
Male,No,0,Graduate,No,59625,6301,342,240,1,Urban,Y
Female,No,3,Not Graduate,No,112397,4745,120,360,1,Rural,Y
Male,Yes,0,Graduate,Yes,17380,36649,157,360,0,Urban,N
Male,Yes,2,Not Graduate,No,91704,11773,246,480,1,Urban,Y
Male,Yes,1,Graduate,No,23385,34284,328,360,0,Urban,N
Female,Yes,0,Not Graduate,No,97359,5762,160,360,1,Urban,Y
Male,No,1,Graduate,No,105848,4589,198,300,0,Rural,N
Male,Yes,2,Graduate,No,71084,53270,323,300,1,Semiurban,Y
Female,Yes,1,Graduate,Yes,71488,2463,302,300,1,Semiurban,Y
Male,No,3,Graduate,No,88474,8197,211,180,1,Semiurban,Y
Male,Yes,0,Not Graduate,No,97824,10796,243,480,1,Semiurban,Y
Female,Yes,2,Graduate,No,56839,1579,235,300,1,Semiurban,Y
Male,Yes,0,Graduate,No,99224,577,324,300,1,Urban,Y
Female,Yes,1,Graduate,No,60988,56417,54,360,1,Rural,Y
Female,Yes,2,Graduate,No,31751,49815,306,360,1,Semiurban,Y
Female,Yes,1,Graduate,No,49929,50777,337,120,1,Semiurban,Y
Female,Yes,0,Graduate,No,16703,6540,316,360,1,Rural,Y
Male,Yes,3,Graduate,No,38255,2539,133,360,0,Semiurban,N
Female,Yes,3,Graduate,Yes,87892,54214,331,300,0,Semiurban,N
Male,Yes,0,Graduate,No,82236,10785,170,360,1,Urban,Y
Female,Yes,2,Not Graduate,No,45079,26486,266,300,1,Rural,Y
Male,Yes,2,Graduate,No,75498,50555,115,360,1,Semiurban,Y
Male,Yes,0,Graduate,No,66454,15430,111,480,1,Urban,Y
Female,Yes,0,Graduate,No,37215,56445,164,360,1,Rural,Y
Female,Yes,2,Graduate,No,64203,18110,330,240,1,Urban,Y
Male,Yes,0,Graduate,No,70070,43002,102,300,1,Urban,Y
Male,Yes,0,Not Graduate,Yes,78100,56048,277,360,1,Semiurban,Y
Male,Yes,2,Graduate,No,75159,14790,224,360,1,Semiurban,Y
Female,Yes,1,Graduate,No,68202,25045,197,180,1,Rural,Y
Male,Yes,0,Not Graduate,No,71614,40105,292,180,0,Semiurban,N
Male,Yes,0,Graduate,No,25992,25672,323,360,0,Urban,N
Female,Yes,0,Graduate,No,110803,44142,73,480,1,Urban,Y
Male,Yes,0,Graduate,No,74423,26081,84,360,1,Urban,Y
Male,No,0,Graduate,No,57201,5087,150,480,1,Semiurban,Y
Male,Yes,0,Not Graduate,Yes,50898,34959,247,360,1,Urban,Y
Male,Yes,2,Not Graduate,No,26698,46636,256,360,0,Semiurban,N
Male,Yes,0,Graduate,No,35438,46570,150,180,1,Semiurban,Y
Male,No,2,Graduate,Yes,101133,5378,308,360,1,Semiurban,Y
Female,Yes,3,Graduate,No,40440,30066,144,120,1,Semiurban,Y
Male,Yes,0,Graduate,No,53969,1181,198,360,0,Urban,N
Male,Yes,0,Graduate,No,64262,8272,187,120,0,Semiurban,N
Male,Yes,0,Graduate,No,40650,15156,316,300,1,Semiurban,Y
Male,No,1,Not Graduate,No,64457,11102,304,240,1,Urban,Y
Male,No,1,Graduate,Yes,74943,5386,173,360,1,Semiurban,Y
Female,Yes,0,Graduate,No,81004,57299,193,240,1,Semiurban,Y
Male,No,1,Graduate,No,88458,1210,350,300,1,Semiurban,Y
Male,Yes,2,Graduate,No,52448,16481,91,300,1,Semiurban,Y
Female,No,1,Graduate,No,53590,14830,324,360,0,Semiurban,N
Male,No,3,Graduate,No,14380,12217,116,480,1,Semiurban,Y
Male,No,3,Not Graduate,Yes,39400,11501,260,480,0,Urban,N
Male,Yes,1,Graduate,No,23398,4204,57,360,0,Urban,N
Female,Yes,0,Graduate,No,68234,11309,335,360,0,Rural,N
Female,No,0,Graduate,No,91261,12440,258,300,1,Urban,Y
Female,Yes,3,Graduate,No,65275,58954,265,360,1,Urban,Y
Female,No,3,Graduate,No,86078,12427,258,300,1,Urban,Y
Male,Yes,3,Graduate,No,116028,13696,350,480,1,Semiurban,Y
Female,Yes,2,Graduate,No,34925,8541,55,360,1,Semiurban,Y
Male,Yes,1,Graduate,No,70515,18327,311,480,1,Urban,Y
Male,Yes,0,Graduate,Yes,74116,44519,82,360,1,Urban,Y
Female,Yes,0,Not Graduate,No,34694,3254,314,360,1,Semiurban,Y
Male,Yes,1,Not Graduate,No,49153,43403,326,480,1,Semiurban,Y
Male,Yes,1,Not Graduate,No,65753,18001,172,360,1,Urban,Y
Female,Yes,1,Graduate,No,96545,4044,119,480,1,Urban,Y
Female,No,1,Not Graduate,No,72697,4304,301,300,0,Rural,N
Male,Yes,0,Graduate,No,66877,18511,274,360,1,Semiurban,Y
Female,No,2,Graduate,No,14506,4362,246,360,1,Semiurban,Y
Male,Yes,0,Not Graduate,No,16940,40918,251,120,1,Rural,Y
Female,No,1,Graduate,No,38484,13587,262,480,0,Urban,N
Male,Yes,3,Graduate,No,95158,22042,298,480,1,Rural,Y
Male,No,1,Not Graduate,Yes,44073,6781,162,480,1,Semiurban,Y
Female,No,2,Graduate,No,63967,1954,308,360,0,Semiurban,N
Male,Yes,2,Graduate,No,97799,38367,341,480,1,Urban,Y
Female,No,0,Graduate,No,46597,2098,280,360,1,Rural,Y
Female,No,3,Graduate,No,95053,7574,110,360,0,Urban,Y
Female,No,3,Graduate,No,66862,13516,275,360,1,Rural,Y
Female,Yes,1,Not Graduate,No,22934,30212,211,360,1,Urban,Y
Female,Yes,3,Graduate,No,26121,34595,334,480,1,Rural,Y
Female,Yes,2,Not Graduate,No,50195,4527,108,480,1,Urban,Y
Male,Yes,0,Graduate,No,30300,9749,320,360,1,Urban,Y
Male,No,1,Graduate,No,34819,6858,175,240,1,Rural,Y
Male,Yes,0,Not Graduate,No,38706,11155,327,360,1,Urban,Y
Male,Yes,2,Graduate,Yes,51759,48652,320,300,1,Urban,Y
Male,Yes,2,Graduate,No,34229,38791,57,360,1,Semiurban,Y
Male,No,2,Not Graduate,Yes,85136,3054,58,360,0,Rural,N
Female,No,3,Graduate,No,119512,11145,301,240,1,Urban,Y
Male,Yes,1,Graduate,No,18861,4922,145,300,1,Semiurban,Y
Female,Yes,0,Graduate,No,55485,40811,166,180,0,Semiurban,Y
Male,No,1,Graduate,No,113206,13775,205,300,1,Semiurban,Y
Female,Yes,0,Not Graduate,No,61957,59916,86,300,0,Urban,N
Male,No,2,Graduate,Yes,99687,7555,161,360,1,Semiurban,Y
Female,Yes,0,Not Graduate,No,113916,9685,193,180,0,Urban,N
Female,Yes,0,Graduate,No,13616,42269,281,360,1,Urban,Y
Female,No,0,Not Graduate,No,56329,4757,71,120,0,Urban,N
Male,Yes,0,Graduate,No,71744,36638,335,360,1,Urban,Y
Female,No,3,Not Graduate,No,105264,2618,297,240,1,Semiurban,Y
Male,Yes,0,Not Graduate,Yes,99849,2473,161,360,0,Urban,N
Male,Yes,3,Not Graduate,No,26726,50652,51,240,0,Rural,N
Female,Yes,0,Not Graduate,Yes,78026,38045,132,300,1,Urban,Y
Male,No,3,Graduate,No,30284,9742,231,480,0,Urban,N
Male,Yes,0,Graduate,No,53592,43443,204,240,0,Rural,N
Male,Yes,2,Not Graduate,No,41725,30769,82,360,0,Rural,N
Female,Yes,2,Graduate,No,31731,19088,250,300,1,Urban,Y
Female,Yes,0,Not Graduate,No,15008,953,104,360,1,Rural,Y
Male,No,1,Graduate,No,15391,12082,270,300,1,Semiurban,Y
Male,Yes,0,Not Graduate,No,40230,22830,66,360,0,Urban,N
Male,Yes,2,Graduate,Yes,27855,36042,112,360,0,Urban,N
Male,Yes,1,Graduate,Yes,48615,28940,173,360,0,Urban,N
Male,Yes,3,Graduate,No,25853,47068,226,360,1,Semiurban,Y
Female,Yes,0,Not Graduate,No,25412,27773,115,360,1,Urban,Y
Male,No,0,Graduate,No,27530,9424,93,300,0,Semiurban,N
Female,Yes,0,Graduate,No,107060,48209,64,300,1,Rural,Y
Female,Yes,0,Graduate,No,13289,56415,250,360,0,Semiurban,N
Male,Yes,2,Graduate,Yes,114055,50818,203,240,1,Rural,Y
Female,No,1,Not Graduate,No,85772,6313,130,360,1,Urban,Y
Male,Yes,2,Graduate,No,91270,58948,316,360,0,Rural,N
Female,No,1,Graduate,No,64221,11328,132,300,1,Semiurban,Y
Male,No,2,Not Graduate,No,109874,5490,160,180,1,Urban,Y
Female,No,0,Graduate,No,75394,5549,88,300,1,Rural,Y
Male,Yes,0,Not Graduate,No,22296,59255,350,480,1,Rural,Y
Male,Yes,1,Graduate,No,36417,21207,313,360,1,Urban,Y
Male,Yes,3,Not Graduate,No,64567,58834,102,180,1,Urban,Y
Male,Yes,2,Not Graduate,No,95798,55112,329,480,1,Semiurban,Y
Female,Yes,1,Graduate,Yes,94963,49230,325,480,0,Urban,N
Female,Yes,0,Graduate,Yes,53845,30338,325,300,0,Urban,N
Female,Yes,2,Graduate,No,52490,41891,118,480,0,Semiurban,N
Male,Yes,1,Graduate,No,13190,28448,157,240,1,Semiurban,Y
Male,No,1,Graduate,No,68188,12115,81,300,1,Urban,Y
Female,Yes,2,Graduate,Yes,35282,49350,186,240,1,Semiurban,Y
Male,Yes,2,Graduate,No,94035,44585,250,240,1,Rural,Y
Female,Yes,0,Graduate,No,15882,20183,229,360,1,Rural,Y
Male,Yes,0,Not Graduate,No,82088,49057,312,360,1,Rural,Y
Male,Yes,0,Graduate,No,65962,32471,258,360,0,Urban,N
Male,Yes,3,Graduate,No,20756,31652,76,300,0,Semiurban,N
Female,Yes,1,Graduate,No,108177,251,150,240,1,Semiurban,Y
Male,Yes,0,Graduate,Yes,52564,8941,230,360,1,Semiurban,Y
Male,Yes,0,Graduate,No,13736,59008,93,240,1,Urban,Y
Male,No,0,Graduate,Yes,66417,8027,170,480,1,Urban,Y
Male,Yes,0,Graduate,Yes,90386,47162,215,360,0,Urban,N
Male,Yes,3,Graduate,No,82807,27319,343,180,1,Urban,Y
Female,No,1,Not Graduate,No,38083,323,63,360,1,Urban,Y
Female,Yes,0,Not Graduate,No,62391,58000,91,240,1,Urban,Y
Male,No,2,Graduate,No,103019,4114,293,180,1,Urban,Y
Male,Yes,2,Graduate,No,49370,52156,100,240,0,Rural,N
Male,Yes,0,Graduate,No,53749,55337,260,360,0,Urban,N
Male,No,2,Graduate,No,66828,2334,238,180,1,Semiurban,Y
Female,Yes,2,Graduate,No,90728,731,312,240,1,Urban,Y
Male,No,0,Graduate,No,71069,4622,307,360,1,Urban,Y
Female,No,1,Graduate,No,73429,8398,306,360,1,Rural,Y
Male,Yes,0,Not Graduate,No,23580,57528,76,360,1,Semiurban,Y
Female,Yes,0,Graduate,Yes,38340,2449,266,360,0,Rural,N
Male,No,1,Graduate,No,99097,14368,197,360,1,Rural,Y
Male,Yes,3,Not Graduate,No,52437,53596,338,240,1,Rural,Y
Male,Yes,0,Graduate,No,108686,35137,142,300,1,Semiurban,Y
Male,Yes,1,Graduate,No,86055,27919,130,300,1,Rural,Y
Female,No,3,Graduate,No,73596,14186,268,360,0,Semiurban,N
Female,Yes,1,Graduate,No,41131,50435,94,360,1,Urban,Y
Male,Yes,3,Not Graduate,No,59240,40692,75,300,1,Urban,Y
Female,No,0,Not Graduate,No,75910,3562,217,480,1,Rural,Y
Male,No,1,Graduate,No,80260,6838,312,360,1,Semiurban,Y
Female,Yes,3,Graduate,No,63458,24664,249,240,1,Semiurban,Y
Male,Yes,0,Graduate,No,42709,41155,132,360,1,Rural,Y
Female,Yes,1,Graduate,No,38849,18196,319,300,1,Rural,Y
Female,No,1,Graduate,No,14395,7938,235,480,1,Semiurban,Y
Male,Yes,1,Not Graduate,No,87048,3495,79,180,0,Urban,N
Female,Yes,2,Graduate,Yes,23851,16381,145,180,0,Urban,N
Female,Yes,0,Graduate,No,118565,16942,292,360,1,Semiurban,Y
Male,Yes,0,Graduate,No,107878,24503,115,360,1,Rural,Y
Female,Yes,1,Graduate,No,55265,15209,64,300,0,Urban,Y
Male,No,2,Graduate,No,26996,9147,350,360,0,Urban,N
Male,Yes,3,Not Graduate,No,30280,37916,326,360,1,Semiurban,Y
Male,Yes,1,Graduate,Yes,99912,56238,326,300,1,Semiurban,Y
Male,No,1,Graduate,No,89131,8669,149,300,1,Rural,Y
Male,Yes,2,Graduate,No,14291,31539,270,180,1,Rural,Y
Female,Yes,0,Graduate,Yes,107349,42505,80,360,1,Semiurban,Y
Female,Yes,1,Not Graduate,No,116433,59825,111,360,1,Semiurban,Y
Male,Yes,0,Not Graduate,No,116456,53224,344,240,1,Rural,Y
Female,Yes,0,Graduate,No,108101,2539,65,360,0,Urban,Y
Female,No,3,Graduate,No,89395,14650,148,300,1,Urban,Y
Female,Yes,1,Not Graduate,No,63556,31166,174,360,1,Rural,Y
Male,No,1,Graduate,No,52398,6164,175,480,1,Semiurban,Y
Male,Yes,0,Not Graduate,No,93991,53198,161,300,1,Semiurban,Y
Male,Yes,1,Not Graduate,No,51800,13171,344,240,0,Rural,N
Female,Yes,0,Graduate,No,33748,3712,227,300,1,Semiurban,Y
Male,Yes,2,Graduate,Yes,60764,2330,77,360,1,Urban,Y
Male,No,3,Graduate,No,81118,151,269,360,1,Urban,Y
Male,Yes,3,Graduate,No,95588,47608,90,360,0,Urban,Y
Female,No,1,Graduate,No,24553,3118,271,360,1,Semiurban,Y
Male,No,0,Graduate,No,87784,12807,291,360,0,Urban,N
Male,Yes,1,Not Graduate,No,65423,13494,321,360,0,Rural,N
Male,Yes,3,Graduate,No,27056,2656,239,300,1,Semiurban,Y
Male,Yes,2,Graduate,No,65672,28606,54,360,1,Semiurban,Y
Male,No,0,Graduate,No,24915,4360,171,360,1,Urban,Y
Male,Yes,1,Graduate,No,112713,13226,150,480,1,Semiurban,Y
Male,Yes,3,Graduate,No,14198,40649,269,360,1,Semiurban,Y
Male,Yes,1,Graduate,No,19799,7289,277,300,1,Urban,Y
Female,No,0,Graduate,No,52282,6073,175,300,1,Semiurban,Y
Female,Yes,1,Not Graduate,Yes,64783,39568,123,360,1,Urban,Y
Female,Yes,1,Graduate,No,40643,2737,171,240,1,Rural,Y
Female,Yes,0,Graduate,No,53082,21475,80,240,0,Urban,Y
Female,No,0,Not Graduate,No,93369,8087,149,360,0,Urban,N
Female,No,3,Graduate,No,19625,11028,111,360,1,Rural,Y
Female,Yes,0,Graduate,No,77413,14654,61,360,1,Urban,Y
Female,Yes,0,Not Graduate,Yes,113149,30311,135,480,0,Urban,N
Female,No,1,Not Graduate,No,91239,5213,322,360,1,Rural,Y
Male,No,3,Graduate,No,58940,13092,328,360,1,Urban,Y
Male,Yes,3,Graduate,No,55499,29353,244,480,1,Rural,Y
Female,Yes,1,Graduate,Yes,44767,48673,223,360,1,Semiurban,Y
Female,No,3,Not Graduate,No,63241,8423,278,480,1,Urban,Y
Male,Yes,2,Graduate,No,74851,51414,122,360,1,Semiurban,Y
Male,Yes,0,Graduate,No,108526,55413,138,480,1,Urban,Y
Female,Yes,3,Graduate,No,93336,21903,330,480,1,Semiurban,Y
Female,Yes,2,Not Graduate,No,33573,41236,77,360,1,Urban,Y
Male,No,2,Graduate,No,114663,5045,301,360,1,Semiurban,Y
Female,Yes,3,Graduate,No,41791,49929,259,360,1,Semiurban,Y
Male,Yes,0,Graduate,No,108069,30613,337,360,1,Semiurban,Y
Male,No,0,Not Graduate,No,73647,372,340,360,1,Urban,Y
Female,Yes,0,Graduate,No,33490,26499,111,180,1,Rural,Y
Female,No,1,Graduate,No,104129,13324,196,360,1,Urban,Y
Female,Yes,0,Not Graduate,No,77588,6614,206,360,1,Semiurban,Y
Female,No,2,Graduate,No,40843,5176,239,360,1,Urban,Y
Female,Yes,1,Graduate,Yes,20979,6499,51,360,1,Urban,Y
Female,Yes,2,Graduate,No,101790,44065,149,240,1,Semiurban,Y
Male,Yes,3,Graduate,No,116139,24298,212,300,1,Urban,Y
Female,No,2,Graduate,Yes,44720,11207,65,360,1,Rural,Y
Female,Yes,2,Not Graduate,No,61635,5198,343,360,0,Urban,N
Male,Yes,1,Graduate,No,40702,52316,194,180,0,Rural,N
Male,Yes,2,Graduate,Yes,21088,16007,121,300,1,Semiurban,Y
Female,Yes,1,Graduate,No,75255,13165,191,360,1,Urban,Y
Male,No,3,Not Graduate,No,22731,9826,57,240,1,Rural,Y
Female,Yes,0,Graduate,No,43140,27067,205,360,1,Semiurban,Y
Female,No,0,Graduate,Yes,21970,229,260,300,1,Semiurban,Y
Female,Yes,3,Graduate,No,115553,41071,95,360,1,Rural,Y
Female,Yes,0,Graduate,No,68100,17146,255,240,1,Semiurban,Y
Male,Yes,0,Graduate,No,45651,48367,298,360,1,Rural,Y
Female,Yes,3,Graduate,No,55561,17642,106,300,1,Semiurban,Y
Male,No,1,Graduate,No,66181,10788,339,360,0,Urban,N
Female,Yes,2,Graduate,Yes,54708,1541,263,480,1,Semiurban,Y
Female,No,3,Graduate,No,113508,13328,278,360,1,Semiurban,Y
Male,Yes,1,Not Graduate,No,89641,15400,297,300,1,Rural,Y
Male,No,2,Graduate,No,23757,7526,61,360,1,Urban,Y
Female,No,0,Graduate,No,20028,3022,63,300,0,Semiurban,N
Female,Yes,3,Graduate,No,73432,25959,243,300,1,Urban,Y
Male,No,1,Graduate,No,114594,2590,253,360,1,Rural,Y
Female,Yes,3,Graduate,No,28874,32932,198,180,0,Semiurban,N
Female,No,0,Graduate,No,60694,2076,212,300,1,Semiurban,Y
Female,Yes,3,Graduate,No,28094,59663,91,300,1,Urban,Y
Male,Yes,1,Graduate,No,53506,9475,205,180,0,Rural,N
Female,Yes,1,Graduate,No,70465,26945,314,300,1,Rural,Y
Male,No,1,Graduate,No,64463,13463,56,240,1,Semiurban,Y
Female,Yes,0,Not Graduate,No,119607,31532,71,240,1,Urban,Y
Male,Yes,0,Graduate,No,95578,56535,296,180,1,Urban,Y
Female,Yes,1,Graduate,No,44834,22701,243,120,0,Semiurban,N
Male,No,0,Not Graduate,No,31798,12929,115,240,1,Urban,Y
Female,Yes,0,Graduate,No,37997,50120,336,240,0,Semiurban,N
Female,Yes,0,Graduate,No,97139,46641,210,480,0,Semiurban,N
Male,No,3,Graduate,No,86333,6226,74,360,1,Semiurban,Y
Female,Yes,1,Graduate,No,107801,48351,257,360,0,Urban,N
Female,Yes,1,Graduate,No,76133,39066,317,360,1,Rural,Y
Male,Yes,1,Graduate,No,18911,28451,168,480,0,Urban,N
Male,No,0,Graduate,No,35269,8182,333,480,0,Semiurban,N
Male,Yes,0,Graduate,No,85508,15053,184,300,1,Rural,Y
Male,Yes,3,Graduate,Yes,97729,6150,160,360,0,Urban,N
Female,Yes,2,Graduate,No,83826,15036,190,360,1,Semiurban,Y
Male,Yes,3,Graduate,No,83423,9279,212,180,0,Semiurban,N
Male,No,2,Graduate,Yes,77921,6573,345,240,1,Urban,Y
Female,No,1,Not Graduate,No,22589,10402,289,360,0,Semiurban,N
Female,Yes,3,Graduate,No,108630,528,268,180,1,Urban,Y
Male,No,1,Graduate,No,20312,6900,153,300,1,Urban,Y
Female,Yes,1,Not Graduate,No,89733,35901,232,300,1,Rural,Y
Male,Yes,3,Graduate,No,112405,21056,178,360,1,Urban,Y
Female,Yes,3,Graduate,No,37271,58717,126,300,0,Urban,Y
Male,Yes,3,Graduate,No,83061,1846,199,300,1,Rural,Y
Male,Yes,0,Graduate,No,115880,31495,273,360,1,Rural,Y
Female,Yes,0,Not Graduate,No,66081,54058,347,360,1,Semiurban,Y
Female,No,0,Graduate,No,31896,8014,137,360,1,Rural,Y
Female,Yes,0,Graduate,No,67499,23855,226,480,1,Rural,Y
Female,No,0,Graduate,Yes,30202,74,128,480,0,Semiurban,N
Female,Yes,1,Not Graduate,Yes,23450,53285,138,360,1,Rural,Y
Female,Yes,1,Graduate,No,83753,46625,331,240,1,Urban,Y
Female,Yes,1,Graduate,Yes,54481,42103,253,360,1,Rural,Y
Male,Yes,1,Not Graduate,No,91580,707,75,360,1,Rural,Y
Male,Yes,2,Graduate,No,112296,50612,270,360,0,Semiurban,N
Male,Yes,3,Not Graduate,No,13594,22653,175,360,1,Urban,Y
Male,Yes,1,Graduate,No,19995,37466,185,180,1,Urban,Y
Female,No,0,Not Graduate,No,118819,3069,207,300,1,Semiurban,Y
Female,Yes,0,Graduate,No,99693,55921,133,360,1,Semiurban,Y
Male,Yes,3,Not Graduate,No,111934,56638,131,360,1,Rural,Y
Male,Yes,0,Not Graduate,No,96569,30040,138,360,1,Urban,Y
Male,Yes,0,Not Graduate,No,53598,57689,237,300,0,Semiurban,N
Male,Yes,0,Graduate,Yes,69585,30659,335,360,1,Semiurban,Y
Female,No,2,Not Graduate,No,50114,6875,63,300,1,Rural,Y
Male,Yes,3,Graduate,Yes,29926,21690,55,360,1,Rural,Y
Male,Yes,1,Graduate,No,72102,50469,74,360,1,Semiurban,Y
Female,Yes,3,Graduate,No,61193,57935,282,480,1,Semiurban,Y
Male,No,3,Graduate,No,33162,9024,148,300,1,Urban,Y
Male,Yes,2,Graduate,Yes,16001,19729,205,360,1,Urban,Y
Female,Yes,0,Graduate,No,36247,53766,136,300,1,Rural,Y
Male,Yes,1,Graduate,No,43761,12936,184,300,1,Urban,Y
Female,Yes,3,Graduate,No,117494,9551,332,360,1,Urban,Y
Female,No,0,Graduate,No,77035,5723,345,300,1,Semiurban,Y
Female,No,3,Graduate,No,111745,9469,178,480,0,Rural,N
Male,Yes,2,Not Graduate,No,18958,27649,125,240,1,Semiurban,Y
Female,Yes,2,Graduate,No,46590,48788,191,360,0,Semiurban,N
Female,No,1,Graduate,No,55771,6585,262,120,1,Semiurban,Y
Male,Yes,2,Graduate,No,107716,3907,347,300,0,Urban,N
Male,Yes,1,Graduate,No,90526,50324,208,480,1,Rural,Y
Female,Yes,0,Graduate,No,95509,20950,164,300,1,Semiurban,Y
Female,Yes,0,Graduate,No,47580,39082,112,300,1,Urban,Y
Female,Yes,1,Graduate,No,90329,28743,242,360,1,Semiurban,Y
Female,Yes,3,Graduate,Yes,90056,4032,318,300,1,Urban,Y
Female,Yes,1,Not Graduate,Yes,107730,33059,268,480,0,Urban,N
Male,No,0,Not Graduate,No,30884,2636,180,360,1,Semiurban,Y
Male,Yes,2,Graduate,No,70938,33030,201,300,1,Semiurban,Y
Male,Yes,0,Graduate,No,51097,40251,169,360,1,Semiurban,Y
Male,Yes,0,Graduate,Yes,30249,54559,262,360,1,Semiurban,Y
Female,Yes,0,Graduate,No,63180,41148,315,480,1,Rural,Y
Female,Yes,0,Graduate,No,115519,21105,290,300,1,Semiurban,Y
Female,No,2,Not Graduate,No,100452,1353,322,360,1,Semiurban,Y
Male,Yes,0,Graduate,No,44937,27108,233,480,1,Urban,Y
Male,Yes,0,Graduate,No,70178,25258,328,180,0,Rural,N
Female,No,1,Graduate,No,28509,11569,111,180,1,Rural,Y
Female,Yes,0,Graduate,No,116942,45280,260,360,0,Urban,N
Female,Yes,0,Graduate,No,30225,52295,139,240,1,Semiurban,Y
Female,Yes,2,Graduate,No,104877,7262,76,360,1,Semiurban,Y
Male,Yes,1,Graduate,Yes,25460,58433,76,240,1,Urban,Y
Female,Yes,0,Graduate,Yes,96226,10587,210,120,1,Semiurban,Y
Male,Yes,1,Graduate,No,23146,32102,121,360,1,Semiurban,Y
Male,No,3,Graduate,No,112589,7208,347,300,1,Urban,Y
Male,Yes,0,Not Graduate,No,114076,911,109,120,1,Rural,Y
Female,Yes,3,Graduate,Yes,108580,13844,236,360,0,Rural,N
Male,Yes,0,Graduate,No,85949,19594,276,360,1,Semiurban,Y
Male,Yes,2,Graduate,No,22916,26558,90,300,1,Urban,Y
Female,Yes,0,Graduate,No,104615,48243,91,360,1,Rural,Y
Female,Yes,2,Graduate,No,95674,19852,309,360,1,Semiurban,Y
Male,No,1,Graduate,No,50847,11342,311,360,1,Urban,Y
Female,No,2,Graduate,No,113264,3265,111,360,1,Semiurban,Y
Female,Yes,2,Not Graduate,Yes,36935,10304,280,120,1,Urban,Y
Male,Yes,3,Not Graduate,Yes,112199,11358,178,240,0,Rural,N
Female,Yes,1,Graduate,No,91895,55046,57,360,1,Urban,Y
Female,Yes,2,Graduate,No,37391,20107,317,300,0,Urban,N
Male,Yes,0,Graduate,No,101746,6255,126,120,1,Rural,Y
Female,No,1,Graduate,No,118425,6625,214,360,1,Urban,Y
Female,No,1,Graduate,No,26743,14176,78,300,1,Rural,Y
Male,No,0,Graduate,No,61357,8182,61,240,1,Semiurban,Y
Male,No,1,Graduate,Yes,14577,7566,285,360,1,Urban,Y
Male,No,1,Not Graduate,No,19400,10383,270,360,0,Urban,N
Male,No,0,Graduate,No,89498,12795,189,480,1,Semiurban,Y
Male,Yes,3,Graduate,No,34803,39707,149,240,1,Urban,Y
Male,Yes,3,Not Graduate,Yes,89609,24953,228,360,0,Rural,N
Male,No,1,Graduate,No,56879,14932,225,300,1,Urban,Y
Female,Yes,0,Not Graduate,No,96881,11318,157,300,1,Rural,Y
Male,No,1,Not Graduate,No,48588,1589,114,360,0,Semiurban,N
Male,Yes,3,Not Graduate,No,45955,10226,213,360,0,Semiurban,N
Male,No,1,Not Graduate,No,24882,13557,284,360,1,Rural,Y
Female,No,1,Graduate,No,112549,6358,224,120,0,Urban,N
Male,No,1,Graduate,No,42225,7125,265,240,1,Urban,Y
Male,Yes,0,Graduate,No,55014,12936,52,180,1,Semiurban,Y
Male,Yes,3,Not Graduate,No,42674,6920,223,360,0,Semiurban,N
Male,Yes,0,Graduate,No,97843,31724,340,300,1,Semiurban,Y
Male,Yes,1,Graduate,No,70212,541,314,360,1,Urban,Y
Male,Yes,1,Graduate,Yes,109551,14501,115,360,1,Urban,Y
Female,Yes,0,Graduate,No,21380,11049,255,360,1,Urban,Y
Male,No,1,Graduate,No,115837,13346,269,360,1,Semiurban,Y
Male,Yes,0,Graduate,No,88169,47931,308,480,1,Urban,Y
Female,Yes,1,Graduate,Yes,91239,59771,179,360,1,Semiurban,Y
Male,Yes,1,Graduate,No,19124,51773,208,360,1,Semiurban,Y
Male,Yes,2,Graduate,No,48435,14367,51,180,0,Semiurban,N
Female,Yes,2,Not Graduate,Yes,21631,3748,292,300,0,Urban,N
Female,Yes,0,Graduate,No,39576,50283,295,300,1,Semiurban,Y
Male,Yes,0,Not Graduate,No,52018,37188,91,240,1,Rural,Y
Female,Yes,1,Not Graduate,No,115447,34929,223,240,1,Urban,Y
Male,Yes,0,Graduate,No,73555,39790,122,240,1,Rural,Y
Male,Yes,0,Not Graduate,No,67050,34836,340,360,0,Urban,N
Male,No,0,Graduate,No,53495,3430,66,180,1,Semiurban,Y
Female,Yes,2,Not Graduate,No,119930,43179,61,180,1,Semiurban,Y
Female,Yes,2,Graduate,No,28647,17975,190,120,0,Urban,N
Male,Yes,0,Graduate,No,46865,5345,69,480,0,Urban,N
Female,Yes,1,Graduate,Yes,44659,47339,167,360,0,Urban,N
Female,Yes,0,Not Graduate,No,47995,5426,209,120,1,Urban,Y
Male,No,1,Not Graduate,No,21016,6631,113,360,0,Semiurban,N
Male,No,0,Not Graduate,Yes,52449,6487,179,360,1,Rural,Y
Male,Yes,2,Graduate,No,104784,55790,126,480,1,Semiurban,Y
Female,No,2,Graduate,No,38476,14471,286,180,1,Rural,Y
Male,Yes,0,Graduate,No,48417,53008,308,180,1,Semiurban,Y
Female,Yes,2,Not Graduate,Yes,82949,11813,285,240,1,Semiurban,Y
Male,No,2,Graduate,No,25710,7849,337,240,1,Urban,Y
Female,Yes,0,Not Graduate,No,61315,1524,105,300,1,Urban,Y
Male,Yes,1,Graduate,No,31901,36653,143,240,1,Semiurban,Y
Male,Yes,1,Graduate,Yes,32186,16301,216,360,0,Semiurban,N
Male,Yes,3,Graduate,No,82149,32335,349,360,1,Urban,Y
Female,Yes,1,Graduate,No,113811,39174,194,300,1,Semiurban,Y
Male,Yes,0,Graduate,Yes,25051,39049,181,360,1,Urban,Y
Female,Yes,0,Graduate,Yes,111510,18557,307,360,1,Semiurban,Y
Male,Yes,2,Not Graduate,Yes,43302,28258,57,300,1,Urban,Y
Female,Yes,0,Graduate,No,106194,56247,216,360,1,Urban,Y
Male,No,0,Not Graduate,No,49817,8810,219,300,1,Rural,Y
Female,Yes,1,Graduate,No,88715,30742,161,120,1,Urban,Y
Male,Yes,1,Graduate,No,112924,53419,235,360,1,Rural,Y
Male,No,2,Not Graduate,No,37620,14417,61,300,1,Urban,Y
Male,No,3,Not Graduate,No,22393,11888,280,360,0,Urban,N
Male,Yes,3,Graduate,No,15034,56696,132,360,1,Urban,Y
Male,No,0,Graduate,No,64561,8020,149,360,1,Semiurban,Y
Female,Yes,3,Graduate,No,53868,26719,171,240,1,Urban,Y
Male,No,1,Graduate,No,118790,10542,302,300,1,Semiurban,Y
Female,Yes,2,Graduate,No,90102,44543,304,480,1,Semiurban,Y
Female,Yes,0,Graduate,No,112203,53947,110,300,1,Semiurban,Y
Female,Yes,3,Not Graduate,No,114041,20335,349,240,0,Rural,N
Male,Yes,0,Graduate,No,96260,44141,188,360,1,Semiurban,Y
Female,No,2,Graduate,Yes,13356,1288,53,360,1,Rural,Y
Male,Yes,2,Graduate,No,52296,29466,99,240,1,Urban,Y
Female,No,1,Not Graduate,No,101863,14052,310,180,1,Rural,Y
Male,Yes,0,Graduate,No,113566,12147,218,360,1,Semiurban,Y
Female,Yes,0,Graduate,No,76907,20301,80,180,1,Semiurban,Y
Female,No,1,Graduate,No,111735,1479,348,480,1,Urban,Y
Female,No,1,Graduate,No,59515,6315,265,180,0,Semiurban,N
Male,No,0,Not Graduate,Yes,116189,10973,281,360,1,Semiurban,Y
Female,No,0,Graduate,No,18069,8726,319,300,1,Urban,Y
Male,Yes,2,Graduate,No,14278,53094,127,300,0,Semiurban,N
Female,Yes,3,Not Graduate,Yes,13380,23459,73,120,1,Rural,Y
Female,Yes,1,Graduate,No,118698,58009,300,300,1,Rural,Y
Female,No,0,Graduate,No,13116,6825,178,240,1,Urban,Y
Female,Yes,2,Graduate,Yes,55263,8511,343,360,1,Rural,Y
Male,No,1,Graduate,No,58978,13345,187,360,1,Semiurban,Y
Male,Yes,1,Graduate,No,13887,44475,178,180,1,Rural,Y
Female,Yes,1,Graduate,No,51650,22248,325,360,1,Urban,Y
Female,Yes,1,Not Graduate,No,110060,28544,260,300,1,Rural,Y
Male,Yes,2,Graduate,No,86852,26158,110,240,1,Semiurban,Y
Male,Yes,1,Graduate,No,41215,1242,307,120,1,Semiurban,Y
Female,Yes,0,Graduate,No,52713,2047,263,360,1,Urban,Y
Male,Yes,1,Not Graduate,No,28724,9370,89,480,0,Urban,N
Male,Yes,2,Graduate,No,96875,50690,328,480,1,Urban,Y
Male,Yes,1,Not Graduate,No,80409,41838,292,240,1,Urban,Y
Female,Yes,0,Graduate,No,63517,43909,186,180,1,Rural,Y
Male,Yes,0,Not Graduate,No,12628,40932,189,480,0,Semiurban,N
Female,Yes,2,Graduate,No,31502,52374,161,360,1,Urban,Y
Female,Yes,0,Graduate,No,94835,42304,85,360,1,Rural,Y
Female,Yes,0,Not Graduate,No,74761,10849,59,240,1,Semiurban,Y
Male,Yes,0,Graduate,Yes,111853,39058,121,300,0,Rural,N
Male,Yes,3,Not Graduate,No,103249,18048,237,480,1,Rural,Y
Female,No,0,Graduate,No,75948,12561,53,240,0,Urban,Y
Male,Yes,1,Graduate,No,38106,39970,119,360,1,Rural,Y
Male,Yes,3,Not Graduate,No,80529,43206,334,120,0,Rural,N
Male,Yes,2,Graduate,Yes,85605,15575,135,480,1,Semiurban,Y
Male,Yes,3,Graduate,No,57920,9843,150,240,0,Urban,N
Male,Yes,2,Graduate,No,33354,21701,279,480,1,Semiurban,Y
Female,Yes,0,Graduate,No,77219,14758,116,120,1,Rural,Y
Male,No,1,Not Graduate,No,38656,7412,321,360,1,Urban,Y
Female,Yes,3,Graduate,No,110094,18508,111,360,1,Semiurban,Y
Male,Yes,2,Graduate,No,88693,19645,302,360,1,Rural,Y
Male,Yes,0,Not Graduate,No,59305,54472,242,360,1,Semiurban,Y
Female,Yes,1,Graduate,Yes,87862,41346,301,360,1,Semiurban,Y
Male,No,1,Not Graduate,No,28737,12096,259,360,1,Urban,Y
Male,Yes,2,Graduate,Yes,38720,31264,62,360,1,Urban,Y
Male,Yes,1,Graduate,No,82945,58654,158,180,1,Semiurban,Y
Female,Yes,2,Graduate,No,93822,7107,146,240,0,Semiurban,Y
Male,No,2,Graduate,No,57647,894,201,300,1,Semiurban,Y
Male,No,2,Graduate,No,83049,6077,312,480,1,Urban,Y
Female,Yes,2,Graduate,No,91004,31235,129,300,1,Semiurban,Y
Female,Yes,0,Graduate,No,83884,21145,239,480,0,Rural,N
Female,Yes,0,Not Graduate,No,38605,18141,227,240,0,Semiurban,N
Female,Yes,0,Not Graduate,Yes,105686,5241,79,480,1,Semiurban,Y
Female,No,2,Graduate,No,110302,4036,191,180,1,Urban,Y
Male,Yes,2,Graduate,No,53618,7537,228,300,1,Urban,Y
Female,No,0,Graduate,Yes,76604,3164,344,360,1,Rural,Y
Male,Yes,2,Graduate,No,99105,22207,289,480,1,Rural,Y
Female,Yes,0,Graduate,Yes,79139,42819,244,300,1,Urban,Y
Female,No,2,Graduate,No,31734,14788,272,300,1,Rural,Y
Female,Yes,0,Graduate,No,24607,14002,62,360,1,Semiurban,Y
Female,Yes,1,Graduate,No,40557,9553,271,360,1,Semiurban,Y
Male,No,0,Graduate,No,112705,4890,132,120,1,Urban,Y
Male,Yes,0,Graduate,No,22155,26489,195,480,0,Semiurban,N
Female,No,1,Graduate,No,29377,3225,91,300,1,Rural,Y
Female,Yes,1,Graduate,No,118326,857,156,180,1,Urban,Y
Female,Yes,3,Graduate,No,23173,30865,205,300,1,Semiurban,Y
Female,Yes,1,Graduate,No,49299,18407,321,300,0,Semiurban,N
Female,Yes,3,Graduate,No,106158,52631,238,300,1,Urban,Y
Male,Yes,1,Graduate,Yes,26084,27496,349,180,1,Semiurban,Y
Male,Yes,3,Graduate,No,94859,11953,121,480,1,Urban,Y
Male,Yes,0,Graduate,No,63254,30470,94,300,1,Rural,Y
Female,Yes,3,Not Graduate,No,13946,33139,290,480,1,Urban,Y
Male,Yes,3,Graduate,Yes,26799,50976,323,360,1,Semiurban,Y
Female,Yes,2,Graduate,No,77720,9169,301,240,1,Semiurban,Y
Female,Yes,1,Graduate,No,108110,55114,348,480,1,Urban,Y
Female,Yes,0,Not Graduate,No,55565,59505,57,480,1,Semiurban,Y
Male,No,1,Graduate,No,57378,9731,350,360,1,Semiurban,Y
Female,Yes,3,Graduate,No,57758,54001,153,300,1,Rural,Y
Female,Yes,3,Graduate,No,23882,55055,81,360,0,Urban,Y
Female,Yes,1,Graduate,No,57411,27453,163,240,1,Semiurban,Y
Female,Yes,1,Not Graduate,No,49718,40673,154,360,1,Semiurban,Y
Male,Yes,2,Graduate,No,37038,9762,331,360,1,Semiurban,Y
Female,Yes,3,Graduate,No,51116,17729,68,300,1,Semiurban,Y
Male,No,0,Graduate,No,106421,11665,110,360,1,Semiurban,Y
Male,Yes,1,Graduate,No,118404,24732,275,180,1,Urban,Y
Female,Yes,0,Graduate,No,79442,7091,238,360,1,Urban,Y
Male,Yes,3,Graduate,No,107681,39269,107,180,1,Rural,Y
Male,Yes,2,Graduate,Yes,87439,43455,189,180,1,Urban,Y
Male,No,3,Not Graduate,No,85736,265,275,240,1,Urban,Y
Female,Yes,0,Not Graduate,No,24210,51207,138,480,1,Semiurban,Y
Male,Yes,0,Graduate,Yes,52087,44919,107,360,0,Rural,N
Female,Yes,0,Graduate,No,37956,15993,333,180,1,Urban,Y
Female,Yes,3,Graduate,No,71112,43650,287,360,0,Urban,N
Female,Yes,0,Graduate,Yes,53424,58910,271,360,1,Urban,Y
Male,Yes,0,Not Graduate,No,58726,53915,82,300,1,Semiurban,Y
Male,Yes,0,Not Graduate,No,56447,3497,145,180,1,Semiurban,Y
Male,Yes,1,Graduate,No,40806,45627,276,180,1,Semiurban,Y
Male,No,0,Not Graduate,No,19471,14861,274,180,0,Rural,N
Male,Yes,2,Graduate,Yes,12494,52526,290,480,1,Urban,Y
Female,Yes,0,Graduate,No,37932,43398,279,360,1,Semiurban,Y
Male,Yes,0,Not Graduate,Yes,58867,30685,142,360,1,Rural,Y
Female,Yes,0,Not Graduate,No,80024,46054,132,360,1,Rural,Y
Male,No,0,Not Graduate,No,35980,12705,160,240,1,Urban,Y
Female,No,3,Not Graduate,No,63867,10465,196,300,1,Semiurban,Y
Male,Yes,1,Graduate,No,41288,42981,333,480,1,Rural,Y
Female,Yes,2,Graduate,No,93187,12906,54,360,0,Rural,N
Male,Yes,0,Not Graduate,No,106299,57656,238,360,1,Semiurban,Y
Male,Yes,2,Not Graduate,No,42890,29880,72,480,1,Semiurban,Y
Female,Yes,2,Graduate,No,40155,12364,242,360,1,Urban,Y
Male,No,1,Not Graduate,Yes,110219,1660,284,360,1,Semiurban,Y
Male,Yes,0,Not Graduate,No,35270,8399,345,300,1,Urban,Y
Male,No,1,Graduate,No,74236,1369,149,480,1,Semiurban,Y
Male,Yes,2,Graduate,No,64654,58566,76,480,1,Rural,Y
Female,No,0,Graduate,No,80006,4428,313,300,1,Urban,Y
Female,Yes,0,Not Graduate,No,101189,38374,174,480,1,Rural,Y
Male,No,1,Graduate,No,75104,3488,94,300,1,Rural,Y
Male,Yes,1,Graduate,No,92373,4539,233,360,1,Urban,Y
Male,Yes,0,Not Graduate,No,73294,52080,217,480,1,Semiurban,Y
Female,Yes,1,Graduate,No,71024,51009,154,180,1,Semiurban,Y
Male,Yes,1,Graduate,No,65002,34148,223,360,1,Urban,Y
Male,Yes,0,Graduate,No,116926,30662,129,480,1,Rural,Y
Female,Yes,0,Not Graduate,No,115412,7140,90,360,1,Rural,Y
Female,Yes,0,Not Graduate,No,59731,39583,269,240,1,Semiurban,Y
Male,Yes,1,Graduate,No,85643,18445,128,360,1,Urban,Y
Female,Yes,1,Graduate,Yes,109214,1872,165,480,0,Urban,N
Male,No,1,Not Graduate,No,49994,6609,156,240,1,Semiurban,Y
Female,Yes,1,Graduate,No,51958,3060,152,240,1,Rural,Y
Male,Yes,0,Graduate,No,112387,2765,260,360,1,Semiurban,Y
Male,No,2,Graduate,No,86856,3594,237,180,1,Urban,Y
Female,No,0,Graduate,No,36832,14201,146,360,1,Rural,Y
Male,Yes,1,Graduate,No,84527,43363,133,360,1,Urban,Y
Female,Yes,2,Graduate,No,65660,45871,200,360,1,Rural,Y
Female,Yes,1,Graduate,No,64264,55788,229,240,1,Semiurban,Y
Female,Yes,0,Graduate,No,50561,41669,175,240,1,Urban,Y
Female,Yes,3,Graduate,No,27460,52071,96,240,0,Semiurban,Y
Male,Yes,0,Graduate,No,15370,36596,194,240,1,Rural,Y
Female,No,1,Graduate,No,92407,13676,275,360,1,Semiurban,Y
Male,No,2,Graduate,No,31008,888,298,240,1,Semiurban,Y
Male,Yes,2,Graduate,No,52153,8686,237,180,1,Urban,Y
Female,Yes,1,Graduate,Yes,86873,25819,294,240,1,Rural,Y
Female,No,3,Graduate,No,114424,7657,295,120,1,Rural,Y
Female,Yes,0,Graduate,No,31820,36109,126,360,1,Semiurban,Y
Male,No,3,Not Graduate,No,13035,2666,335,480,1,Urban,Y
Female,No,0,Graduate,Yes,26714,13230,299,360,1,Semiurban,Y
Male,No,2,Graduate,Yes,57724,7212,58,360,1,Semiurban,Y
Female,No,2,Graduate,No,36155,3515,51,360,1,Semiurban,Y
Female,Yes,1,Not Graduate,No,88436,14812,294,300,1,Rural,Y
Male,Yes,1,Graduate,No,105407,28158,326,360,1,Rural,Y
Female,No,0,Graduate,Yes,59937,7168,253,360,0,Rural,N
Female,Yes,1,Graduate,No,107285,58320,95,360,1,Semiurban,Y
Female,No,1,Graduate,No,83971,871,344,480,1,Rural,Y
Female,Yes,0,Graduate,Yes,95513,1552,135,240,0,Urban,N
Male,Yes,0,Graduate,Yes,112612,56591,192,300,1,Rural,Y
Male,Yes,0,Not Graduate,Yes,116592,1758,66,240,1,Urban,Y
Female,Yes,0,Graduate,Yes,64435,58443,350,300,1,Rural,Y
Female,Yes,0,Graduate,No,19658,1903,254,300,1,Semiurban,Y
Female,Yes,1,Graduate,No,62144,16595,138,180,1,Rural,Y
Male,No,1,Graduate,No,104116,60,109,360,0,Rural,N
Male,Yes,2,Not Graduate,No,90627,47989,203,360,1,Urban,Y
Female,Yes,1,Graduate,Yes,60885,33198,85,360,1,Urban,Y
Male,No,0,Not Graduate,No,28032,10550,87,240,1,Semiurban,Y
Male,No,1,Not Graduate,No,26124,3761,138,360,1,Urban,Y
Female,Yes,0,Graduate,No,27296,42228,72,240,0,Rural,N
Female,Yes,1,Graduate,No,114521,4059,330,360,1,Semiurban,Y
Male,Yes,1,Graduate,No,56960,59167,118,360,1,Semiurban,Y
Male,Yes,0,Graduate,No,105726,26092,337,240,1,Urban,Y
Male,Yes,0,Graduate,No,83151,48709,248,360,1,Semiurban,Y
Male,Yes,1,Graduate,No,49228,7635,103,360,1,Semiurban,Y
Male,Yes,3,Graduate,No,35172,45058,112,360,1,Rural,Y
Female,Yes,0,Graduate,No,70566,20932,339,360,1,Semiurban,Y
Female,No,3,Not Graduate,No,16637,5248,295,360,0,Rural,N
Male,No,1,Graduate,No,105438,4410,310,240,1,Urban,Y
Male,Yes,0,Graduate,No,98220,13911,217,180,1,Semiurban,Y
Male,Yes,1,Graduate,No,29397,18266,316,240,1,Rural,Y
Male,Yes,0,Graduate,No,53312,15293,159,240,0,Rural,N
Female,Yes,3,Not Graduate,Yes,41550,33883,223,360,0,Rural,N
Female,Yes,3,Graduate,No,13689,45993,309,360,1,Semiurban,Y
Male,Yes,0,Graduate,No,116035,58336,147,180,1,Urban,Y
Male,Yes,1,Graduate,Yes,111793,18086,66,300,1,Rural,Y
Female,No,0,Not Graduate,Yes,74117,9788,195,300,0,Urban,N
Male,No,0,Not Graduate,No,20770,12361,105,360,1,Semiurban,Y
Male,No,0,Graduate,No,60657,12106,250,240,0,Semiurban,N
Male,Yes,2,Graduate,No,100638,44369,283,120,1,Semiurban,Y
Male,No,1,Graduate,Yes,115060,5384,261,180,1,Semiurban,Y
Female,Yes,3,Graduate,No,100014,3998,275,360,1,Semiurban,Y
Female,Yes,0,Graduate,No,103458,7931,117,120,0,Semiurban,Y
Female,No,0,Graduate,Yes,17042,1708,204,240,1,Rural,Y
Female,Yes,1,Not Graduate,No,53743,7011,167,480,0,Rural,N
Male,No,0,Graduate,No,15418,2022,145,300,0,Urban,N
Male,Yes,0,Graduate,No,101646,54330,178,120,1,Urban,Y
Female,No,1,Graduate,No,115460,6128,224,240,1,Urban,Y
Female,Yes,1,Graduate,No,68375,31503,71,360,1,Urban,Y
Female,Yes,0,Graduate,No,100988,19405,66,360,1,Rural,Y
Male,Yes,1,Graduate,No,97289,36735,97,300,1,Urban,Y
Female,Yes,0,Graduate,No,70928,20203,341,480,1,Semiurban,Y
Female,No,0,Not Graduate,No,45326,7907,72,300,0,Urban,N
Male,No,1,Graduate,No,86080,6994,319,360,1,Urban,Y
Female,Yes,1,Graduate,No,13037,34245,170,480,0,Urban,N
Male,Yes,1,Graduate,No,79710,57539,264,180,0,Semiurban,N
Female,No,2,Not Graduate,Yes,76899,4172,330,360,0,Rural,N
Male,Yes,0,Not Graduate,No,22385,44239,349,480,0,Semiurban,N
Male,Yes,0,Graduate,No,37222,12946,230,180,0,Urban,N
Female,Yes,2,Graduate,No,76371,6860,195,300,1,Rural,Y
Male,Yes,3,Graduate,Yes,66693,7600,300,240,1,Urban,Y
Female,Yes,0,Graduate,Yes,41738,46849,153,300,1,Urban,Y
Female,Yes,0,Graduate,No,22038,42400,97,300,1,Semiurban,Y
Male,No,3,Graduate,No,20464,6239,55,300,1,Urban,Y
Male,Yes,0,Graduate,Yes,112075,18210,121,300,1,Rural,Y
Male,Yes,1,Graduate,No,77269,52244,64,180,1,Rural,Y
Male,Yes,0,Graduate,No,82760,41153,189,360,0,Semiurban,N
Female,Yes,2,Graduate,No,50221,38454,331,180,1,Semiurban,Y
Female,Yes,0,Graduate,No,48350,52124,301,180,1,Urban,Y
Male,Yes,3,Graduate,No,103198,28499,93,240,1,Rural,Y
Female,No,1,Graduate,No,54293,1674,244,180,1,Rural,Y
Female,No,1,Graduate,No,63481,3350,155,360,1,Semiurban,Y
Female,No,0,Graduate,Yes,85587,3758,52,120,0,Urban,N
Female,No,0,Graduate,No,53618,9530,266,480,1,Semiurban,Y
Male,Yes,2,Graduate,No,90387,40841,114,180,0,Urban,Y
Male,Yes,0,Graduate,No,68314,53548,152,360,1,Semiurban,Y
Female,Yes,1,Not Graduate,No,89645,21436,333,360,1,Semiurban,Y
Female,Yes,1,Graduate,No,116324,48808,245,300,1,Semiurban,Y
Male,Yes,2,Not Graduate,No,84238,32985,232,360,1,Rural,Y
Male,Yes,2,Graduate,No,51023,38761,82,360,1,Urban,Y
Female,Yes,0,Not Graduate,No,100300,17999,339,360,0,Urban,N
Male,Yes,0,Graduate,No,118872,46481,347,360,0,Urban,N
Male,No,3,Graduate,No,85272,13177,204,240,0,Rural,N
Male,Yes,3,Graduate,No,77788,30352,197,360,1,Urban,Y
Male,Yes,2,Not Graduate,No,86623,41254,74,180,1,Rural,Y
Male,Yes,1,Graduate,No,118072,3883,204,360,1,Urban,Y
Female,Yes,0,Graduate,No,116572,38849,311,300,1,Semiurban,Y
Male,No,2,Graduate,No,118170,3666,306,480,1,Semiurban,Y
Male,No,1,Graduate,Yes,79670,9212,234,480,1,Urban,Y
Female,No,1,Graduate,No,18948,10801,53,180,1,Urban,Y
Female,Yes,1,Graduate,No,78126,50624,301,300,0,Rural,N
Female,Yes,0,Graduate,No,67043,1208,136,480,0,Semiurban,N
Female,Yes,3,Not Graduate,No,75969,13045,241,360,1,Rural,Y
Female,No,3,Graduate,No,42192,5751,291,300,1,Urban,Y
Male,No,3,Graduate,No,55236,11708,244,300,1,Semiurban,Y
Male,No,3,Not Graduate,No,88262,13155,249,480,1,Semiurban,Y
Female,No,0,Graduate,No,14435,10384,274,360,1,Urban,Y
Female,No,1,Graduate,No,85498,799,67,360,1,Rural,Y
Male,Yes,0,Not Graduate,Yes,72965,9039,264,360,0,Rural,N
Female,Yes,0,Graduate,Yes,60968,59957,116,240,0,Urban,N
Male,Yes,1,Not Graduate,No,39578,57965,268,360,0,Semiurban,N
Female,Yes,1,Not Graduate,No,89838,10644,72,360,1,Urban,Y
Male,Yes,0,Graduate,No,34905,6943,101,360,1,Semiurban,Y
Female,Yes,0,Graduate,No,111496,56640,191,300,1,Semiurban,Y
Male,Yes,0,Graduate,No,83247,6726,290,360,1,Semiurban,Y
Female,No,1,Not Graduate,Yes,37652,499,62,300,1,Semiurban,Y
Female,No,2,Graduate,No,66295,12098,284,180,1,Semiurban,Y
Male,Yes,2,Not Graduate,Yes,15029,46246,277,240,1,Rural,Y
Female,Yes,1,Graduate,No,104309,4147,51,300,1,Urban,Y
Male,Yes,1,Graduate,No,72866,35756,189,180,0,Urban,N
Female,Yes,2,Graduate,No,50980,30513,258,180,1,Semiurban,Y
Female,Yes,2,Graduate,No,62627,56412,87,360,1,Urban,Y
Female,Yes,0,Graduate,No,39014,31809,323,300,1,Urban,Y
Female,Yes,1,Graduate,No,81042,34755,256,360,1,Rural,Y
Female,No,1,Graduate,No,70329,1481,260,360,1,Urban,Y
Male,Yes,1,Graduate,No,55250,54677,115,360,0,Urban,Y
Male,Yes,0,Graduate,Yes,30389,38903,103,360,1,Semiurban,Y
Male,Yes,3,Graduate,Yes,33144,52398,329,300,1,Rural,Y
Male,No,1,Not Graduate,No,22857,12247,304,360,0,Urban,N
Male,No,2,Graduate,No,30790,13243,184,480,1,Urban,Y
Male,No,1,Graduate,No,63797,8009,109,180,1,Semiurban,Y
Male,No,2,Graduate,No,77381,10029,249,360,1,Semiurban,Y
Female,No,2,Graduate,No,52605,11362,158,300,1,Urban,Y
Male,No,1,Not Graduate,No,73187,1647,58,360,1,Semiurban,Y
Female,Yes,2,Graduate,No,114462,12693,54,360,1,Semiurban,Y
Female,No,1,Graduate,No,112667,7456,280,360,0,Urban,N
Female,Yes,2,Graduate,No,96728,51429,299,360,0,Urban,N
Male,Yes,2,Not Graduate,No,40241,23835,169,180,1,Urban,Y
Female,Yes,1,Not Graduate,No,76282,57327,312,360,1,Rural,Y
Male,Yes,3,Not Graduate,No,24078,3118,164,360,1,Urban,Y
Male,Yes,1,Graduate,No,96636,16630,180,300,1,Rural,Y
Female,Yes,1,Graduate,No,51811,9832,310,240,1,Semiurban,Y
Female,Yes,2,Graduate,Yes,68212,27596,297,180,1,Semiurban,Y
Female,Yes,0,Not Graduate,No,85649,12553,269,360,1,Urban,Y
Female,Yes,2,Graduate,No,94847,39109,235,240,0,Semiurban,N
Female,Yes,0,Graduate,No,103237,6338,63,360,1,Rural,Y
Male,No,1,Not Graduate,Yes,28687,5100,228,360,1,Semiurban,Y
Male,No,3,Graduate,No,30450,13962,222,180,0,Semiurban,N
Female,Yes,1,Not Graduate,No,98150,18921,80,180,1,Urban,Y
Male,No,2,Not Graduate,No,109722,772,324,300,1,Urban,Y
Male,Yes,0,Not Graduate,No,104158,36229,51,360,1,Rural,Y
Male,Yes,0,Not Graduate,No,103898,43832,228,360,1,Rural,Y
Female,Yes,1,Graduate,No,87261,48078,320,360,1,Semiurban,Y
Female,Yes,1,Not Graduate,No,27815,16457,121,360,1,Urban,Y
Male,Yes,2,Graduate,No,36253,47714,92,120,1,Semiurban,Y
Male,No,1,Graduate,Yes,55869,1559,56,480,1,Semiurban,Y
Male,No,2,Graduate,No,29495,9180,228,300,1,Urban,Y
Male,No,3,Graduate,No,29415,9057,177,240,1,Semiurban,Y
Female,Yes,2,Not Graduate,No,85614,53334,265,300,1,Urban,Y
Male,Yes,0,Not Graduate,No,80557,44446,253,120,1,Urban,Y
Female,No,0,Not Graduate,No,115258,1553,223,180,1,Urban,Y
Male,No,0,Graduate,Yes,25379,6864,213,120,1,Semiurban,Y
Male,Yes,2,Not Graduate,Yes,29499,29374,66,180,1,Semiurban,Y
Male,No,0,Graduate,No,95908,12622,289,480,1,Urban,Y
Female,Yes,1,Graduate,No,118207,54843,120,360,1,Rural,Y
Male,Yes,2,Graduate,Yes,83451,34217,62,360,1,Semiurban,Y
Male,No,0,Graduate,No,41478,10576,246,480,1,Rural,Y
Male,Yes,0,Not Graduate,No,90476,10000,307,360,1,Semiurban,Y
Male,Yes,2,Graduate,No,109043,22020,312,300,1,Rural,Y
Male,Yes,2,Graduate,No,45945,12248,320,480,0,Semiurban,N
Male,No,2,Graduate,Yes,58177,8890,137,300,1,Urban,Y
Female,Yes,1,Not Graduate,No,49106,27572,167,360,1,Urban,Y
Male,Yes,0,Graduate,No,21270,32431,125,360,1,Semiurban,Y
Male,No,3,Graduate,No,14182,14840,104,360,1,Urban,Y
Female,Yes,1,Graduate,No,72465,7205,137,240,0,Urban,Y
Female,Yes,0,Not Graduate,No,16411,10045,103,360,0,Rural,N
Female,Yes,2,Graduate,No,60764,34120,197,360,0,Semiurban,N
Female,Yes,3,Graduate,Yes,67243,16266,64,300,1,Semiurban,Y
Male,Yes,0,Graduate,No,42284,28316,201,360,1,Rural,Y
Male,Yes,2,Graduate,No,74029,42118,225,360,0,Semiurban,N
Female,Yes,1,Graduate,No,97795,24766,243,360,1,Urban,Y
Female,No,0,Graduate,No,66945,3437,324,300,1,Urban,Y
Female,Yes,3,Graduate,No,73221,37427,228,360,1,Semiurban,Y
Female,Yes,1,Graduate,No,35691,58289,148,360,1,Urban,Y
Female,Yes,3,Graduate,No,64941,12656,126,360,1,Rural,Y
Female,Yes,1,Graduate,No,38715,30562,236,480,1,Semiurban,Y
Male,Yes,0,Graduate,No,95537,42501,257,180,0,Urban,N
Male,Yes,2,Graduate,No,48102,34756,233,360,1,Semiurban,Y
Male,No,3,Graduate,No,26700,8407,120,480,0,Rural,N
Male,Yes,3,Graduate,No,85604,28718,346,360,1,Semiurban,Y
Female,Yes,2,Graduate,No,80817,36746,141,300,1,Rural,Y
Male,Yes,0,Not Graduate,No,38886,50636,60,360,0,Semiurban,N
Male,Yes,1,Graduate,No,118967,59191,153,360,1,Semiurban,Y
Male,No,1,Not Graduate,No,41419,2655,295,300,1,Urban,Y
Female,Yes,0,Not Graduate,No,72945,5973,324,180,1,Rural,Y
Female,Yes,3,Graduate,No,53425,46366,53,300,0,Urban,Y
Female,Yes,1,Graduate,Yes,26114,41360,232,360,1,Urban,Y
Female,Yes,2,Graduate,No,21108,29846,341,180,1,Semiurban,Y
Male,Yes,1,Graduate,No,57199,47254,290,180,1,Urban,Y
Male,Yes,1,Graduate,No,19231,55113,118,360,1,Urban,Y
Female,Yes,2,Graduate,Yes,30681,17612,207,360,0,Urban,N
Female,Yes,1,Graduate,No,63588,4387,121,480,1,Semiurban,Y
Female,No,0,Not Graduate,Yes,109739,3545,291,180,1,Semiurban,Y
Male,Yes,1,Graduate,No,45117,28297,244,360,1,Rural,Y
Female,No,2,Not Graduate,No,47842,14636,128,360,1,Semiurban,Y
Male,Yes,0,Graduate,No,81740,4174,229,480,1,Urban,Y
Female,Yes,2,Graduate,No,76353,27918,246,360,1,Semiurban,Y
Male,Yes,1,Graduate,No,89199,9682,142,180,0,Rural,N
Male,Yes,1,Not Graduate,No,36640,26620,92,240,1,Urban,Y
Female,Yes,3,Graduate,No,101771,10103,199,180,1,Urban,Y
Female,Yes,0,Graduate,No,54253,48647,196,480,1,Urban,Y
Male,No,3,Graduate,No,102943,5056,134,360,1,Rural,Y
Male,No,1,Not Graduate,No,58930,10013,310,480,1,Urban,Y
Male,No,0,Graduate,No,80226,7638,145,360,0,Urban,Y
Male,Yes,1,Graduate,No,29470,45084,57,360,1,Urban,Y
Female,Yes,3,Graduate,No,111186,57531,187,300,1,Urban,Y
Male,Yes,0,Graduate,No,38843,52645,268,360,1,Urban,Y
Female,Yes,0,Graduate,No,24836,29791,286,300,1,Urban,Y
Male,Yes,0,Graduate,No,104065,39043,328,240,1,Rural,Y
Male,Yes,0,Graduate,No,51335,6283,147,120,1,Urban,Y
Female,Yes,2,Graduate,No,46692,12450,318,240,1,Rural,Y
Male,No,2,Not Graduate,Yes,98422,3432,263,360,1,Semiurban,Y
Male,Yes,3,Graduate,No,80877,13376,220,360,1,Rural,Y
Female,Yes,3,Graduate,No,91077,46306,130,360,0,Urban,Y
Female,Yes,0,Graduate,No,97812,46689,240,300,1,Semiurban,Y
Male,Yes,1,Not Graduate,No,61861,8504,131,360,1,Semiurban,Y
Male,Yes,0,Graduate,No,96625,52568,72,480,1,Rural,Y
Female,No,3,Graduate,No,35315,6847,210,360,1,Semiurban,Y
Female,Yes,1,Not Graduate,No,53977,36710,328,360,1,Urban,Y
Male,Yes,1,Graduate,No,31662,58099,274,180,0,Urban,N
Male,Yes,3,Graduate,No,44668,22783,326,180,0,Urban,N
Female,Yes,1,Graduate,No,35597,42047,329,240,1,Urban,Y
Female,Yes,2,Graduate,No,112721,6243,97,360,1,Semiurban,Y
Male,No,2,Graduate,No,16707,6353,244,300,1,Urban,Y
Female,Yes,1,Graduate,No,38364,34454,93,300,1,Semiurban,Y
Female,Yes,2,Graduate,No,26366,56602,273,120,0,Rural,N
Male,No,2,Graduate,No,58273,950,235,360,0,Rural,N
Female,Yes,0,Graduate,No,115591,37573,332,360,1,Semiurban,Y
Female,Yes,0,Graduate,No,85994,59015,136,360,1,Rural,Y
Male,Yes,1,Graduate,No,42173,9959,339,300,0,Semiurban,N
Male,No,0,Not Graduate,No,69244,13787,309,120,1,Rural,Y
Male,No,0,Not Graduate,No,97242,14392,269,480,1,Semiurban,Y
Female,Yes,2,Graduate,Yes,112896,43045,286,480,1,Semiurban,Y
Male,Yes,3,Graduate,No,70144,42664,135,360,1,Semiurban,Y
Female,Yes,0,Graduate,No,20901,49799,244,360,1,Rural,Y
Female,Yes,0,Not Graduate,No,34450,134,237,300,0,Urban,N
Female,Yes,2,Graduate,No,34760,49031,66,360,1,Semiurban,Y
Female,Yes,0,Graduate,Yes,45217,42652,249,120,1,Rural,Y
Male,No,0,Not Graduate,No,30296,14818,250,300,0,Urban,N
Female,Yes,0,Graduate,No,68491,32382,171,240,1,Urban,Y
Male,Yes,2,Graduate,No,117277,22263,96,360,1,Semiurban,Y
Female,Yes,0,Not Graduate,No,91908,18118,140,120,0,Semiurban,N
Male,Yes,0,Graduate,No,82282,58178,227,480,0,Semiurban,N
Male,Yes,0,Not Graduate,Yes,96558,45289,220,300,0,Urban,N
Male,No,0,Graduate,No,52090,1866,276,180,1,Urban,Y
Male,No,1,Graduate,Yes,104017,8935,147,180,1,Urban,Y
Male,Yes,1,Not Graduate,No,66031,38643,238,180,0,Semiurban,N
Male,No,0,Not Graduate,No,54490,3503,301,240,0,Semiurban,N
Male,Yes,0,Graduate,No,49584,9661,150,360,1,Urban,Y
Male,No,0,Graduate,No,13399,9170,72,360,1,Semiurban,Y
Female,Yes,0,Graduate,No,106865,51610,168,240,1,Rural,Y
Female,Yes,0,Graduate,No,56940,48966,240,480,1,Urban,Y
Female,Yes,0,Not Graduate,No,53719,15878,190,360,1,Rural,Y
Female,Yes,3,Graduate,No,22909,4406,72,360,1,Semiurban,Y
Male,Yes,3,Graduate,No,85290,2490,184,480,1,Semiurban,Y
Female,Yes,0,Not Graduate,No,109357,19691,316,360,1,Rural,Y
Male,Yes,0,Not Graduate,Yes,40566,12246,106,360,1,Semiurban,Y
Female,Yes,1,Not Graduate,Yes,105535,8494,196,480,1,Urban,Y
Female,No,1,Graduate,No,118367,5210,117,360,1,Rural,Y
Female,Yes,0,Graduate,Yes,99775,2119,241,240,1,Semiurban,Y
Female,Yes,2,Graduate,No,79901,43856,297,300,1,Urban,Y
Female,Yes,1,Graduate,No,35607,52839,214,360,1,Semiurban,Y
Female,No,1,Graduate,No,77523,10306,165,360,1,Urban,Y
Female,Yes,0,Graduate,No,119846,19375,303,480,1,Urban,Y
Female,Yes,1,Graduate,No,41757,24836,140,120,1,Rural,Y
Male,Yes,0,Graduate,No,85271,4547,335,240,1,Semiurban,Y
Male,No,3,Not Graduate,Yes,97950,14080,169,360,1,Urban,Y
Male,Yes,1,Graduate,No,76319,15886,267,360,1,Semiurban,Y
Male,No,1,Graduate,Yes,71945,11978,186,300,1,Semiurban,Y
Male,Yes,0,Graduate,No,32185,33360,124,240,1,Urban,Y
Male,Yes,3,Graduate,Yes,21377,33634,87,480,1,Urban,Y
Male,Yes,3,Graduate,No,21215,10820,54,360,1,Semiurban,Y
Female,No,1,Not Graduate,No,92963,4033,253,360,1,Urban,Y
Female,Yes,2,Not Graduate,No,101614,50664,54,360,0,Rural,N
Female,Yes,0,Graduate,No,75383,4131,312,240,1,Rural,Y
Male,Yes,0,Graduate,Yes,18253,40294,349,360,0,Rural,N
Male,No,3,Graduate,Yes,109062,11525,327,360,1,Urban,Y
Male,No,0,Graduate,No,46762,2068,187,240,1,Urban,Y
Female,Yes,3,Not Graduate,No,113617,51556,199,360,1,Semiurban,Y
Male,Yes,1,Graduate,No,95425,15765,192,300,0,Semiurban,N
Female,No,1,Graduate,No,84208,6121,235,360,1,Semiurban,Y
Male,Yes,1,Graduate,No,56905,35923,292,360,1,Urban,Y
Male,Yes,2,Graduate,Yes,77502,32872,133,480,1,Rural,Y
Male,No,0,Not Graduate,No,105702,13570,277,240,1,Urban,Y
Male,Yes,3,Graduate,No,66181,41442,226,240,1,Rural,Y
Female,No,2,Graduate,No,56655,8680,211,360,1,Urban,Y
Female,Yes,0,Graduate,No,58923,38693,97,300,0,Urban,Y
Female,Yes,0,Not Graduate,No,78418,39810,155,360,1,Urban,Y
Male,No,0,Graduate,No,16206,13303,94,240,0,Semiurban,N
Male,Yes,0,Graduate,No,30084,43249,189,240,1,Urban,Y
Male,Yes,0,Not Graduate,No,19824,29964,194,360,1,Rural,Y
Male,Yes,2,Graduate,Yes,73918,11826,135,360,1,Rural,Y
Female,Yes,3,Graduate,No,95594,52399,311,360,1,Rural,Y
Female,Yes,1,Graduate,No,74472,9906,242,180,0,Semiurban,N
Female,No,0,Graduate,No,104109,8130,226,240,1,Rural,Y
Male,Yes,0,Not Graduate,No,89663,29008,182,360,1,Semiurban,Y
Male,Yes,0,Not Graduate,No,12016,11725,274,300,0,Semiurban,N
Male,Yes,0,Not Graduate,No,113845,23512,299,240,1,Urban,Y
Male,No,1,Graduate,No,107426,7978,210,360,0,Urban,N
Female,No,1,Not Graduate,No,20028,14527,323,300,1,Urban,Y
Male,Yes,1,Graduate,No,20248,20094,187,360,1,Urban,Y
Male,Yes,0,Not Graduate,Yes,74032,18849,206,240,1,Semiurban,Y
Female,Yes,0,Not Graduate,No,68471,34103,224,360,1,Semiurban,Y
Male,Yes,0,Not Graduate,No,45227,26268,144,360,1,Rural,Y
Male,Yes,1,Not Graduate,Yes,55424,58323,153,360,1,Urban,Y
Female,No,2,Not Graduate,No,71147,9707,101,360,1,Semiurban,Y
Male,Yes,3,Graduate,No,85586,39453,251,360,1,Semiurban,Y
Female,Yes,2,Graduate,No,59928,37398,136,300,1,Semiurban,Y
Female,Yes,3,Graduate,Yes,89458,20596,120,240,1,Urban,Y
Female,Yes,0,Graduate,No,112623,5417,125,360,1,Urban,Y
Female,Yes,1,Not Graduate,No,118030,12990,148,180,1,Urban,Y
Male,Yes,0,Graduate,No,94479,56787,303,300,1,Urban,Y
Female,No,0,Graduate,No,61183,474,310,480,1,Semiurban,Y
Female,No,2,Not Graduate,No,108967,3231,326,300,1,Urban,Y
Female,Yes,1,Graduate,No,81175,17819,79,300,1,Urban,Y
